# Resource object code (Python 3)
# Created by: object code
# Created by: The Resource Compiler for Qt version 6.9.2
# WARNING! All changes made in this file will be lost!

from PySide6 import QtCore

qt_resource_data = b"\
\x00\x01P\x9e\
\x89\
PNG\x0d\x0a\x1a\x0a\x00\x00\x00\x0dIHDR\x00\
\x00\x01\xcc\x00\x00\x01\xcc\x08\x06\x00\x00\x00X\xdb\x98\x86\
\x00\x00\x80\x00IDATx\x9c\xec\xfd{\xac\x5c\xc7\
}'\x88\xd79\xfd\xbe\xdd}\xdf\x0f\xbe\xdf\xd4\x83\x12\
I\x99/Y\x92-F\xb6\xe5HNl\x8f\x930v\
b{\x9cqf8\xb6\x12\xfe\xf2cFp\x10\xecb\
/\x84\xfdk\x81\x01f\x06\x01\x06H0\x18\xcc\xfc\xb7\
\xd8`\x81\xc5\xeeNv13\xc1F;\x1eY\xa6\x22\
;\x9a\xc44%\x8a\x14\xef%\xef\xab\xef\xbd\xfd~?\
\xceY|\xdb\xfd\xbd)\x16\xeby\xce\xe9\xbe\x97d\x7f\
\x80Fw\x9fS\xf5\xad:u\xaa\xeaS\xdfoU}\
+L\x86\x18b\x08\x19\xac\xef\x7f\xff\xfb\xf1p8\x9c\
j\xb7\xdb\xf1H$\x12\xb7,+\xe18N\x9c\x10\x92\
\xb0m;\xee8N4\x12\x89D]\xd7\x8dX\x96\x15\
\x86o\xdb\xb6#\xf0\x1d\x0a\x85\xc2\xf0\x1b\xe2\xd8\xb6\x9d\
&\x84\x8c\x12B\xd2\xb6m\x8f\xb8\xae;B\x08IF\
\x22\x91D(\x14\x8a\xe1\x07\xee\x11B\xa2\x8e\xe3T:\
\x9dN\xb9\xfd\xf7h\x84B\xa1j$\x12\xa9\x85\xc3\xe1\
j\x22\x91(\xc1'\x12\x89Tl\xdb\xae;\x8e\xd3r\
]\xb7\xdd\xe9t\xe0\xe3V*\x95p\xadV\x0b\xb7\xdb\
m\xcbq\x1c\xc7\xb2\xacF\xa7\xd3\x81O\xddu\xddj\
\xa7\xd3\xa9\xb9\xae\xdb\xec}J\x96e\x95{\xf7j\x8e\
\xe3\xd4Z\xadV-\x97\xcb5\xfe\xfc\xcf\xff\xbc\xb3\xdd\
/a\x88!v\x02\xac\xed\xce\xc0\x10Cl3\xac\xcb\
\x97/\x87c\xb1X\xa2\xd5j\xc5GFFb@\x8c\
\x14)\x02\x89E\xc3\xe1\xf0\x88m\xdb\x93\xae\xeb\xeeu\
]w\x8e\x102nY\xd6\xa8eY\xd3\x96e%m\
\xdb\xee\x92^\x8f\x18\xa3 \xd8q\x1c\xb7\xd5jY\xad\
V\xcbv\x1c\xc7v]\xd7&\x84\xd8\x96e\x01\x81A\
\xdb\xb3\x80\xcc:\x9d\xce\xd6w\x22\x91\xb0\xf6\xec\xd9c\
\x8d\x8d\x8d\x91\xcd\xcdMwii\xc9\x0d\x85B\xaem\
\xdb$\x1c\x0e\xbb\xd1h\xd4\xb5,\x0b?\x0e~l\xdb\
v \x5c,\x16\x83pv8\x1cv\x22\x91H\xc3\xb2\
\xac\x1a\x10%|\xdb\xb6]\xb0m;\xe78N5\x14\
\x0ae-\xcb\xca\xb7\xdb\xedj\xb3\xd9$\xe5r\xd9\x81\
O\xab\xd5j7\x9b\xcd:\x90\xa7\xeb\xba\x15BH\xad\
\xd3\xe9\xe4\xc2\xe1\xf0\x9a\xe38\xd9\xc9\xc9\xc9\xf2[o\
\xbd\xe5l\xf7K\x1bb\x88\xed\xc0\x900\x87x\xacp\
\xf1\xe2\xc5\xf0\xe9\xd3\xa7\xc7\x08!\x93@t=R\x04\
\x8d\x10x,\xdc\xd3\xf0\xc6m\xdb\xdeM\x08\x99s\x1c\
g\x8feYOD\x22\x91\xbd\x84\x90p\xa3\xd1h\x97\
\xcb\xe5P\xa1P\x88U\xab\xd5\xb8\xeb\xba\xa0QZ\xbd\
\xb6\xd4%B\xf8\x0f\x04gY\xd6}\x1f\x1e\x5c\xd7\xdd\
\xfa\x0e\x85Bd\xf7\xee\xdd\xe4\xd8\xb1c$\x1a\x8d\x92\
B\xa1@n\xdd\xba\x05\xc4\xb9\x15\x9e'\x07\xaeAz\
t\x9a\x80\x1e\x89\x82\xdc.\xe9\x86\xc3\xe1N4\x1am\
\x8e\x8f\x8f7R\xa9T;\x12\x89\x84\x80\xc8;\x9d\x0e\
h\xb2\xcb\xa1P\xe8\x8e\xeb\xba\x1b\x8e\xe3l\x82f[\
\xaf\xd7[\xa0e\x82\xd6\xe98N9\x14\x0amt:\
\x9d\xf5f\xb3\x99\x8bF\xa3\xf9\x7f\xf9/\xffe\xbdo\
/j\x88!v \x86\x849\xc4#\x89K\x97.\x85\
\xd2\xe9\xf4\xc8\xd4\xd4T\xb2\xddn\xa7z\xe48\xd2\xe9\
t\xa2\x96eE\xc2\xe1\xf0\x18\x90b\xb3\xd9\xdc\xdfj\
\xb5\x0e\x86B\xa1\xdd\xd1ht:\x16\x8b\x8dG\x22\x91\
h\xbd^w\x8b\xc5b\xa4T*Es\xb9\x5c\xb4T\
*\x01\xb9\x10\xd4\xf6\x80`\x7f\xc1U\xd6\x03\x84E\x04\
\xc4\xa6\x02h\x95G\x8f\x1e%333]\xf2\xect\
:daa\x81\xdc\xb8qC+>\x9b&\xc8\xa0\xf3\
\x04\xf9wA\xcd\xb5A\xd1%.h\xb5\xedv\x1b\xee\
\xbb@\xa0\x93\x93\x93\xcdt:\xddL&\x93\x10\x0f\xee\
\x17\x1c\xc7\xd9\xb0m{9\x1a\x8d\xde\x8dD\x22\xcb\x8e\
\xe3\x14\xea\xf5z\xbd\x5c.7\x08!\xf9N\xa7\xb3\x09\
a\x1c\xc7\xc9\xdb\xb6]\xfe\x93?\xf9\x93&\xc86~\
\xf8!\x86x\x080$\xcc!\x1e\x09\x9c8q\x22\xf4\
\xca+\xaf\x8c;\x8e3\x16\x8dFG\x81 ]\xd7\x05\
\x92\x8b\x86B\xa19\xdb\xb6\x0f\xb8\xae\xbb\x8f\x10\xb27\
\x14\x0a\x1d\x8b\xc7\xe33\xadV\xcb*\x97\xcb\x91b\xb1\
\x18\xabT*\xe1j\xb5j\xc3\xa7\xd9l\x82\x96\xd8\xed\
\xf4\x81\x18\xc3\xe1\xf0\x16\xf1\xf44\xb6\xfb\x88\x88x$\
H\x1a\x90\xc6\x9e={\xc8\xf1\xe3\xc7I,\x16\xeb^\
\x83,lll\x90\x8f>\xfa\xa8\xabm\x9a\x02\xe2\xf7\
H\xb2\xfb\x01\x02\x86\xff\xec}\xd2#S\xb8\x0f\xcf\x0d\
\xcf\x12\x89DH\x22\x91p\x93\xc9d\x07>@\xa4\xa3\
\xa3\xa3\x8dX,\x06\xda3\x90\xe2'\x91H\xe4\xc3V\
\xab\x95m\xb7\xdb\x1b\xcdfs\xa3\xd5j\x95@3\x0d\
\x85B\x99N\xa7\x93\xa9\xd7\xeb\x85\x5c.W\x1e\xce\x81\
\x0e\xf1\xa8`H\x98C<48}\xfat8\x91H\
t\x17\xdb\xbc\xfc\xf2\xcb\xf1l6\x1b\x89\xc5b\xb1H\
$2\xea\xba\xeeqB\xc8\xf1H$2\xe98\xcet\
\xb5Z\xddW\xadV\xf7\xd6j\xb5t\xa7\xd3\xb1]\xd7\
\x8d6\x9b\xcdP\xa3\xd1\x88\xd4j5\xbb\xd1ht\xd5\
,V3\x042D\x82\xc4\xeb\xf8\x1b\xe1\x97\x1cY\x80\
\xec\xe9\xe9\xe9\xae)vtt\xf4\xbe\xb4\x80\xc4\x96\x96\
\x96\xc8\x87\x1f~HZ\xad\xd6}\xf1hs.\x92\x1f\
\x84\x07\xad\x11~\xc37\xfc\xef\x11!7m$\x7f\xd6\
\x84L\x93-\x9d\x06\xe67\x91H\x00\x91\xb6\xe3\xf1x\
+\x12\x89\xb4C\xa1Pgdd\xa4\x9eL&WS\
\xa9T\xc6\xb2\xacB\xab\xd5\xca\xb9\xae\xbb\xec\xba\xee\xf5\
f\xb3\x09\xdai\xf9\xddw\xdf-\x11B\xaa\xb6m\xd7\
Z\xadV\xe3\xfd\xf7\xdfo\x05Z\x98C\x0c\xd1G\x0c\
\x09s\x88\x1d\x8b\xcb\x97/G\x08!c\xf1x|\xc2\
\xb2\xacq\xcb\xb2\xba\xab\xbaC\xa1P\xcau\xddc\x8d\
F\xe3y\xcb\xb2\x9e\x89\xc7\xe3s\x95J%}\xf7\xee\
\xddT\xa1P\x085\x9b\xcdng\xef8\x8eEw\xfa\
\xa4Gv\xd1h\xb4\xab\xc5!Q\xa0\xd6\xa8kNE\
B\x11}\xb32\xf0\x9e\x08@\x92\xb4)\x96M\xa7\xd1\
h\x90;w\xeet\xe73i\x8d\x11\x08\x11H\x14\x9e\
\x17~\xd3\xe4F\x7f\xd3\xf9R\x81.\x03\xc8\x0bh\x9a\
\xf0\x81\xff\xa8\xa1\x82,H\x97N\x936M\x87B!\
\x17\xe2\x8c\x8e\x8ev&''[{\xf7\xee\xad\x84\xc3\
\xe1\x0c!\xe4\xc3p8\xfcs\xc7q\xeeV\xab\xd5R\
\xab\xd5*\xdb\xb6\xbdaY\xd6Z\xbd^\xdf\xdc\xd8\xd8\
(\x0e\xb5\xd1!v2\x86\x849\xc4\x8e\xc2\xa5K\x97\
B\xbbv\xedJZ\x96\xb5\xc7\xb6\xed\x09 \xbdH$\
\x92t]\xf7H\xbb\xdd>\xe7\xba\xee\xa9X,\xb6\xbb\
\xd3\xe9$777\x13\xa0e\x02I6\x1a\x0d\x8b\xee\
\xd0\x11l\xc7\x8f\x04\x89Z$\xd1$\xc8~\x01\xf2\xb0\
o\xdf\xbe\xfbL\xb14\xe0\x99\x80\x10A\xcb\xbc~\xfd\
:\xa9V\xab\xdd\xff\xa85\xd2\x9a\x9f)X\x92\xe7\x81\
\xd6:!\xaf0\xd8\x80\xb2\xa3\xb5Z N\xd4f\xd9\
x\x10\x07\xca}rr\xb2K\x9eSSS\xcdt:\
]w\x1c\x07\xb4\xd0\x1b\xe1p\x18\xb4\xcf\xa5z\xbd^\
\xe8t:yB\xc8J\xa5RY\xfc7\xff\xe6\xdf\xe4\
==\xd4\x10C\xf4\x11C\xc2\x1cb\xbba]\xbdz\
5^\xab\xd5&\xc3\xe1\xf0d4\x1aM:\x8e\x13\xb2\
m{\xaf\xeb\xba\xaft:\x9dS\xd1ht\x1f\x10d\
6\x9b\x8dg\xb3\xd9\x18\x12dO\x8b|\x80$Y\x82\
\xa4\xb5H\x96$e\xda\xe2 \x00$y\xe2\xc4\x092\
;;\xdb\xcd\x1f\xce5\xa2\x06\x87s\x8c@\x94\xef\xbe\
\xfb.\xc9f\xb3\x9e\x09R\x05\x95\xd6L(\x22\x84\xbc\
\xc6\xe3\xf1-\x8d\x18\xf3\xc9\xcb;\xa1L\xdf\xbdw\xe3\
\x8e\x8e\x8e:@\x9e333\x8dT*Uw]w\
\xcdu\xdd\x1b@\xa2\x95J\xe5f\xbb\xdd^p\x1cg\
\xa9Z\xadn\xec\xdf\xbf\xbf2\xdc\xca2\xc4N\xc0\x90\
0\x87\xd8\x0eX\x97/_N\xa4\xd3\xe9\x19B\xc8t\
\xab\xd5J\x84B\xa1\x90eY\xfb\x1d\xc79\xef\xba\xee\
s\xa1P\xe8h.\x97\x1b\xdd\xd8\xd8H\xa8\x08\x92\xf4\
:r\xe8\xc0i-\x92]\x9c\x13\xe4\x22\x9d\xa001\
1A\x9e{\xee\xb9\xae\xd6\x06D\x03\x1f\x1e!\xc2\xb5\
\x1f\xfd\xe8Gdyyy[\xf2I\xe7\x83&S\xd4\
\x22\x81\xf8A\xfb$\x7f\xbf\x1a\xb7\xfb\x0d\xda0\xfbL\
4\xe9\xf64P \xd0\xce\xf4\xf4tcnn\xae\x1e\
\x8f\xc77\x09!\x7f\xdd\xe9tn\xd4j\xb5[\xae\xeb\
\xae\xba\xae\xbb\xd4l63C\xb3\xed\x10\xdb\x89\x9d\xd1\
k\x0c\xf1X\xe0\xec\xd9\xb3\x91\x97^zi\xb7m\xdb\
\xd3\xedv;a\xdb\xb6\x1b\x0e\x87\xf7\xbb\xae\xfb\x85N\
\xa7s\xba\xddnOT\xab\xd5\x89\xcd\xcd\xcd\xf4\xe6\xe6\
f\xa4\xd5jY\x22\x82D@\xa7\x0b\x9d5j\x94@\
<\xec\xbe\xc7Ak\x8d&\xd8\xb3g\x0f9x\xf0`\
\x978T\x9a\xe3\xad[\xb7\xc8O\x7f\xfa\xd3\x81\xe5M\
\x06\x9e6\xce\x92'\xfc\xc7\x85HH\x9c\xb4\xd6\x89`\
\x08\xd4M\xa7\xd3\xce\xde\xbd{+\x93\x93\x93\xf9\x91\x91\
\x91\x5c$\x12Y\xe8t:?n\xb5Z\x1f\xd6\xeb\xf5\
\x1c!d\xa5\xd5je\xa6\xa7\xa7\x0bo\xbd\xf5V{\
\x1b\x1e\x7f\x88\xc7\x14;\xaf\x07\x19\xe2\x91\xc3w\xbe\xf3\
\x9d\xf8\xe8\xe8\xe84!dw$\x12\x01Mr\x97\xe3\
8\xbfdY\xd6\xcb\x8e\xe3\xec\xcdd2\x91\xd5\xd5\xd5\
t\xa9T\xb2q\xf3?=\x1fF\x03;V\x9cK\xc3\
\xf9H\x1eQ\xee4\xb0\xabO\x81\x5c\x8e\x1f?\xde]\
\xec\xa3\x93\xef\xcd\xcdM\xf2W\x7f\xf5W\xdd\xdf\xfd2\
\xcb\x06\x05\x9a<\xe1\x83\xcf\x0d\x1f\x5c\xa8\xc4#O\x8c\
\x1b\x0e\x87\xbb\xde\x8cFFF\x9c\xdd\xbbw\xd7\xf7\xef\
\xdf_K&\x93y\xc7q~\x02\xdag\xb9\x5c\xbe\xd3\
j\xb5r\x96e\xdd\xaa\xd5jK\x7f\xf6g\x7f6\x5c\
m;D\xdf\xb1s{\x97!\x1ej\x00INNN\
N9\x8e3cYV\x92\x10\xe2\x84B\xa1S\xadV\
\xebw,\xcb:X(\x14\x12\xcb\xcb\xcb\xe9B\xa1`\
\xf7\xb6>X\x22\x12\xe8u\xa0\x0f\x90\xa4\xc9\xca\xd6 \
\xa0Z\x1d+Z%K\x183%\x9a*\x13\x89\x049\
u\xeaT\xd7a\x81\x8e\xfcj\xb5\xda\xd50WWW\
\xb9\xf9\x93\xe5Eg\x81O\xbf\x00\xc4\x19\x8f\xc7\xb7V\
&S{>\xbb\xe5\xa0\x22\xcf\x9e\xa7\x22\x92L&\xdd\
}\xfb\xf6\xd5v\xef\xde]\x8d\xc5b\xeb\xae\xeb\xfeu\
\xbb\xdd\xfe\xabF\xa3\xb1\xe8\xban\xa6\xd1h\xac\x87B\
\xa1\xdc\x9f\xfc\xc9\x9f4\x06\xfe\x90C<\x16\x18\x12\xe6\
\x10\x81\xe1\xe2\xc5\x8b\xe1'\x9f|r<\x1e\x8f\x83\x06\
9f\xdb\xb6\xdb\xf3\xb0s\xdeq\x9c/:\x8e\xf3\xf4\
\xe2\xe2\xe2d6\x9b\x0d\xf5VUZ\xa2\x8e\x920\xe6\
V\x96$\x07I\x90\xc4#!\xb3\xfb#\x91\x1c\xe0\xd9\
\xe19\xf6\xef\xdfON\x9e<\xd9}.\x1d\x80\x9c\x9b\
7o\x92\xbf\xfb\xbb\xbf\x0b\x94\xf8\x06A\xa2\xf8\xce\xe0\
Yy&[\x5c,\xa4\xa1yv\xb5\xcf\xb1\xb11g\
\xef\xde\xbd\xf5\xb9\xb9\xb9\x15\xdb\xb6\xff2\x12\x89\xfc\xb4\
X,\xae\xb5\xdb\xed\xbcm\xdb\xeb\xf5z}yvv\
\xb60\x5c,4D\x90\x18\x12\xe6\x10~a}\xfb\xdb\
\xdf\x1eI\xa5Rs\xe1px\xba\xe7\x8f5\xe48\xce\
\x89v\xbb\xfd%\xdb\xb6O\xb7Z\xad\xb1\x95\x95\x95\xe4\
\xda\xdaZD\xd6!\x22z\x1b\xe3\xbb\x9d*\x92e\xd0\
$\xd9\xaf\xd5\xb14I\xa2\xf9\xb1^\xaf\xdf\xb7j\x14\
\xeeOLL\x90\xa7\x9ez\xaa\xeb;\x96vT\xa0\x92\
\x9d\xc9d\xc8\xcf\x7f\xfe\xf3\xae\x07\xa0~A\xb6J6\
\x08\xa0Y\x1d\xcd\xb58\x7f\x8b+\x84\x1b\x8dF\xb7\xcc\
d\xe9\xe2\xc2\xae\xb1\xb1\xb1\xce\xd1\xa3G\xeb\x93\x93\x93\
%\xdb\xb6o\x87\xc3\xe1\x1f\xb6\xdb\xed\xffV\xadV7\
\x09!PH+\xf7\xee\xdd[\xff\xf3?\xff\xf3f\xa0\
\x0f1\xc4c\x89!a\x0e\xe1\x19o\xbc\xf1\xc6\xa8m\
\xdb\x87]\xd7\x1d\xe9-\xe09\xd0n\xb7_\xb7,\xeb\
\xd3\x8e\xe3\xcc\xac\xae\xae&\xd7\xd7\xd7c\xb5Z\xcdB\
-B\x04\xdc\xaf\x87fW\xf8\xa6M\xaeA\xa3\x1fr\
\x91$\x81\x1c\xa1\xc3\xc7\xc1\x01\xbbW\x12\x9e\xf3\xc0\x81\
\x03\xe4\xe9\xa7\x9f\xee\x9a*M\x002o\xdd\xba\xd5\xdd\
\x93\xb9\x1d\xe6\xd5 \xd3\xc4yNx\xdf\xb8\xc2\x19\xb5\
N\x91S\x06\x16T|wff\xa6\xb5o\xdf\xbe\xfa\
\xd8\xd8X\xceu\xdd\x9fY\x96\xf5\xc3z\xbd\xfe\xf3F\
\xa3\x91\x0d\x85B\xab\xf9|~\xe5\xdf\xfe\xdb\x7f[\x0a\
\xec\x01\x86x\xec0$\xcc!La}\xf7\xbb\xdfM\
\xa5R\xa9]\x96eME\xa3\xd1\xe9N\xa7\xf3\x8a\xeb\
\xba\xbf\xe48\xce\xfe\xf5\xf5\xf5\xc4\xda\xda\xdaH\xa9T\
\xb2\xe9\xb9*\xae\xa0\x9e\xcfR$I\xfc\xb0~Zw\
*P\xfb\xa25\xcaj\xb5\xfa\x80v\xc4jl\xe3\xe3\
\xe3]\xb2\xdc\xb5k\xd7}\x9e}T\xc0\xb4\xd6\xd6\xd6\
\xc8\xcf~\xf63\x92\xcb\xe5\xb4\xe7S\x83&\xd7 \xb5\
P\xda-!h\x9c\x89DbK\xebD\x87\x08@\x9e\
\xa0y\xca\x16\x83\xa1\xd6\x99H$\x9c\xdd\xbbw7\x80\
<S\xa9\xd4f\xbb\xdd~\xcfu\xddw+\x95\xcaM\
B\xc8Gccc\x0b\xc3\xd5\xb5Cx\xc1\xce\xef\x95\
\x86\xd8V\x9c8q\x22\x94J\xa5F\x9e}\xf6\xd9\xf4\
\xd8\xd8X\xda\xb2\xac}\xadV\xebiB\xc8\xc1j\xb5\
\xfa\x99B\xa1p\xa2Z\xadv\x1d\x98\xd7j5[\xe6\
}\x06\x09\x92^\xc0\x83\x9d\xdc \x17\xefx\x01M\x0a\
\xb4\x87\x1b\xdc\xa4\x8f\x1f\x15q\x00\x19\x8c\x8e\x8en\xb9\
\xe7\xa3\xe5OOO\x93\xbd{\xf7n]C\xe7\xebK\
KK\xf7]\x83\xb4k\xb5Z\x970\x81DL\xb1\x9d\
\x0b\x80t\x80\xabk\xe9A\x14=0\xc1\xfd\xaaH\xa4\
\x22\x19=7\x88\xee\xf8\xf8xkll\xac\x91L&\
K\x13\x13\x13?\x0e\x85B\xef\x10B~V.\x97o\
\xbe\xff\xfe\xfby\xc7qJ\xd7\xae]\x1b.\x14\x1aB\
\x89\x9d\xd9;\x0d\xb1\xed\xb8z\xf5j\xa2^\xaf\xef\x8e\
\xc7\xe3\xd3\x8e\xe3\x8c\xd8\xb6}\xc2u\xdd\x7f\xd0l6\
\x9f]]]\x8d\xaf\xae\xae\x8e6\x1a\x8d\x90\xcc\xcc\x8a\
\xc0\x0e\x90^)\xb9\x13\x88Qw\xde\x92]\xbc\x03d\
\x05D%\xdb\x1f\xcaC\xcf\xbfj7N6\x9b\xbd\xef\
\x1e\x94\xc9\xd1\xa3G\xbbN\x0c\x10 \xff\xd6\xad[\xe4\
o\xfe\xe6o\x1e\xc8\xf7\xd8\xd8X\xb7<3\x99\x8cr\
N8\x08l\x17\xc9\xd2\x0b\x85\xe0C\x0f\xaep!\x15\
\x9a\xbfUy\xeb\xb9\xf6\x03\xed\xb3z\xf8\xf0\xe1J:\
\x9d\xbe\xe78\xce\xffU\xaf\xd7\xffk\xb3\xd9\x5c.\x97\
\xcb\xf7\xf6\xed\xdb\x97\x1f.\x14\x1aB\x84\xed\xef\xb5\x86\
\xd8Q8y\xf2d\xec\xe2\xc5\x8b\x87\xc3\xe1\xf0\x84\xe3\
8\x13\xa1P\xe8\x05B\xc8\x17\xab\xd5\xea\xa1{\xf7\xee\
%766Fz\x0bX\x84\xdb@\x08\xa5M\xb2\x9a\
\x82\xee\x02\x97 \xe1ga\x0f.D\x81\x0e\x19\x88\x12\
\xbd\xd6x!\x8et:M\x92\xc9d\x97,A\x1e\x0d\
\x9a0\xe9\xfd\x9a<\xc2\x04\x00Y\x82< \x8bRi\
\xb0\xd3r\xfd4\xf5\x8a@\xfb\xb2\xa5\xe7;\x01\xa8\xe5\
\xab\xcc\xb6\x88\xdea\xdadjj\xaay\xe4\xc8\x91\xd2\
\xd4\xd4T\xa6\xd3\xe9\xfc\x97F\xa3\xf1\xff4\x1a\x8d\x8f\
\xdb\xed\xf6\xd2\xcc\xcc\xcc\xc6\xd0l;\x04\x8b!a\x0e\
\xd1\xc5\xa5K\x97B\xb3\xb3\xb3\xe3\x91H\xe4\xb0m\xdb\
\x07{\xdb@^,\x97\xcbsKKK\xa3\xb9\x5c.\
\x8aD)\x93C{z\x81N\x09]\xd5\x0dZ\xa3\x0c\
b\xb5+j\x94\x95J\xa5\xdb\x11\xfbqt.\xd3.\
\x09E\x98\x9f\xfa\xd4\xa7\xb6\xaeA\xfa\x1f\x7f\xfc1\x97\
0\xb7C\xcbTa\x90\xdbSz\xe7un\xad\xa2\x06\
\xd0\xa6qx_\x227\x83\x88\xde\x82!7\x9dN\xb7\
\x0f\x1f>\x5c\x9e\x9b\x9b\xdb\xb0,\xeb\x83N\xa7\xf3\x1f\
\x1b\x8d\xc6\xdfv:\x9d\x8f\xfe\xd5\xbf\xfaW\x0f\xbe\xac\
!\x1e[\x0c\x09\xf31\x07\x10\xe5\x81\x03\x07&\x5c\xd7\
\xdd\xdbn\xb7\xd3\xa1P\xe8\x97[\xad\xd67s\xb9\xdc\
\xe8\xf2\xf2\xf2x\xb9\x5c\xb6U\xfb%\x09\xb5`\x03\xb7\
\x82\x0c\xca\xf3\x8eh\x83\xbeW\xd0\xf3\x93\xb8\xbd\x01~\
\x8b\xd2d\xd3\x159\x0b\x00\xb2\x1c\x19\x19\xd9\xd2.\xd9\
<\xea\x98d\xd9g\x83\xf2\x06-\x13\xf2\x09Z\xe6 \
\x17\xfd\x88\xd0\xef-)\x08\xac[0`\x00\xad\x1d5\
P\xd2+7xg\xb8\xefUe\xaeE\xe7\x08##\
#\xce\xbe}\xfb*\xfb\xf6\xed\xcbE\x22\x91\x8f\xeb\xf5\
\xfa\x9f6\x9b\xcd\x9f4\x1a\x8d\x95?\xfb\xb3?\xab\xf6\
\xe5A\x86x\xa80$\xcc\xc7\x14\xf3\xf3\xf3\xf6\xc6\xc6\
\xc6D,\x16\xdb\xe78N\xcaq\x9cc\xae\xeb\xfeZ\
.\x97;\xff\xc9'\x9f\xcc\xd5\xebuK\xe6}\x07\x81\
fWz\xa5\xab\x09a\xf9!\xb7 \xc9\x18W\xb9\xb2\
s\x94D\xe07\xd5\x04PF@l\x00\x9evI\x0c\
\xe70\x11\xa8eB\xf9\x83\x96iJN\x83\x9c\x97\xec\
'q\xa2\xb6\x09u\x90>\xec\x9b^ \x84\xe6Z\xd9\
\xc0\xafG\xban<\x1ewggg\xebG\x8f\x1e\xfd\
(\x1c\x0e\xff\xcf\xcdf\xf3\xbf\xb8\xae\x9b\xa9T*\xcb\
C\xe2|\xbc\xa1\xbf\xa6}\x88G\x02\xa0Q\xbe\xf2\xca\
+\x93\xedv\xfb(!d\x8f\xeb\xba',\xcbz\xa3\
^\xaf\x7fgaa\xe1\xf8\x9d;w&\x1a\x8d\x86\xad\
2\xbdB\xe7\x02\x9d\x14\x8c\xeea\x94?\x88}\x93\xfd\
p\xa0Nk\x94\xd5ju\xeb\xbcI4\xbf\xd2Z\xb2\
\xd7\xb4\xa1\x8c\xa0\xac\x0a\x85\x82t[\xc4\xe4\xe4$\x99\
\x9b\x9b\xbb/o@\xb0kkkR\xf9h\x96d\xe7\
EU\xe0=W\xbfV+[\xd4\xb9\x9a^\xe4\x8b\xc8\
\xddeNEa\xd3\xa0=DA9\xe1V\x15Q\x1a\
P\xef[\xad\x96U,\x16\xc3\x1b\x1b\x1bS\xd3\xd3\xd3\
gGGG\x9f\xefM+\xb4\xce\x9f?\x1f}\xe9\xa5\
\x97\xea\xef\xbe\xfb\xeep~\xf31\xc4P\xc3|L\x00\
\x1ae\xb1X\x1c'\x84\xec\xedt:i\xdb\xb6\x8fZ\
\x96\xf5\xf5j\xb5z\xee\xde\xbd{\xc9\xf5\xf5\xf5d\xef\
4\x09%Q\xe2\xc2\x0b4\xbf>L\xce\x05h\xd0N\
\x06\xbc\xacz\xd5\x01\xce]\x82\xec\x5c.'\x0c\x87\x1a\
\xe6\xe9\xd3\xa7\xef\xcb\x1fh\x98\x1f|\xf0\x810\xde\xa0\
\xe62\xfb\xad\x85z\x91\xcf\xc6a\xe77\xd1\xfd\x1ej\
\x9c\x10\x1e\xde3~D\xc4I\xcb\x8bF\xa3\xee\xf4\xf4\
t\xe3\xd8\xb1c\xa5\xf1\xf1\xf1[\x9dN\xe7\x7f\xadT\
*\xff5\x1c\x0e\xaf\xae\xaf\xaf\xaf\xfc\xfb\x7f\xff\xef\xeb\
\xc6\x19\x1f\xe2\xa1\xc5P\xc3|\xc4q\xf1\xe2E\xeb\x0b\
_\xf8\xc2$!\xe4h\xa7\xd3\xd9\x1b\x0a\x85\x9e&\x84\
|\xafV\xab\xfd\xce\x9d;w\x9e\xb8u\xeb\xd6x\xa1\
P\x88\xb6\xdbm\xcbu]!C\xa1\x03\xed\x91\x91\x91\
ng\x84\xab_\xfbAjAi9\xac\x1c\xfc\x86\x8e\
\x13\x06\x07\xa0MV*\x15\xe1\xb1SA\x005p\xd0\
.U\xe6@\xd00w\xed\xdau_>\x81dU\x1a\
&\x00W \x9bj\x99\xba`5D\x12\xf0\x80\xc6\xcb\
;\xe7\x85\xe5i\x9cH\x98\xb8\xe7\x17\x17\xa3\xe1\xfeN\
\xd9{\xe9t:V\xa5R\x09\xaf\xae\xae\x8e\xe4\xf3\xf9\
\x99T*untt\xf4<\xf9\xc5`\xa8\xfd\xfc\xf3\
\xcf\x87/\x5c\xb8P\xbbv\xed\xda\xf0\x8c\xce\xc7\x00C\
\xc2|\x84\x01Ze2\x99<\x90J\xa5\x8e\xb8\xae\xfb\
\x94m\xdb\xdf\xab\xd7\xeb\xbf\xb3\xb8\xb8x\xfc\xe3\x8f?\
\x9e(\x14\x0a\xdd3'u\x88\x12\xcd\x8aH\x94A\xaf\
|\xf5k\xb2\xe3\xc9c\xbf\xb1s\x04\xed\xa2\x5c.K\
\x1d}\x07\x01\xe8\x94a\x80\x81+mEy$\xbdr\
\x9e\x98\x98\xe8\xfa\x96\xa5\xef\x01a\xae\xae\xaeJ\xcb\x03\
\xe4\x836\x05i\xc1 \xa0\xdf\xda \xef=\x05Q\x17\
hY\xba\xf2DaY\xe2\xc4\xfaJ\x93&\xfd!=\
\x8d\x9e\x87\x9e\x19\x17\x883\xb4\xba\xba\x9a,\x14\x0a3\
\xe9t\xfa\x1c|z\xa4\xdb>s\xe6L\xc8\xb2\xac\xf2\
\xd2\xd2\xd2\xce\xf4\x061D \x18\x12\xe6#\x8a7\xde\
x#\xd5n\xb7\x8fX\x96u\xdc\xb2\xac\xdfk4\x1a\
\xffxqq\xf1\x89\x9b7oN\xe6\xf3\xf9\xa8\x8c(\
\xb1c\x01\x82\xa45J<!?(\xa2\x0cz\xbe\x8c\
\xa7\x05\x11f\x8bH\xadV\xeb\x92\x97\x8e\xc3\x05\x9d\xf4\
x\xdf\xf8\x9b\x9e\xbb\x84\xf4\xe9\xfc\xb1\xe4@k\x98t\
\xbei\x0d\x93\x8d\x8f\x1f\x9c\xdf\xc3-<\xec*\xdc~\
\xcdK\xf2\xe4\xf7s\xd0c\x12\xd6b\xdc\x16\xe2\xe0\x08\
\xad\x22\xb88\xc8\x908- \xcer\xb9\xdc\xd58K\
\xa5\xd2l*\x95:\x9fN\xa7\x9f\x8bF\xa3\xed\xb9\xb9\
\xb9\xe2k\xaf\xbd\x96\x7f\xfb\xed\xb7\xb7\x7f\x8f\xcf\x10}\
\xc1p\x0e\xf3\x11\xc1\xc1\x83\x07\xed\xd9\xd9\xd9\x91\x17_\
|q\xc2u\xdd9\xdb\xb6\x9fq\x1c\xe7\xcc\xfa\xfa\xfa\
kKKK\xfb+\x95JB\xe6\xd7\x95p\xe6'q\
4N\x02&\xb5\xa0 \x93\xc5;V\xcb\x8f\xe9\xd54\
\xdf@\x94\xa9Tj\xcb\xec\xab\x82\xd79L\x1a\x90\x1e\
\x0cp\x80\xa0e.\xf3\xb6\xc3k\xcfv\x1dG\xc6\x86\
\xed\xf9\x9a\xbdo\xfe\x9d6\x81C}\xc1-)\xbc-\
E4pQQ2\x99l\xce\xce\xceV\xf7\xed\xdb\xf7\
n$\x12\xf9\xdf\x9a\xcd\xe6{\xb1Xl\xe9/\xff\xf2\
/\xf3\xef\xbf\xff\xfe\xd0\xe5\xde#\x84!a>\xfc\xb0\
\xfe\xe0\x0f\xfe`\xac\xd3\xe9\xec\xb7,k\xd2\xb6\xedO\
\x11B~3\x97\xcb\x1d_\x5c\x5c\x1c+\x14\x0a\x11\xdd\
=\x94\xb8=$\xe8\xd5\xae^ey\x89\x87\x0bw\xa0\
\xa3\xc3\xed!2\xdf\xb6\xfdXy\xabrR\xc0C\x10\
\x84\xd9\xcf\x05@\xfd\x22Y\xbfr\xbdl\xa5!\xd4v\
\x14\x18`\xd0\x8b\x83\xd8yn\x5c\x10\xa6r\x82`\xfd\
bO\xa8\xf3\xc4\x13O\x94\xf7\xef\xdf\x7f\xdbq\x9c\xbf\
\xa8\xd7\xeb\xffw\xa7\xd3Y\x0d\x85B\xf7\xfe\xc5\xbf\xf8\
\x175O\x0f8\xc4\x8e\xc2\xd0$\xfb\x10\xe3\xdb\xdf\xfe\
v\xf2\xb3\x9f\xfd\xec\xa1H$r\xd0\xb6\xedS\xa1P\
\xe8{\xe5r\xf9\xeb\xb7n\xdd:\xb0\xb8\xb88Z\xad\
VC\xb2\x93B\xe8\xf9IZ\xab\x14A\x87`D\xe6\
9\x13x1\xe9\xf1\xcc\xae\xd8\xc9\xf1\xccu\xfd4S\
by\xe6\xf3ym\xd2\xf2\xbb\xe8\x87\x06m\x9a\x0d\x0a\
\x22\xb3s\xd0rMez1\x03c=F\xeb\x03\x1e\
\xe8\xcdN7\xb0&[\xd5\x02\xa1v\xbbmmnn\
F766\xa6\x12\x89\xc4\xa9\xc9\xc9\xc93\x96e\xb5\
;\x9dN\xe3\xfc\xf9\xf3\xd6\xeb\xaf\xbf^\x1d\x9ak\x1f\
n\x0c5\xcc\x87\x10'N\x9c\x08}\xe1\x0b_\xd8\xeb\
\xba\xee\x9eH$\xb2\xdfu\xdd\x7fP\xadV\x7fiy\
y9\xbd\xb2\xb2\x92\x82\x8e@\xb6=\x84\xf6\xc9\x89+\
\x06U\x1d\x8d\xc9<\x92\x17\xf8\xd1\xf6\x5c\xea\xe0a \
K\xd5v\x81~\x02\x17\xef\xa8\xb6\x91\xf0\xe2\x99:.\
\xe0\x81\xd62\x81h\x1fF\xb3k\x10\xda\xacN\x5cZ\
\xdb\xc4\xc1c\x22\x91x\xe0\xc0r\x1d\xefO4z\xda\
\xab;55U?~\xfcx~ll\xec\x83N\xa7\
\xf3\xbf\xd4j5\xf8\xbe;99\xb99t\xf0\xfep\
b\xa8a>d\x98\x9f\x9f\xb7w\xef\xde}0\x14\x0a\
=kY\xd6\xaf\xd4\xeb\xf5\xef///?\xf7\xf1\xc7\
\x1fO\xe7\xf3y\xe9\xf6\x10h\xc8\xb1X\xack\x86\xc2\
\x93Cd[CtF\xed~4\xb5 VZ\xa2\x87\
\x1e\xd4*\xb7\xdb\xa7*\x0c>R\xa9\x94r\x1b\x09\x0b\
\xd9\xa2\x9f\xd5\xd5UO\xf9\xc0#\xb0\x06\x85\xa0V\xce\
\x06!\xc7\xb4\xee\xd2\xc7\xb5\xe1\xdc$\xad\xbd\xb2\xabk\
\xe1\xb7l\xdfn\xa7\xd3\xb1\xaa\xd5jxmm-U\
\xaf\xd7\xf7\x8c\x8e\x8e\x9eI$\x12\xbb,\xcb*\xd5\xeb\
\xf5p\xa3\xd1(\xac\xae\xae\x0e\xb7\xa2<d\x18\x12\xe6\
C\x84+W\xae\xc4\x9a\xcd\xe6\x01\xdb\xb6\x9fk6\x9b\
\xff\xffL&\xf3\xb9\xdb\xb7o\xef]__O4\x9b\
M\xe9\xf6\x10\x9c\xafa\xb7\x86\x88\xa0\xdbY\x99\x9a]\
\x83ZII\x9b`a\xc4\x0f\x84\xb9\x13\xcew\x84\xf2\
\x85|\xe8,\xf4\xa1\x11$aB\x99\xf4\xc3,\xab\x83\
\xa0H3\x08y\xa6\xa4I\x9f\xb7\x09\xe4\xc9n\x9fB\
\xe2D\xc2D3\xaehP\x82\xabj\x8b\xc5bd}\
}}\xccu\xddCcccOF\x22\x91\xf0\x9e=\
{2\xaf\xbd\xf6Znh\xa2}\xb80$\xcc\x87\x00\
\xa0U\x9e;wn\xaa\xd3\xe9\x1c\xb3,\xebD\xab\xd5\
\xfa\xc3[\xb7n\x9d\xbdw\xef\xdex\xa3\xd1\x08\xa9\xcc\
\xaf@\x94\xa8U\xea\xec\xa1\xd45\xcf\x06\xddy\xe9\xc4\
'\x94V\x09\x1d\x1b}\x92\xc8N@:\x9d\xee:B\
7\xd5tes\x98^4L\xd2;\x02\x0c\x06\x12\xdb\
\x0d\xde\x00i\xd0\x16\x09\xd3)\x05 A\xdc\xdf\xcaK\
\x9f\xdd\xcb\x89qx\x00\xe2l4\x1av>\x9f\x8f\xe7\
\xf3\xf9\xd9d2\xf9\xa9\xb1\xb1\xb1v>\x9f\xcf\xbc\xf0\
\xc2\x0b\x8d\x1f\xff\xf8\xc7CoA\x0f\x09\x86\x84\xb9\xc3\
q\xf5\xea\xd5D\xa9T:L\x08\x81\xcfg;\x9d\xce\
\x1b7o\xde<\x05Z\xa5\xe38\xd2\xc3%\x81\x18q\
/ .\xe8Q\x11\xe5N&K\x5c\xed\x8a^z\xe0\
3H\x93\xa3\x0aP\xc6\xf01\xd5.\x09E\x98\xac\xe3\
\x82l6\xeb\x890\xa1\x5c\xe0\xdd\x83\xf6\xbdS\x06\x13\
Aj\x9f^\x09\xd7d\xae\x1e\x8f\x0a\x13m\xaf\xa25\
N$M\xd9\xdc&\x0clk\xb5Zx}}}$\
\x99L\x1e\x9a\x98\x98\x80\x17\x93\xbdp\xe1Bt\xff\xfe\
\xfd\x95\xeb\xd7\xaf\xef\x9c\xca<\x04\x17C\xc2\xdc\xa1\xb8\
t\xe9R\xe8\xd5W_\x9du]\xf7\xb8m\xdb\xa7m\
\xdb\xfe\xddR\xa9\xf4\xcd[\xb7n\xed\xdd\xd8\xd8\x88\xcb\
\xcc\xaf8W\x99J\xa5\x1e8l\x97\x17\x96h\x98\xad\
\xbc\xaex\xf5\x02\xde\x02 \xdc*\x02\x04\x00\x84\x04\xbf\
w\x1a\x11\x00A\xa1'!\x119\x88V\x9bB\xc7+\
s\x5c\xa0+\x8f\xfe\x86\xf7\x0e\x04.\xdb\x93\xb9\xdd\xf0\
k\xa2\xf7:\x80\xd3\xad\xcf\xe8\xf4\x00\x06 \xf4|?\
k\xa6\xa5M\xb4h\x01\xe1\x01\xbd\x06\x15\x0a\x85T2\
\x99<=11\xf1L(\x14\xaa$\x12\x89\xceK/\
\xbd\xd4\xfa\xd1\x8f~\xb4\xfd&\x81!\x84\x18\x12\xe6\x0e\
\xc4\x9bo\xbe\x99\x84\x11(!\xe4\x09\xd7u_\xaf\xd7\
\xeb\xdf[\x5c\x5c<u\xeb\xd6\xad\xf1j\xb5\x1a\x96\x11\
\x054j4\xc1\xa2w\x1e\x11T\x9d\xcd IR\x94\
'\xd6\x9d\x1d\x10\xa6h\xb1\xc5 \xf2*\xea\xe0q1\
\x15\xe4\x0f\xb5^\x1dR\xa3\x7f\xabN+\xf1B\x9a\xa3\
\xa3\xa3\xf7\x99e\x07\xfd>\x83p\xaa\xdeO\xc8\xda\x00\
\xabm\xb6Z\xad\xeeov\x15-\x11\x10\xa7\xcc\xfa\xd1\
j\xb5l\x18\xf8\x96J\xa5\xd9\xd1\xd1\xd1S\x89Db\
\x1a\xb4\xcds\xe7\xce\x85_|\xf1\xc5\xea\xf04\x94\x9d\
\x89!a\xee \xcc\xcf\xcf\x87O\x9e<\xb9\xcbu\xdd\
\xa3\x84\x90\xf3\xae\xeb~/\x9b\xcd~\xf9\xe3\x8f?\xde\
\xbd\xb9\xb9\x19\xeb\xad\x80} \x9e\xc5\xd9S\x89\x8b>\
xaI\x1fW\xbe\x9a\x80%\x0e6=\xfa4\x11\xd6\
\x9d\x9d*n\x10y\xe2\xa5\xc3\x0bK\xa8\xbd\x97\xc5b\
\xd1S\x87oi\xb8\xc6\xf3\x024\xc5\xd3\xee\xf2dZ\
]\xd0\xef\xdc\x8b\x19\xd6\xaf\xd6\xe97\x8f\x22`}\x84\
o\xda\xb9\x87hn\x13~\xcb\xf6nB}.\x97\xcb\
\xe1\xcd\xcd\xcdq\xdb\xb6\x9f\x9c\x98\x988\x11\x0a\x85\xda\
\x9dN\xa7v\xe6\xcc\x19\xe7K_\xfaR\xf5\xed\xb7\xdf\
\xde\x19f\x94!\xba\x18\x12\xe6\x0e\xc1\xfc\xfc||}\
}\xfd@4\x1a}\xb2\xd3\xe9\xbcV.\x97\xff\xf1\xc2\
\xc2\xc2\x89\x85\x85\x85t\xbd^\x17\x9eOiQ\x1eK\
p\xaeR\xe4\xa9G\xb7c\x18\x84f\xa9\xca\x0bj\x95\
@\x94\xa8U\x069\x07&\xcb\x8bi:P\xe6P\xf6\
\xe8]\xc8k\x1e\x82&L(3\x95Sv\x91\xb6;\
\x88A\x88\x97\xb8\xfd\x86*\x1d\x9c\x1a\xe0m?\xa1e\
\xd0s\x9b\xa8m\xf2\xca\xdfu]\xab\xd9l\xda\xd9l\
6V,\x16g\x13\x89\xc4S\xc9d2\x1d\x89Dr\
\x95Je\xa8m\xee0\x0c\x09s\x9bq\xf6\xecY\xfb\
\xc5\x17_\xdc\x1d\x89D^q\x1c\xe7\xdb\xb9\x5c\xeew\
\xef\xdc\xb9\xf3+\x0b\x0b\x0b\xb3\xc5b1&\x22Jh\
\x88\xa8Q\xd2\xe6W\xd1V\x11]\x92\x1c\x94Y\x93\x07\
zQO\xb9\x5c\xdeZ\xd4\x13\x94\xfb:\x9e&\xe5\xb7\
C\x862O\xa5R\xdd\xef|>\xef\xd9\x9ch\x05\xe8\
\xe9\x87\x06z\xb1\x01B\x87\x81\x87\x97|\xf1\xbe\xfd\xc2\
\xab\xe6\x19d\x1ed\xe9\xe8h\x9b\xe8\xa3\x98>h\xdc\
\xe2\xccm\xc2\x80\x16\xb7r\x11\xaa\x9e\xb3\xf2@\xdb\x5c\
[[\x1b\xcf\xe7\xf3\xa7\xc3\xe1\xf0K###\x07l\
\xdb\x1e9\x7f\xfe|-\x14\x0a\xd5\xee\xde\xbd;$\xce\
m\xc6\x900\xb7\x11\xdf\xfd\xeew\xd3\x87\x0f\x1f>6\
>>\xfek\x85B\xe1\x7f\xba}\xfb\xf6\x0bw\xef\xde\
\xddU.\x97#2\x8d\x12\x882\x9dNo\xf9\xc1\xe4\
\x8dr\x89\x82\x04e\xa6\xc6 \xc0\xd3Vdy\xa1\xfd\
\xbf\xa2[;V\x96I\x9a\xbc\xb4\x09G\x93\xf2\x0bx\
\x0f@F@l\xb4\xe9MWk\xb5\xa8\x8d\xf1\xb4\x86\
\x89\xf7Y\xc24\x91K\xa8\x937p@\xe5e_\xa6\
\xaa\x5c\xbd\x92\xaaH.{_\x14\xa7\xdff[\x1d\xf9\
\xb8\xbd\xa9\xd1hl\xcd_\x8a\xb4M\x5cE\x0d\x9f\x9e\
7\xae\x07\xe4\xe1\xf9\x9b\x99Lf*\x9f\xcf\x9fJ$\
\x12\x9f\x9f\x9c\x9c<<;;\xbbx\xf4\xe8\xd1\xfc\xdf\
\xfe\xed\xdf\xee\xdc\x15\x5c\x8f\x01\x86\x84\xb9\x0d\xb8t\xe9\
R\xe8\x8b_\xfc\xe2\xaeD\x22q\xbc\xddn_(\x97\
\xcb\xbf\x7f\xe3\xc6\x8d}\x95JE\xba\xa7\xd2\xea\xad~\
\x05\xad\x12\x1dF\xcb\xc2z\xb9\xe7',\x1bGWk\
@\x9f\x9e\xb8\xa7\xd2\xcb\x1eF\xd2\x072T\xa5\x85\x0b\
}p\x9b\x8b(\x0f:\xa6^\x95I\xd6\x8b\x5c\x8c\x03\
\xe5\x89f\xfb~\x9d\x97\xa9\xf3\x8c&\xb2v\x92\xe6\xa9\
#\x1f\xdd3\xd2+\xd2y\x03XvQ\x90l5m\
\xa3\xd1\xb0s\xb9\x5c\xbc\xd3\xe9\x1c\x9a\x98\x98\xb0GF\
F\x16\xcf\x9d;\xe7\xbe\xfe\xfa\xeb\x95\xe1\xdc\xe6\xf6`\
H\x98\x03\xc6\xd5\xabW\x13\xc9d\xf2\xa0m\xdb\x87\xda\
\xed\xf6\xe7k\xb5\xda\x95\xdb\xb7o\x1f,\x97\xcbBG\
\xe9\x84Z\xfd\x8aN\xd2E\xa3o\x1d\x8dR\x17^\xc2\
\x9atp\xa4\xb7\xf0\x81^\xd4\xa3\xea\xcc\x83\xec\x98M\
\xd2\xe1]CS\xb8\xa9\x1b<Qz\xfdX\xf4C\xcb\
\x87\xce\x9c\xd62e\xcf\x18\x04\x82\x92k\xf2\xae\xb7\x93\
<qQ\x10\x9e\xb5)k\x8b,q\x0a\xe67\xbb\x83\
\xb1B\xa1\x10\x89D\x22\x87'&&\xdcD\x22q\xaf\
T*\x8d<\xf5\xd4S\x95\x0f>\xf8`h\xa2\x1d0\
\x86\x8498XW\xaf^\x9d\xb4,\xebX\xbb\xdd>\
\xe18\xce\xb7+\x95\xca?\xbcs\xe7\xcel>\x9f\x17\
\xbe\x07\xabg\x82\x05\xad\x12:g\xd1\x9e\xca ;\x11\
QC\x0f\x02\xb4\xa9\x90v@\xa0C8\xfd\x22I\x1d\
\x13#\x9b\x16jl\xd0A\xa2v\xe97\x0f\xfd$L\
\xd4~\x12\x89\xc4}\xf9\x95i\xe7A\x96/Q\x0c\xe8\
Ld\x04\x19\x96\x07?\xe7mb\xbd&\xbd\xf9mY\
\x1ei\xd2\x94\xad\xa6\x85\xeb\x95J%\x9eL&\x9fM\
\xa7\xd3\xfb\x1d\xc7Y\x8d\xc7\xe3\xe1\xb3g\xcf6\xdf{\
\xef\xbd\xe1\xbe\xcd\x01bH\x98\x03\xc0\xc5\x8b\x17\xc3_\
\xfe\xf2\x97w\xd9\xb6}\xb4V\xab\xbd\xd0n\xb7\xdf\xd8\
\xd8\xd8\xf8\xcc\xcd\x9b7\xd3\xd5j\x95\xbbU\x84p\xb4\
J\xde\xfc\x08\xd1\xe8\x18\xb6\xd3\xac\xc5\xeb\x90\xe9\x15\xb0\
\xb8hb;\xf2\xe5g`\x80N!L\x8e\xf0\x92\x01\
O9\x09z\xd1\x0f\x0d\x9e\x96)\x0bK\xfa8W\xe8\
W\x9e\xee\xbb\x1b\x94e\x85\x06j\x860H\x11\xad/\
 \x0ci\xaaV\xd3\xb6\xdbm+\x9f\xcfG\x9b\xcd\xe6\
\x81\xb1\xb11\x18p7\xe3\xf1x\xfe\xdc\xb9s\xa1\xd7\
^{\xad44\xd1\x0e\x06C\xc2\xec3\xae\x5c\xb9\x12\
\x9b\x9d\x9d\xdd\x17\x0a\x85\x8e6\x9b\xcdW\xeb\xf5\xfa\xff\
oee\xe5\xe8\xbd{\xf7b\xa2CiyZ\xa5h\
O\xa5J\xb3\xdc)dI\xa8y\x9eZ\xad\xd6\xd5r\
TG$\x05\x99/\x9e\x06\xe9\x15\xf46\x92 \xb4K\
\xd2#L\xd1\xa2\x1f\xaf\xbedY\xa0oT\xafs\x99\
2\x8d\xdb\x0b\x82\xd2<u\x07\x8c\xa6D\xe8\xd7\x22\x03\
\xe5\xadc\xa2e\x1d\x1e\x88\xb4M\x90U,\x16\xc3\x95\
Je:\x95J\x9d\x8aD\x22\xf1X,\xf6I>\x9f\
\x8f\x7f\xe9K_\x02\xd2\x1c\xba\xd6\xeb3\x86\x84\xd9G\
|\xf7\xbb\xdfM\x87\xc3\xe1\xc3\x84\x903\x96e}\xa7\
Z\xad~\xeb\x93O>\x99\xcaf\xb3!\x91\x17\x10\x18\
i\xd2\x07:\x8b\xf6T\x12I\x07\xe0\xc5|\x15\x14d\
i\xc33\x83V\x09\x84\xc9\xeb\x10\x82\xd0:\xd8\xef~\
\x98\x97\xbd\x1c\x10\xad\x82\xcc5^P\x84\x89\x08\xea$\
\x93~h\x9fA\xbd\xfb\xa0\xd2\xf0\xfbL8\xaf\x09\xef\
\x12]\xeb\xf9\xd16A^\xb5Z\xb5\xcb\xe5\xf2H\x22\
\x918166v\xd0\xb2\xac\xd5z\xbd\xee\x9e9s\
\xa6\xfa\xde{\xef\x0d\xf6x\x9a\xc7\x0cC\xc2\xec\x13\xfe\
\xe2/\xfe\x22\xb9\xb0\xb0p\xc2q\x9c\xcft:\x9d\xcb\
kkk\x9f\xf9\xe8\xa3\x8fR\xb5Z\xcd\x12\x91\x05j\
\x95@\x94\x22\xad\x92(F\xbf;\x95,{\xf30\x0f\
8\x03\x0f\xb2\xd3\xed\x87\xe9\x90\x05jh@6Ai\
\x97d\x80\x84\x89s\x99A\xaf\x98\x0dr\x90\xe2\xf5=\
\xea\xc4\xe9\xa7\xb6)\x0a\x87[\xa6\xa0\x0d\xe0^L\x91\
<\x1dm\xb3\xb7\x82\xd6\xca\xe5r\x91Z\xad\xb6\x7fl\
l\xecI\xcb\xb2\xda\xb6m\xe7\xcf\x9f?\xdf\xbev\xed\
Zp\x15s\x88\xfb0$\xcc>\xe0\xf2\xe5\xcb\x91\x85\
\x85\x85'\x5c\xd7\xfdj\xadV\xbbr\xef\xde\xbdcK\
KKq\x91\x09\x96>U\x04\xe7\x98\xd8\x06%k\xe8\
\xa6$\x19\xa4\xd6\xa5J\x1b\x1b<\x10%v\xd0A\x91\
#\xe9\xa3\x16)\x02\x9a\xc9\x83\xd4.\x09C\x98\xec\x1c\
f\xd0\x1a&\xe9i\x99P\xcf\xfa\xe9\x98\xdd\xef\x00\x86\
g1\xf0\x1a\xd7k\x186\xbc\x9f)\x0e\xdaD\xab\xb2\
\x1c!ib8\xde\xf4\x05\x5c+\x97\xcb]\x13\xed\xc8\
\xc8\xc8\xb3###\x89H$\xb2\xf8\xcc3\xcfT\xde\
\x7f\xff\xfd\xe1\x91a}\xc0\x900\x03\xc6\xd5\xabW\x13\
\x84\x90\x83\xb6m_*\x16\x8bW?\xfe\xf8\xe3\xa9l\
6\x1b\x16\x99`\xa11\xa0[;/Z\xe5vj\x94\
\xb2|\x91\x9eVI\xcfY\xf6\x83,\x07\x09\xd4.\xe9\
}\x97A\x01\x093\xa8\xe3\xbdd`W\xcc\xf6\xdb\xd9\
\xf9v\xbd\xf3~j\x9c^\xc3\xa0\x89\x96>\x12L\x04\
Z\xdb\xc4\xb6\xc4\x93W\xadVC\xa5R)\x15\x8b\xc5\
\x9e\x99\x9c\x9c<l\xdb\xf6G\xe7\xce\x9d[\xbbv\xed\
\xdapN3`\x0c\x093 \x5c\xb8pa\xe47~\
\xe37\x0e8\x8e\xf3K\xcdf\xf3\x9f...~\xe3\
\xa3\x8f>\x9a\xac\xd7\xeb\xdcU\xb0\xd0\x08\xe2\xf1\xf8\xd6\
\xc9\x22\xf4\xd1A\xba\xe8\xd7\x5c\x8c\xce\x22\x0a\x19Q\xd2\
^{\xa0C\xf6s&\xa3\xc59\xeak\x10qY\xc0\
\xfbJ\xa7\xd3\xddN\xcc\xc4\x05\x9eHK\xa2\xf3\x84e\
\xc9\x9ad\xa134\xf5\xf4\xa3\x0b\xec\xb4\xbd\xba\xccC\
`\xf9\xd2\xdf^\xe2\xf6\x1b:\xda\xa1\x97\xc1\xa7n[\
\xa1\x81\xa4i\xf5\xbc\x00\xa9\xa6X\xd0S\x10m\xa2\xa5\
\xcb\x0c~C?\xb3\xbe\xbe\x1e\xcdd2\x87FFF\
\x9eI\xa5R\xcd\xf3\xe7\xcf\xe7:\x9dN{yy\xb9\
\xa5|\xa0!\xb40\xd8!\xfa#\x88K\x97.\x85\xe6\
\xe6\xe6\xe6\xc2\xe1\xf0S\x8e\xe3\xfc\xf2\xfa\xfa\xfa\xb7\x17\
\x16\x16\xe6*\x95\x8a-Z\x01\x1b\x8b\xc5\xa4\xe6W\x19\
LH@7\x8cJ\x9en\x9a\xd8\x98\xd1k\x8fl\x15\
\xac\x9ftxqH\x1f5h\x90?::\xda5\xc7\
nll\x18?\x97\x0e\xa03<z\xf4(y\xee\xb9\
\xe7\xb6\xae\x81Fq\xeb\xd6-\xf2\xc1\x07\x1f\x04\x96\x0e\
MRP\x07S\xa9T\xd7,[,\x16\x03K\x83M\
\xc7K\xdc~C'\x7f\xa6\xcf\xa0\x13\x8e\x1d`\xa0\xb7\
($D\x19p\x8f'\xb4/\x18\xe4\xd0\xee#i\x8c\
\x8c\x8c\xb8\x87\x0f\x1f\xde<p\xe0\xc0\xff\xee8\xce\xbf\
\xab\xd7\xeb\x9fLNN.\xbf\xf5\xd6[\xc1\xcd!<\
\xa6\x18j\x98>p\xf9\xf2\xe5\xc8\xc4\xc4\xc4\x1e\xdb\xb6\
\xcf\xb8\xae{iee\xe5[7o\xde\x9cn4\x1a\
\x5c\xb2\xc4}\x95\xaaSED\x08\xda\xfc\x1a\xa4\xc9\x0a\
G\xbd\xb8\xbfRv\x16\xa0\x9ftxa\x83\x9a\xc3\x14\
\xcd\x8b\xe2\xca\xe5~\x98b\xe9\xb4\xfb\xe9\xb8\x80N\x07\
\xbfU\xce\x0c\x82J\xa7_s\x85A\xe5\xcfO\x18\xaf\
\xe9\x22\xe0\x1d\xc0\x07\xb7\x9e\xc8\xd2Cm\x93\x9e\x03\xe5\
\xb5\xb3v\xbbm\x95J\xa5D\xa7\xd39>;;;\
k\xdb\xf6j\xa9Tj\xbf\xfe\xfa\xeb\xa5\xb7\xdf~{\
H\x9a>0$L\x8f\xb8r\xe5J,\x1c\x0e\xef'\
\x84\xbc\xe48\xceo\xad\xac\xac\xfc\xca\xed\xdb\xb7\xc7\xa0\
\xb2\xf2\xc2\xe3\xfc\x17\x8c(\xf1\x8cB\x13\xe8j\x82$\
\x00B5\xed(\xd8\xb9J\xd5b\x18\x111\xe9\xc61\
\xc9\x9b\xa9<\x9e\x5cx_@\x98@^\xfd\xd2~\x06\
E\x98\xbct\x814Ak\x86w\x18\x94\xc9\x97\x97\x8e\
\xa9<\x93\xfa\x11d\xdeda\xfc\xca\xe1\x01\x17\x03\x91\
\xde\xe0L&\x83%M\xf8\xe6\x1d\xa8\xee8\x8eU.\
\x97c\x8dF\xe3\xc0\xc4\xc4\xc4l8\x1c\xceV\xab\xd5\
\xfa\x85\x0b\x17\xca\xc3\xb9M\xef\x18\x12\xa6\x07\x5c\xbe|\
y$\x1c\x0e\x1fq]\xf7b\xa7\xd3\xf9\xe6\xea\xea\xea\
\xc5O>\xf9$\xcd#KK\xd3\xb5\x9d\x0c\xdb5\x1a\
\xd6\x01\xceW\xd6\xeb\xf5.a\x9a\xfa\x82U\x85\xf5\xa2\
\xa1\xe8\xa6\xaf+\x1740\xe8\x94\xbc\x9eu\xa9\x9b/\
\x960I\xc0\x8e\x0bx@-\x93\xb7/S\xa4\xc9o\
\x17y\xea\x86\x0d\x22O\xb20~\xe5\x10\x8e\x16M/\
\xea\x81\xf7!\x93A\x93&~\xd8\xed'\xe8$\xa4Z\
\xadF\x1b\x8d\xc6\xdet:\xbd;\x1a\x8d\x96\x1d\xc7\xa9\
|\xf6\xb3\x9f\xad\xbc\xf3\xce;\xc3yM\x0f\x18\x12\xa6\
!\xae\x5c\xb92j\xdb\xf6\x13\x8e\xe3|\xbe\xd1h\xfc\
\xc3\xd5\xd5\xd5\xb3\x0b\x0b\x0b#\x9dN\xe7\x81\xdaM/\
\xecA\x13\xac)\x822\xbf\xea\xca0M\xaf\xd5ju\
\x89D\xb5\xb0g;:\xc7\xa0\xb4\xa5t:MJ\xa5\
\x92\xd16\x12U\xda\x16\xb3\xe8G\xb6\x0f\xd3\xcb\xf1^\
&\x808P?M\x17\xff\x04\xf1\x9eL\xf2\x1f\xb4\xd6\
\xabJG'\x0f^\xe5\xf0\xc2\xe0\xe0S\xe5\xe4\x80\x06\
M\x9a\xa47\x00\xa2\xd1#\xcdH\xa3\xd1\xd8\x95H$\
\xf6G\x22\x91f\xa7\xd3\xc9\x9f9s\xa6\xf1\xd7\x7f\xfd\
\xd7\xc3\xad'\x86\x18\x12\xa6\x01\xae^\xbd:\x09d\xd9\
n\xb7\xbfP\xadV\xbf\xbb\xba\xba\xfa\xf4\xd2\xd2R\x9c\
G\x96P\x81\xe9\xf9JS\x13,\xd9\xe1di\xf5\xf6\
\x86\x95\xcb\xe5@\xfd\xc1\xfa\xed\x0cEZ\xa9Wy\xe8\
DB4w\xc9\xd3\xbetI\x8d\x0d\x1b\xf4\xf1^\xba\
\x80N5\x99Lv\xe7\x9f\x83\x5c\xfdk\x0a\x93\xb8\x83\
0\xd3\xca4<\xdd<x!M\xf4\xf0\x83\xd6(Y\
>Xm\x93\xf4V@\xd3\xe8M\x97\x84\x1b\x8d\xc6L\
<\x1e?\x94H$\x1c\xdb\xb67\xce\x9e=\xeb\xbc\xf7\
\xde{ee\x06\x87\xd8\xc2\x9005\xf1\xc7\x7f\xfc\xc7\
\xa9F\xa3q\xb2\xd5j}\xb1\x5c._^^^>\
\x9c\xc9d\x22<\xb2$=3\x1e\x10&\x9aWx\xe0\
5\x84\xa0\x1bc\x9020,\x9a\x7fd\xce\xd3\x07E\
\x92\xac\xa6\x164\x80Hp\xe5o?H\x02\xa1\x22L\
/\xf2L\x08\x1c4\x1a\xa8\xab~\xdc\xe5\x05U.\x83\
\xa8;&+`\xfdn\x7f1\xd5\x9eY\xcf@:\xcf\
F\xcfk\xe2B\x22\x1a=\xe7!\xa1F\xa31\x11\x89\
D\x8e\x8d\x8c\x8c\x84c\xb1\xd8\xdds\xe7\xce\x85\xe2\xf1\
xqaa\xc1\xd3\xb3=n0W{\x1eC\xcc\xcf\
\xcf\xdb\x85B\xe1p\xbb\xdd\xfer\xb1X|cqq\
q\xdf\xfa\xfa:\xd7\x1f\xacEm\x1b\x91mL\xd6i\
<\xb2\xfb\x83$K:=$K\xd0FD\x1a\xc9\xa0\
\xc92\xa8\xf2\xa0\xe5\xe2{\x04\x0d\x13\xf7\xcc\xf9\xcd\xef\
vBE\x9a@\x9408\xf0b\x09Q\xa5\xd7\xefw\
\xeb\xe5\x9d\x0cZ\x9b5!M\xf2\xf7{+\x8d\xb6g\
\x01Y\xe2\xaag\xde\xf4\x0f\xc8\xc9f\xb3\xa1\x85\x85\x85\
=\xeb\xeb\xeb\xdf\xeat:\xbf\x1b\x0e\x87\xf7\x1d?~\
|\xc2\xd3C=\x86\x18j\x98\x0a\x5c\xbat)d\xdb\
\xf6.\xdb\xb6\x7f\xb9P(\xfc\xe0\xce\x9d;\x93\xc5b\
\xd1\xe6\xcdgAg\x83\x0b|d\x8b{D\x9a\xe5 \
\xb4JS2\xe3\x99\x8b\x80(\xd9\xd5\xb0^\xe4z\xe9\
\xb4\x82\x22,\x91y\x94\x96\x8bN\xd6\x0b\x85\x82\xaf\xb4\
d\xe9\xe3o\xd1\xf1^\xf9|\x9e;\x87\xd9\x8f\xfc\xc0\
\x00\x01\x8f\xfe\x1aDy\x9b\xc67\xd5\xd4L\xe5\xea\x86\
\xf7\x0b\xdd\x011\xb67hg\xb8g[\x15\x9f6\xd1\
B<\x9e\x1f\xdaf\xb3i\xd5j\xb5\x84m\xdbO\x8c\
\x8d\x8d\xa5\xa2\xd1\xe8\xdf\xed\xdb\xb7o\xe3\xfa\xf5\xeb\xc3\
#\xc2\x14\x18\x12\xa6\x04\x17/^\x0c\x1f=zt\xb7\
m\xdb\xa7\xeb\xf5\xfa\xef\xdf\xb8q\xe3X\xa5R\x11z\
\xee\xa1\xcd\xb0&d)\xbbn\x1aF'\xbe\x97\xb4\xb0\
\xf1\xa2OX/d\x19\x84\xb6\xa1\x9b\x7f\x1dY2y\
x\x84\x17n\x12\xf7\x9b_\x91\x89\x94\xfe-:\xde\x8b\
7\x87)\x92\xe7\x15\xd8)\xc33\xe3jg\x95Vj\
\x8a \xe4\xf4\x834u\xc3\x0e\xda\xba@\x93&z\xfb\
\xd1\xd5\xb8\xd1<K8s\x9a\xbd\xf3:\x814c\x96\
e\x1d\x1f\x1f\x1f\xbf\x1b\x89D\xd6\x0e\x1d:T\x18\x92\
\xa6\x1cC\x93\xac\x00@\x96g\xcf\x9e\xddM\x08\xf9\xb4\
m\xdb\xdfZ\x5c\x5c<[\xab\xd5\xb8d\x09\x1d\x0d\xed\
<\x9d\xad\xd0:\x0d\x0d\xe4\xca>\xb20D\xc3\xcb\x88\
\x9f\xce\x83uu\xc7#K\x95,\xaf\xe9\x07E\x8e\xa6\
y\x01\xcd\x12\xdee\xb9\x5c\xd6\x96\xc7#\xafAv\xae\
D\xa0)\xeb\xe6\xa9\xd1hl-\x00R\xa5\xa3#\xcf\
4\xdf^\xe3\x06%\xdf\xcf\x80\xd2\x14&\x83Lh\x7f\
\xd0\xf6\xf0\xf0\x06\x95g+\xab\xe7\xbc\x1d\x07}\xf0a\
\xc3\xe2\x1a\x84;w\xee\x8c\x94\xcb\xe5\xef$\x93\xc9'\
\xf6\xed\xdbwx~~^\xee\xe0\xf61\xc7P\xc3d\
p\xf1\xe2E\xfb\x1b\xdf\xf8\xc6\xc4\xf8\xf8\xf8\x85V\xab\
\xf5\xdb\xa5R\xe9wo\xdd\xba\xf5r&\x93\x89\xb2\xa4\
\x04\x95\x124J\xdcc)\x9a\xb3\xf4\xaaY\xd1\xf1U\
\xf7e\x8d\xc7\xaby\x8a=i\x84\x9e\xb3\xd4\x1d\xe9\xea\
\xe4_\x14\xa7\x1fd\xa9\x03\xf4\xef[,\x16\xb7\xcc\x93\
:d\xe9\x07\xac\x86I\x02p\x5c`\x9ao<I\x03\
\x9e\x1d\x1d\x19\xc8d\x8b\xe4x\xc9\xa7W\x19A\xd7C\
\xd3\xb0~\xea\xa9I\xbbD\xb7x\xf0M\xaf\x88U\xe5\
\x0d\xe75Q\xdbd\xf7j\xc2{\xce\xe7\xf3S##\
#g\xe2\xf1x\xaa^\xaf\xb7_~\xf9\xe5R8\x1c\
\xae/,,\x0c\xb5M\x06C\xc2\xa4p\xf9\xf2\xe5\xc8\
\xdc\xdc\xdc\xc1V\xab\xf5\xd5v\xbb\xfd\xfbkkk_\
\xb9y\xf3\xe6\xfeR\xa9t_9Y=g\x04\xa3\xa3\
\xa3\xddo\xd1J6\xaf\x8d\x89gn\x93\x85\x91\xdd\xf7\
\x0aZ\xab\x84\x91(64\xdd<\x99\x92\xb4\xdf\xfcz\
\x01/=\x18\xf8\xa4R\xa9.Q\xd2\xda\xe5 \xf22\
11\xd1=\xad\xc4\xa2\xe6\xb0\xf2\xf9<YYY\x19\
X>\xa0S\x86\x0e6\x9dN\xdfw\x92\xc9 \xfc\xbb\
\x12\x89\xb9\xd94\x9eN8\x13\x99:aU\xd0]\x91\
+\xbb\x07\xef\x07\x17\xa1\xa1{<Q\x1e\xe9{\xb8\x0a\
\x1a\xe2\xb0N\x0e\x1a\x8d\x86\x9d\xcdfg\x9a\xcd\xe6\xd9\
d2\xf9t(\x14r\xf7\xec\xd9\x93?y\xf2d\xf1\
\xfd\xf7\xdf\x1f\xba\xd2\xa30$\xcc\x1e\x80,GFF\
\xf6[\x96\xf5\xab\x8dF\xe3;+++\xa7\x17\x17\x17\
\x93\xec\xb6\x11va\x8f\xec8./0\xe9 \xfc\xca\
\x10\x81&K\xd5\xfc\x9d_-r\x90\xd0\xd1^\xe9\xf3\
.\xfbA\x12\xa2\x8e\x8d\xe7\xb8\x80Ps\x98\x83\x06\xeb\
\xfd\x87\xd71\x0f\xea\xfd\xf5\xab\x8ey\x91\xe7'\xcd\xa0\
\x88\x17\x17\xf3\xe8\x90&a\xde\x1d=\xb7I[\x10z\
{5#\x8dFc:\x16\x8b\xed\x8bD\x22\x9dp8\
\x9c9}\xfa\xf4\x904)\x0c\x09\xf3\x17+a\xa3\xe9\
t\xfa\xa0\xeb\xba_\xabV\xab\xffhii\xe9\xa9\x95\
\x95\x95\x04K\x96\xb8\xb0G4W\x89\xd8.\xb2\x0cB\
K\xa3]\xdd\xe9\x1c.l\x9a\xe6\xa0\xc9\x92\xedLd\
\xe9\xe2\xc9\x11@\x12A\xb8\xc1\x13\xa5\xcd\xd3\x86,\x89\
Ivuu\x95\xaby\xf5\xab,\xd1]\x1e\x94\x05\xef\
\xbc\xcc~\xa6-\x82\xce`G\x16G\x16&H-R\
\x15&h\xd2D\xf3\xac\xaev-sr\xd0\xdbo\x1c\
i6\x9bS\x91H\xe4@*\x95\x02~X:x\xf0\
`\xf1\xfa\xf5\xebC\xff\xb3C\xc2\xfc\x85f955\
\xb5\xbf\xddn\x7f\xa9X,~cii\xe9D&\x93\
\x89;\x8e\xf3\x80f\x89\xdb\x0c\xa2\xd1\xe8\xc0\xc9R\xd6\
\xf8\x834g\xa2\x13u\x99\xd7\x97\x9d\xaaU\xf2\x88\xc9\
\x04\xa9T\xaa\xfb~EN\xd6E\xf2eD\xc8\xc6\x95\
\xe5]F\x98\xb2x\xbc\xb4y\x9a\xa0i\xb9\xa0\x09O\
5p\xf2[\xee^\xd1/\x0dQ'\x8c\xce\xfb\x1c\x94\
\xa6\xc9\x92\xa6N\xbe\xe88\x1c\xd2\x0c\xd7\xeb\xf5\xb1N\
\xa73>22R\x1f\x1b\x1b[\x1fj\x9a\xbf\xc0c\
\xbdJ\xf6\xe0\xc1\x83\xb6eY{[\xad\xd6\xafW\xab\
\xd5\xef\xaf\xad\xad\x9d\xde\xd8\xd8\x88\xb1dIz\xab&\
qa\x8f\xc9J\xd6 !\x22\xcb\xa0\xd0\xdb\xa3\x15(\
Y\x0eZ\x1b\xf1\x9a\x16:\xc6\x87\xc1\x82\xc8!\x85\xce\
\xf7N\x82H\xbb%\x1a\x9a\x15\xd4\x81V\xab\xd5\xd52\
u\x9c\x19\x0c\xba<\xbc\xc8\xd7%\x14\xdd\xb4\xfd\x10_\
P\xa4\x89G\xceA\xbb\xc5SKt\x9e\x11\xde)\x9e\
\xa0\x04\xdf\x08\x9c'-\x16\x8b\xd1\xf5\xf5\xf5g\xf2\xf9\
\xfc?\x09\x85B\xdf\x8c\xc7\xe3\x87\x86+h\x1fs\x0d\
\xf3k_\xfb\xdax<\x1e\xffF\xb9\x5c\xfe\xd6\xca\xca\
\xca\x13\xeb\xeb\xeb\x0fh\x96\x84:\x9a\xcb\xab\x9b;U\
\x1c\x1d\x93\x91n\x9a^\x81\x0dEv<\xd7N\xd2(\
u;~]\xb0\xda\xa5\x17\x13\xa0\x1fx\xd50\x83J\
\x9b\xfd\x8d\xdf\xbaZ\xa6H\xee \xebAPq\x06\xa5\
\xb9\x06E\xe0^5M\xd2\xb3\x9c\xc1o\xdc\xb2B\xcb\
\xect:\xe1V\xab5j\xdb\xf6L:\x9dnw:\
\x9d\xe5|>\x9f___W\xe6\xe9Q\xc5c\xaba\
\xce\xcf\xcf\xdb\xa3\xa3\xa3gj\xb5\xda\xa5\xf5\xf5\xf5\xa7\
2\x99L\x8cG\x14H\x96^\xdd\xdc\xa9\xa0\x22\xcb~\
\xa4\xc9\x82\xf6\xe0\xc3s\xc3eJ\x1a\xfd\xea$Yr\
\xf4+\x1f\xe3\xd3\xda%.\xa6\x08B\xfe\xc3\x04^\xb9\
\x82\xd6b\xa2e\xcad\xf3\xbe\x83\x82\x97\xc1\x8d\x1f\x93\
\xaa\xa9,U\x98 H\x13O\x0d\xa2\x89O\xf7\x19q\
\xbf&\xedN\x0f\xadM\xa0if2\x99'\xf2\xf9\xfc\
\xaf5\x9b\xcd\xd7\xbf\xfa\xd5\xaf\x8e+3\xf3\x08\xe3\xb1\
$L \xcbl6\xbb\xa7\xd9l~%\x9b\xcd>\xb7\
\xb2\xb2\x12\x17\x91e2\x99\x94\x9e6\xe2e\x94\xdao\
S\x8e\x09\x90,y+bM;\x8d~hcAv\
\xb2\x22M\x0a\x17q\x95J%\xdfix\xcd\xcb\xa0,\
\x09&\x80\xba\x01\x83(h\x1b\xa0\x81\x07\x91\x97A\x98\
n\xbd\xd4[\xd9}]9\xbaa\xbcX\xa3t\xc2\xa0\
\x85\x08\x8f\x08\xd3\x89\x83\xe6Yh\x03\xf1x\xfc\x01\xd2\
\x04\x99\xb9\x5c.\xb6\xb2\xb2r\xaaV\xab\xfdf\xb5Z\
}\xceu\xdd\xc7g$\xc9\xe0\xb1#Lx\xd9\x9b\x9b\
\x9b\xbb\xda\xed\xf6\xe7+\x95\xca\xab\x0b\x0b\x0b\x0f\xac\x86\
\xb5z~5\xbdn\x1d\x09\xa2\xf2\xab<\xfa\xa8\xbc\x02\
\xe9\xa4\xcf\x92%\x1bW\xe5}H\xc7\x0b\x91\x9f9\xdd\
 :U\x9eVJ\xcbc\xb5\xcb \xc0#\x05\xf6\xc3\
\xcb\x8b\xees\x88H\xa7\x1f\xe4\xc3\x9b\xcb\x0cJ\xcb\xf7\
*c\xd0\xf52(\xf2U\xc9\xf2K\xdc\xf4\x1a\x04\x9c\
\xcf\xd4)\x07\xab\xb7=\x05w\x00\xd0\xd64t\x98\xb0\
\xb1\xb1\x11_ZZ:\xdfn\xb7_\xfbg\xff\xec\x9f\
\xed\x83,)3\xf4\x08\xe2q\x9b\xc3\xb4\xd6\xd7\xd7\xe7\
\x1c\xc7\xf9\x0c!\xe47\x16\x16\x16>].\x97\x1fp\
J@\xcfY\xf6C\xb3\xf4\xd2\xc9 \xc1\xa9\xe4\xeb6\
X\x15Y\x9a\xe4\xcb$\x9c\xdf\x91\xb8I<\x9d\xf8\xaa\
\x95\xb1&\xe9\xc8\xc8LG\xa6\x89\xa7\x1fU\x1eD\xda\
\xb4I\x9eh\xe0\x5c&}\xfcW\x90\x84\xed\xa5~\x04\
-7(9A\x94\x83\x9f0\xe8\x17\xd8d`cQ\
\x9e\x81\xac\x9eg!\x1c@\x22\xb16\x1a\x8d\xf0\xd8\xd8\
\xd8D$\x12\xf9o\xcf?\xff|\xf5\xda\xb5k\x833\
\xc9\xec\x10<6\x84\xf9\xa9O}*\xf1\xe5/\x7f\xf9\
\xc9h4\xfak\xcdf\xf3{\xb7o\xdf\xfel&\x93\
\x89\xd0\xa6\x0b\x18Y\xa1\xab\xbb\x9dD\x96*\x9862\
\x1c5\xa2\xbb;\xafi\xee$\xb2d\xf3\xa4\x13\x1f\xde\
3\xbc\xefB\xa1\xa0<\x07\xb2\xdf\xda\x9d)a\xea\xca\
T\xe5W'\xdf\xe8Y\x06\xb4\x0f\xdeY\x8b\xac<\x93\
\xba!\x92\xa1\x13\xb6\x1f\xf5/\xc8\xfc\xa9\xee\xf7\xab\x1f\
\xc1\xbd\xd4H\x80\xaa\xf4\xd8<A\x1c\xd42iM\x15\
\xde{\xb9\x5c\x9e\x1a\x1f\x1f?\x99L&;\xe7\xce\x9d\
\xcb\xba\xae[_^^\xf6~\x88\xeaC\x86\xc7\x820\
\x7f\xf0\x83\x1f\xa4\xf7\xee\xdd{:\x1c\x0e\xff\x93\x8d\x8d\
\x8d+7n\xdc8\x94\xcb\xe5\xb6\x9e\xdd\xea\x99`\xd3\
\xe9\xf4\xd6\x11G\xbc\xca%\xaat\xaa\xca\xdf\x0f\x92\xa4\
\xe5\xeb\x86\xa1}\xc3\x96\xcbe\xa9\xafP\x9e\x0c\xdd\xce\
P',\x1b\xc6\xb4\x03\xf4\x1a\x17A\xbb\xc0\xabT*\
B\x99\xfdx\x7f\xbcN\x0f\x8f\xf7\xda\xbd{\xf7\xd6=\
t\x8d\x87\x8e\x0b\x82\x06\x8f\xe4D\xcf\x0d\x1d0\xcfe\
\x9eJ\xbe\xd7r\xd4\x8dk*?\xa8wj\xd2\x0e\xbc\
\x84\xd1\xc9\xa7\xec>\xed{\x96\xd66ud\xa27 \
\xda\x95\x1e\xf6\x15\xadV\xcb\xca\xe5rs\x9dN\xe7\xc5\
\x99\x99\x99\xd9]\xbbv\xddz\xe9\xa5\x97\xea\xef\xbe\xfb\
\xae\x7fO\x1f\x0f\x01\x1ey\xc2\xbcz\xf5j\x82\x10\xf2\
T\xbb\xdd\xfe\xd6\xc6\xc6\xc6o/..\x8eB\x83G\
 Y\xaaL\xb0D@N~\x1a\x9e\xa5afU\xc5\
\xd7\xb9O\x13&\x10\x84I\x87\xa7\x93\x8e\xd7\xb0&\x08\
BK\xa0\xe3B\xc7\x1f\x8f\xc7I6\x9b\xf5\xbd_\x96\
\x977\xb6s\xe2\xfdg\xaf\xa3\x86I\xcb\xa15L^\
\xa7\xa7\xfaf\x7f{y6:>\xeb2\xcf\x8b<\xaf\
y\xd2\x89kJ\xca~a\x92\xa7\xa0\xf2m\x12\x175\
D\xdc\x12\xa7[\xfe\x16\xe5\xe0\xc0\xa2\xd6;\xa0\xccF\
\xa3\x11m6\x9b\x87&&&R\xae\xeb^\x7f\xe6\x99\
g\xaa?\xfd\xe9O\x1fyM\xf3\x91&\xcc\xf9\xf9\xf9\
h\xa3\xd18V\xadV\x7f;\x97\xcb}seee\
\xaaX,\xdewD\x17t\x9a^\xc9R\x05\xbf\x8dH\
\x16\xd7\x94,{\x95\xfc>G\xea&\xf1\x83\x08\xebG\
\xcb\xd0\xcd\x8bN\x1e\xc3\xe1p\xd7\x1c\x0b\xe5\xe1\xe5\xac\
K\x15q\xb1\xf9\xd4-CS\x93\xac\x0ei\xca\x88\xd4\
\x14\xa8\xad@{\x81z\xe4\x15~\xf2\xa4K>&\x1a\
\xa7i\x1eD2\xfc\xa6#\xbag\xd2\xdeY\xd0D\xe7\
\x974q^\x13-U\xadV+\xea8\xce\xbed2\
\x19\x1f\x19\x19\xb9\xf9\xc2\x0b/\x94\xdf}\xf7\xdd\x07\xf7\
\xa5=Bxd\x09s~~>\x9c\xcb\xe5\x0e5\x1a\
\x8d\xaf\x97\xcb\xe5\xdf^]]\xdd\x9b\xcb\xe5\xee#K\
\xe88S\xa9T\xf7{\xd0\x9a\xa5\x97{DS+e\
\xef\xf5\xdc]I\x9d\x12\x98\xa6a\x92_\x9dp^d\
{\x05\x9e_*\xd3.\xe92\xf0c\x05\xd0\x85\xd5;\
\xadd\xd0\x8e\x0b\xe8g\xd4\x09Kz\xdb\xadT\xc7\x7f\
\xe9\x22\x08\xf2\x0c\x22\x8c\xc9;\x96\x95\x95\xae\xb5\xc2\xd4\
\xaa\xa1\xeb\xc1G\x14\x97&MS\xeb\x03=\x00\xa1\xcf\
\xe4t\x1c\xc7j\xb5Z#\x84\x90]\xb1X,\x14\x0a\
\x85\xee\xec\xdf\xbf\xff\x91\xf6;\xfbH\x12\xe6\xfc\xfc\xbc\
].\x97\xf7\xd5\xeb\xf5\xdf\xa8V\xab\xbf\x95\xc9d\x8e\
f2\x99\x10{\xf01\x8c\x94c\xb1\x98\xf1\xa6l\xaf\
\x15W'\xae\x9ftyap/U\xadV\xe3:%\
\x10\xc9\xd0\xcdg\xd0D\xe2W\x9eN|<\xefQ\xb4\
\xef4H\xadL\x17<\x0d\x13\xea+\x90z?O+\
a\xb5Q\xd5\xbbG\xc7\xec2\xb3\xac_\x13\xf7 \x5c\
J\x8a\xc2\xf8%\xe1\xa0\xeaJ\x10\xa4\xcc\xc6A\xd2e\
\x9d\xb0\xe8l\xabAM\x13\xde?\xf6#=\x22\xb6\x1c\
\xc7I\x85\xc3\xe1\xe9H$\xd2\x1e\x1b\x1b[:p\xe0\
@\xe1\xfa\xf5\xeb\x8f\xe4Y\x9a\x8f\xe2>Lk}}\
}\xb6R\xa9\xbc\xd6l6\x7f-\x9b\xcd>\xb1\xba\xba\
\x1af\xc9\x12F\xc9\x83&K\x22\xd9\x0f\xe57]Q\
\x18xn\xf4\x00\xa2\x83A\x99\xb1\x82\x92'3\x85\x8a\
\x00\xef\x1d\x9d\x14\x98\x98\xef\x1e'\x88\x06\x0fPWa\
\xa0\xa1\xf2|\xe5\xa7L\xfb1P\x09z\x10(\xcbc\
?-3~\xac\x1d@t\x8dF\xa3;\xd0\xa1\xfb\x1c\
\xdd\xfc\x86B\xa1\xad\xf3\x7fI\xafo\x01\x99\x85B!\
\xb4\xb6\xb6v\xb4Z\xad~\xd5q\x9cW\xf7\xec\xd9\xb3\
\xffQun\xf0\xc89\xd3\xfd\xbd\xdf\xfb\xbdI\xdb\xb6\
_q\x1c\xe77\xb2\xd9\xec\xa9\xbbw\xefFi\xd3\x11\
\x92e2\x99\xdcZ\x01\xc6\x83\xcc\xbc!\x82\xcc\xb4\xd5\
O\xcdRv\x1f\x88R\x87,M\xf2\xc7:Q\xf0#\
+(\xb2\xd4\x054x]'\xd5\xfd\x06]_x\xcf\
\xc2\x12V\xd0\x9a\x97I>\xe9o\xe8tS\xa9Tw\
\xb0\xa92\xf1\xd3D\xeb5M/\xe6K\xbf\xd0IW\
\x96G\xdd\xf8\xaa\xfe\xc4$M\x1a\xa2{@\x96\x16\xb5\
\x12\xd6\xb4\x9c#\x91Hw{\x11Z\xac\x904\xf3\xf9\
|4\x14\x0a={\xe4\xc8\x91_\xb7m;\xff\x87\x7f\
\xf8\x87\xd0\xe9,)\x05>dx\xa4L\xb2g\xcf\x9e\
\x8d\x1d8p\xe0e\xc7q\xbe\xb5\xb6\xb6\xf6K\xb7o\
\xdf\x1e\xa1\xcd\x904Y\xc2(I\xd4a\x9a^\xf7z\
O\xa7\xc3\xf7\xd3\xa9CeFWY~\xe4\xeb\xcc\xf1\
\x98h\x15^\x88\x8eg:4M\x07\xbe\xd3\xe9t\xd7\
\xac\xe4u\x95\xa7N:\xa2\xb4\xd9\x0fM\x96h\x92\x9d\
\x9b\x9b\xdb\x92A/\xfa\xc1\xf2\x17\x99\x8b\x07mF\x86\
\xf6\x03m\x09\xc8S\xf7]x\xd5:M\x9fI'\x1d\
/s\xb7\xa6\xe8w\xfb\xf6*\x17\xea?\xae\x9c\xe5i\
\xb0*\xd0\x07P\xd3\x16\xb2Z\xad\x16i6\x9bsS\
SS\xe9H$r\xef\xfc\xf9\xf3\xc5\x1f\xff\xf8\xc7\xde\
W\x87\xed@<R\x84\xf9\xb5\xaf}\xedP(\x14\xfa\
\xbd\xd5\xd5\xd5_\xfd\xf8\xe3\x8f\x81,\xef\xab\x0d:\xdb\
G\x82&K\x19dn\xab\xe80^L\xb8\xa4\xa7\x09\
\xc8\x0eB\x0e\x8a\xdc\x06\xa5Q\x9a\x80'\x1f\xde?h\
\x98\xaaA\x84W\xf9\x84\xa3}\xeb\xbec\x8bZ\xf4\x83\
\xffa\xc0\x03\x84\xb9\xb2\xb2r\x9f\x0cY:2\x04\xa9\
\xa1\xe2\xe0\x83\xde\xa2\xd4O\x0d\xd8\xcf \xcb\xaf<\xdd\
4\xfd\xcc;\xf6\xc3\xd3\x96\xec\x1e\xbd\xdd\x847\xd0S\
\x81&M\x5c=\x0bq\xab\xd5j\xa4\xd1h\xec\x9b\x9d\
\x9dMu:\x9d\x9b\x9dN'\xb3\xbc\xbc\xfc\xc8\xac\x9c\
}d\xe60/_\xbe\x1c\x89D\x22/\xdd\xbbw\xef\
\xab7o\xdeL\xb2d\xd9oww\x83\x86\xaa\x81\x01\
Y\xd2\xfbM\x11\xa6\x1d\x85\xaeYJ\x17\xa2\x01\x80\x9f\
\x81\x01\x9b\x17Q\x9e\xd0\xc9\xba\x8ew#\x99\x89\x14\xcb\
\xc5k~Y\x12%L\xb9\xb0a\xd8\xb0*\xd9\xa2\x0f\
\xab\xe5\xf9\x19\xbc\xe0*Yt\xca\xce\x93gJ4\xdb\
Q'tM\xf3A\x84\x09\x82\xc0M\xcbC$\x0f\xb7\
\x99\xf1\xdcb\xeaX\x92\xa0\x0f\x85\xc1'}\xca\x09:\
}_]]\x1d\xf9\xe0\x83\x0f~9\x1a\x8d^\xfe\xd4\
\xa7>5)\xcd\xe0C\x86GB\xc3\x9c\x9f\x9f\xb7+\
\x95\xca\xfez\xbd\xfe\xc77o\xde<\xd1h4\x84d\
I{\xe3\xd7E\xd0\x1a\xa0\x9f\x86E4LN\xcdf\
Sz\x10r\x10$\x1f\xd4H_\x16\xc7\x8b\x09N\x14\
\x07\xad\x0bP.*\xc2\xf4C$~4\x05\xd1>L\
\xd40Md\x99\x867\xad\x17\xd0\xe1\xe2\xb1P\xb4\x96\
\xe9\x854\x07Y\xde~\xb4`?\xa4\xd9o\xf3,\xf1\
\xa0\xe1\xa2f\x08\xef\x91\x97\xb6j~\xd5\xa2\x5c\xef\xd1\
\xe6Y \xd3F\xa3\x11\xa9\xd7\xeb\x07\xe6\xe6\xe6n\x1e\
8p\xe0\xef\x1e\x95U\xb3\x0f=a^\xb8p!6\
55\xf5\x1c!\xe4\xfb\x0b\x0b\x0b\xbf\xba\xb9\xb9\x19\xc7\
\x17\x8d\xc7\xd6 Y\x8a4\x03\x11\xfcTn\xde}\xbf\
d\xa5j\x8c8j\xe4\x99\x1c\x83 \xb8~w\x82\xfd\
2\xd7\x86\xc3\xe1\xae\xf9\x10\x90\xcf\xe7\x1f\xd0*x\xff\
M4\x1a\xaf\xda\x0f\x0d\x11af\xb3Yc\xc2\xf4\xa2\
\xf1\xd2Z(}]6\xc7\x05\x9d$\x94-h\x1a0\
\x10\x09\xc2$\xeb\x85\xecM\xe3\xc9\xc2\xba\x1as\x9b:\
a\xe8\xb0&\xd7M\xc3\xd0\xf0\xd2_\xb1\x9e\x80L\xf2\
\xe0R'\x9d@=@?\xc3\xbd8V\xbd^\x8f%\
\x12\x89\xe9\xd9\xd9\xd9\x1b\xa1P({\xf7\xee]\xbd\xa5\
\xfa;\x18\x0f5a^\xb9r%v\xe4\xc8\x91S\xa1\
P\xe8\xf73\x99\xcc\xb7o\xdd\xba\x95\xc2\x17\x0c/\x10\
\xcfx3]\xe0#k\x84*\xd2\x0bJ\x83\x13\xe5I\
t\xcd\xed\x9d]\x08d\xc9j\x96\xba\x04'\xca\xbb\x8e\
\x06\xe7\x05&fa?\xe9\x8e\x8d\x8du\xeb\xc1\xfa\xfa\
\xba\xd6(\x9c\x17&(\x13\xa1\x08H\x98\xe8K\x96\xf8\
 L\x9d|\xab\xe2\xc8\xf2I\x87\x83\x0e\x17\xcdr\xa6\
\x8e\xfc\x83&'\x1dX\xcc\x22,\xd9}\xaf2\xd8\xb0\
\xaa\xb6\xab\x93_\x11L\xcaE\x94\x17\x1c\x5c\xf3\x16\x01\
\xe9>#\xfa\x9e%\xbd\x95\xf9=\x22\xb6\xaa\xd5\xea\xde\
c\xc7\x8eM\xce\xcd\xcd\xfd\xfc\xcc\x993\xa5\xf7\xde{\
\xef\xa1v\x9f\xf7\xd0\x12\xe6\xa5K\x97B\xa3\xa3\xa3G\
\xda\xed\xf6\xef\xac\xad\xad\xfd\xe6'\x9f|2\x8a\x0d\x16\
\xed\xebx \xaa\xc9\xc8\xcb/1x\xedL\xbd\x8c\x0e\
\xe9\xeb\x22O>~\x09.\xa8\xf9\x1d?r\xfd\x98t\
\xd1\xf5!\xef\x80l\x12\x80\x06\x10Tg\x0eu6(\
\x0d\x93F\x90\x96\x05\xdeutd\x00e\xac\xeb\xa3\x98\
\x95\xabKN&\x08B\x0b\xd4\x85\xd76\xe6\xc5J\xa5\
\x0b\xd3A\x11\xf4\x1bP\x07e\xfbke\xf9\xb3\xa8\xb9\
MB\xcdg\xba\xaek\xd7\xeb\xf5\xdd\x93\x93\x93\x89P\
(\xf4\xf3S\xa7N\x15\xde\x7f\xff\xfd`\x0e\x9e\xdd\x06\
<\xb4\x8b~\xa6\xa6\xa6v\xb5Z\xad_-\x14\x0a\xaf\
g2\x99\xf1r\xb9\xdc\xbdn\xf5\x9c\xa9\xcbN\x1d\x91\
\xa1\x1f\x0b\x0eT\xf7\x83 K \x83\xa0\xc8\xd2\x8b\xe9\
\xd5\x8b\xfc e\x12N\xbe\xe1}\xa1\x85\xa1X,n\
\x85c\xdf\xa7\xce{\x16\x85\x11\x85\x15\xc5\xf1R\xbft\
\xe3\xf9\xd5\x8ceryq\xf0\x1a\xd4=z\x01\x90\x9f\
:\x11\x14y\x9aX&\x82\xb0\x9e\xf4[\xd3\x0cZ.\
{\x1f\xde\x1f\xbcGt}\xa7\x13\x87\xbd\x86\x9a&\xf6\
\xbfn\xef\x98\xb1\x5c.7\xb6\xbc\xbc\xfcJ\xa7\xd3\xf9\
\xf5X,v`~~\xfe\xa1\xe5\x9d\x87\xd2q\xc1\xf7\
\xbf\xff\xfd\x89N\xa7\xf3\x19\xc7q\xbeT,\x16\x8f\xac\
\xad\xad\xd9\xf8\x92\xe1E\xd1+\xb7T\xe6%\xd7\xd0\xe3\
\x05O^\xbf\x1a\x9a\x0eY\xa2\xf7\x0e\x9es\x02]\xd3\
\x9a\x97\xfb^0\xa8\xce\x8b\xae\x0b\xa0\xfd\xc0`\x8a\x1d\
L\xf81K\xea\x841\xd5\x5cU$F\x83W62\
\xd2T\xc5\xd1\x0d#j/\xe8=\x06\x9d\xb2\xe3\x16\x83\
\xa0\x07\x98\x84\xa9\x1f*\xf9^\xc2\x8a\x10\xa4I\x98W\
\xee&\xfd\x94\x9f\xb4d@\x17\x9a\xf4\xcag\x1a:~\
\xa8QK\x85\xb6\x87N\x0d\xca\xe5\xb2\xbd\xb9\xb9yh\
||\xfc\xd5P(t\xbbX,\xd6\x1fV\xa7\x06\x0f\
\x9dI\xf6\xea\xd5\xab\x09\xc7qN\x8c\x8c\x8c|cc\
c\xe3K7n\xdc\x88\xe1\x9c\x1d\xedL=\x08S\x14\
}_4Z\x15\xdd\xeb\x97)\x94\x9dC\xc2\x15\xb1\xba\
\xc4\xefG\xab5\x91\xe1%\xbd\xa0I\x1a\xeaB4\x1a\
%\x9b\x9b\x9b[\xd7\xbc\x9a`u\xee\xfb1\xcfZ\xd4\
\x1c&\x96\x03\xfa\x92\xf5b\x92\xd5\xd1\xb0\xfc\x0c\x9a\xd8\
z\x08\xffq\xcb\x96\xd7C\xc9Y\xd9A\x0e\xea\xfc\x86\
\xd5\xcd\x93n=\x90Y&\xbc\x80\xa7i\xeah\xd8\xec\
}$E\x91iV'\x8f\x16\xe3\xac\x9d\xfc\xc2\xa9A\
\xc8q\x9c\xdd\x87\x0f\x1f\xb6\x1b\x8d\xc6\xdf\xbc\xf8\xe2\x8b\
\x8d\x87\xf1\x0c\xcd\x87\x8a0/]\xba\x14\x8aF\xa3\x87\
\x09!\xdf\xc9d2_\xbfs\xe7N\x9a\xde\x98\x0f#\
\x5c\xd1\x12i\x1a\xa6\xe4&2{\xe8\xca7\x0d\xa3\x9b\
\x16\xeflK?\xc4\xa4\xfb\x9c\xa6\xe5\xa1\x92\xe5'\x8e\
\xc8L\x88\x96\x06\xd3\xb9K\x9d\xfb^:6UG\x8a\
s\x98\xf4\xa2\x1f\x11a\x0e\xda\xa2\xa1s\x1f4\x09\x5c\
h\xc7\x9b\xcb\xa4\xcd\xe4\xa6\x08R\xbb\xd3\x0d\xe3\x954\
\xfbi\xd6%\x01;@\x10Y\x14\x5c\x81\x93v\x1d\xb8\
\xd4\xf6\x22t\xd6\x0e\xa4\x09\xbf[\xadV\xa8Z\xad\xee\
\x19\x1f\x1fO\xd8\xb6\xfd\xb3\xf3\xe7\xcf\x17\xaf]\xbb\xf6\
P\x9dl\xf2P\x11\xe6\x17\xbf\xf8\xc5]\xcdf\xf3\xd7\
\xcb\xe5\xf2oe2\x99\xbd\x1b\x1b\x1b[o\x1c\x17\x1e\
\xa8\xf6Y\x06E|2\xcdR\xa6\x8d\xea\xc8\xd5\x01t\
P\xb8\xd7\xb2\xdf\x0d\xd9D\x86\x89f\xe3\xe5]\x88H\
\x87\xbd\x96L&\xbb\xa4\x09\xda\xa5\xcb\xd97k\x02]\
\xf3\xac_\x0dsjj\xea>\xc2\x04\xf4S\xc3\xa4\xc3\
\xea@5\xcf\xcaj\x99~45/qL\xde\x81_\
\x12\xee\xd7\xa08\xc8\xf7\x85P\x95\x0b{\x9d\xd62Y\
'/&\x83*\x1cX\xa3\xb3\xf7\xde\xca\xd9\x98m\xdb\
\x13\xa1P\xa8\x15\x0e\x87\xef\xbc\xfe\xfa\xeb\x85\xb7\xdf~\
\xfb\xa1\xd9\xa3\xf9\xd0\xcca^\xb9re\xb4^\xaf\x7f\
\xda\xb2\xac\xd7K\xa5\xd2\x91\x95\x95\x15\x8b~\xb1\xd09\
z\x99\x0b\x90U\x00/&-\xd1\x5c\x12\x9d\xb6l\x9e\
Ig\x8e\x14M\xb1h\xee\xf0*W\xf6\x1c~\xc2\xf4\
\x8b,\x89@\xa3d\x7f\xc7\xe3\xf1\xad\xb9K\xd9\xdc \
\x0f~:R?Z\xa9lQ\x8d\xc9\xbc$\x9b\x9e)\
y\xe8\xbc;Qx\xd0\xe4\xd1A\x04;o,\x8a\xab\
[\xde\xaa\x01\x93n\x18\xd3\xb4\xfbi\x89\x90\xb5w/\
\xef\x5c\x14\xd7\xcb`\x19\xfa\x17 K\x18x\xf2d\xea\
\xbe7z\x9f.\xd4\x87b\xb1hE\xa3\xd1\x03cc\
c\x9fo4\x1a\xd7\xf3\xf9|\x99\x10\xd2\xbf\xf3\xeb\x02\
\xc6C\xa1a^\xbe|9bY\xd6\x93\xf1x\xfc\x1f\
nll\xfc\xca\x87\x1f~\xb8u\x02\x09\xbcT\xf4\x11\
\x8a'\x83\xf3\xe0gDg\x12>h-\x8f\x17\x07\x9e\
\x1dW\x05{\x95\x114\xb9\xa94\x1a/D)\x82\xaa\
\xf1\xa6R)\xaev\xc9\x86\xd5\x19y\x9bt\xac\xb2\x8f\
\x0a\x16\xe5\xb8\x80\x8e\x07\xcf \xd20\xfd\xa6I\xa7\x1d\
\xe4\x1c=;\x97\xc9j\x1d~\xa1\xaaK\xa6\x9a\xb5\x9f\
6`\xa2\x9d\x9b\xde\xf3c\xb5\x08\xc2\x92\x86\x03\x1e\x9e\
S\x03\x9d\xc1\x1a\x1b\x16M\xb3\xd5j\xd5n\xb7\xdb\xbb\
\x8f\x1c9\x12n4\x1a?y\xee\xb9\xe7J\xef\xbf\xff\
\xfeC\xe1\xd4\xe0\xa1 \xcc\x17^x\xe1\xa0m\xdb\xdf\
\xc9d2\xdfXXX\x18E\x1f\xa9Vo\x0b\x09\x8c\
h-\xc9\xbc\x9a\x97\xca\x1e\x14\xc1\xea\xc6\x93\x91\x1a\x0b\
\x18\xc9\x9b\x1c\x06-\xba\x1e\xb4&h\x9a\x07Yx\x91\
V\xa8\xeax\xd0\xbf%\xed\x02\xcfdt\xdco\xadC\
\x04$\xcc={\xf6\xdc''\x9b\xcd\x92\xe5\xe5ec\
Y^\xeey\x89\xcf\xfeW\xed\xcbTiN\xfd0\x97\
\xcb\x10\xc4t\xc6v\x9ag\x83\x9ak\x97Y\xcb\xf0(\
0\xaf\x96\x1a\xeck\x80\x80\xa1~\x80\xac\xde|\xe6\xae\
\xd1\xd1\xd1x,\x16\xfb\xd9k\xaf\xbd\x96\x7f\x18L\xb3\
;\x9e0/]\xba4\x17\x8f\xc7\xff`ss\xf3\x9b\
\x9f|\xf2\xc9\x5c>\x9f\xb7\xe0e@\xa1\xa3'\x1fQ\
\xe7\xef\xb5\x22\x06I\xb0:\xe9\x99\x84\xc7\xa5\xdf:\xe6\
\x1e\xaf\xf9\x08bt\xeaE\x16\x0b\x9e\xb9\x95\xbdO\x7f\
p\x95\xb4\xdb\xf3\xc1\xeaj\xec%\x94\xa5)J\xc74\
\xbe\x0e,\x81\xa7\x1f\xd00M\x09S\x95?/Z(\
/>O\x9e\xdb\xdb{\x87\xa68\xde\xfe`\xafi\xf3\
\xa0Cx\xa6\x96\x02\x1d\x98\x90\x87\x0e\x82\x18\x98\xea\xc2\
\x84d\x81\xe0\xe0}\xa2\xfb;\xd3\xe7\xc6{\x10\x1f>\
\xb8\xd5\x04\xe4\xd6j\xb5\xb8\xe38\xfb\xd3\xe9\xf4X\xa5\
RYZYYY/\x95J;\x9a4w4a\xce\
\xcf\xcf\xdb\x91H\xe4\xab\x1b\x1b\x1b\xff\xe3\xf5\xeb\xd7'\
+\x95J\xb7V\xd1d)2\xc3z1%\xa9\xb4.\
Q\x1c/\xf7L\xe3X\xbd%\xda\xb8\xcfM\x16\xb7\xdf\
dii\xb8\xd1\xd3)KY8\xd9\x1c\x9cHk\x19\
\x1d\x1d\xed\xd6\x89L&c\xacU\xf2:\xf1 ;v\
V\xae\xc59\x0fsjj\x8a\xaba\xae\xac\xac\xdc\x17\
6\xe8\xbc\x04\xfd\xdc\xe8\xd4\x1b=m\xd1\xdbLTu\
\x93\xfd\xad[\x8f\x88\xa4\xfd\x9aN-x\xd5\x18M\xd2\
1\xd5\x0c\xbd\x98gUmT7\x0ej\x86\xa6\x9e\x80\
X@\xfcH$\xd2}\x86\xde\xfa\x0b+\x9f\xcf\xa7\x9a\
\xcd\xe6\xc9\xfd\xfb\xf7O\x9d:u\xea\xff}\xe7\x9dw\
v\xf4\xf9\x99;\xda\xe3B\xa5R\x99.\x95J_\xbb\
{\xf7n\x02\x0f\xfc\xc59K\x5c\xe4\xe3w\x1e\x03\x11\
$\xb9y\x85\xac\x12\xa3'\x0e\xdd\x13\xeeu\xe4z\x09\
\x17\xd4\x00\xc1b\x1c\xe1#D\x1a\x90\x8c\xd4Hoq\
\x01\xbd\xd0\x87\x8d\xc7\xc6\xd1\xd1\xb2\xbc\x0c\xa0T\xf3\x8a\
\xbc\x81\x80\x8a\xb0e\xe5#\x92\xaf\x0bU\x1b\x92\xc9\x96\
]\x87\xba\x8a\xce\x0c,f\xd1\x96\xe8\x99d\xbf\x83j\
\xcb\xfdn\x0b\xfd\x9a\xc2`\x07\x05\xbc\x8f\x89<U^\
\xd9{\xe8 \x85W\xbfLM\xf8\xd0wG\xa3\xd1-\
\x07\x17\xd9l6\xfe\xd1G\x1f\xbd\xd2h4>+\x14\
\xb4C\xb0c5\xcc7\xdf|3\xd9h4>\xb7\xb1\
\xb1\xf1\x8f\xee\xde\xbd;\x8e\x04\x88\xfb\xebd\x0b|H\
\x1f\xe6 M\xe5\x98\xe6M%\x0f:\x1f\xd1\x86p\xd5\
\xc8V'/~\xc3\x98@5RVi\x87\xbc\xffx\
\x84\x1bo\xa1\x0f/\x8e\xe8\x1a{\xdf\x8f\xa6e\xa2\x15\
@}f\xb7\x95\xb8\x1as\x98\x22K\x8aI\x1eu\xf2\
\xe7u\xca\x03\x061\xd0\xd9\xe2\x9c\xbb\x8e\xc5\x87\xbd\xc6\
\x92\xab\xa9\xa6%\x92\xefw\x80\xa8\xba\xef\x87\xb8e\x83\
\x18\x19\xbc\x0c\x98t\xef\x01\xc1\x89\xce\x13\xd6\x95C\x13\
<}\xf8t\xbb\xdd\x8e\x8f\x8e\x8e\xe6^y\xe5\x95\x1f\
\xedd\x87\x06;\x920\xe7\xe7\xe7\xc3\x95J\xe5Y\xc7\
q~\xe7\xf6\xed\xdb/\x94\xcb\xe5n>\xb1S\xf4J\
\x96\xc4\xc3\x1c\x8e\x17r\x0b\x92\xc8\xe1:\xee\xb9\x14\xe5\
Web\xf1\x03?\xcf\xaa\x13V\xa5\x0d\xca\xc2\xd2\x80\
z\xc1\x1bT\x04A\x9e\xba\xc4\xaa\xd2$e\xb0\x04\x8b\
~Ts\x98\xac6\x16D\xfdV\xdd\xd3!=Bu\
\xb0p\x9f\xdd\x97\xa9j\xa3\xaa\xf4\xbch\xfe^\xee\xe9\
\xc0\xab\xa6\xe9\xa5m\xf9m\x8f~\xea>\xad\xb4\x88\xe2\
\xe8\xd69$\xddV\xab\xd5\xfd_\xaf\xd7\xed\x89\x89\x89\
D:\x9d\xfe\xd1\xa9S\xa7\xd6v\xaa\x83\xf6\x1d\xb9\x0f\
smmm\xd2u\xdd/f2\x99_\xde\xdc\xdc\x8c\
\xb8\xbd\x05\x1d^\xf7Z\x12\xc5\x88\xcd\x84l\xfaQa\
eyFS\xac\xe80h\x9eLZ\xeb\x90\x91\xac\x0a\
*\xed\xc5T\x86\x88\xf0L4J\xd1\xf3\xc0`jc\
c\xc3\xa8!\xcb\xc2\xf2\xf2\xab\xab\xd9\xd0aM\xe2\xf0\
\xae\xa9\x88\x8fMG\xa6\x9d\x89\xe2\xb0\xf7xqy\xd7\
\xd9\xfa\xc7\xe6\x01\x08\x13\x06z0\x98q)\x0f2D\
\xa3\xdd\xb12e\xe9\xe9@\x14\xd6\xef;\xd2\xbd\xef\x95\
\x94E\xefh\x90\xf2\xe8\xfb0(\xc5\xf9L\xd1\xf4\x90\
n[\x83\xc1\x14\xf4\xe90\x98\x02y\xb7n\xdd:2\
==\xfd\xf5x<\xbeD\x08Y\xf4\xf0x}\xc7\x8e\
\x9b\xc3\xbcz\xf5j\x22\x1c\x0e_\xac\xd7\xeb\xbf\x99\xcd\
f'A\xbb\x82\xc2\x84\x0eQt\xc8\xa9\x0aAj\xa3\
\xa2\x91\xbc\xd7\x91\xbe\x8a\x8c`\x04\xc6s\xac\xae\x82\x1f\
s\x10\xf1i\xe6\xe5\x85e\xcb\x87\xfd-\xba\xa7\x0a\xeb\
\xf6\xb6\x92\xe0\xca;U\xf9\x8b\xde\x89H3\xd4\xd1\x16\
E\xf5@\x16G%\xc3$\x1e/\xbf2\x19\xa22\x16\
]\x93=#\xfd\xc1\xc3\x88\xe9\x0f\x0c\xf6\xa0\xfd\xa2F\
\xa1j?l\x99\xa9\xea\x80_\x0bG\x90\xe6Y?0\
\xedW\xfc\xe4\xd3O\x99\xe1\x00\xdeT\xcb\x17\x95=\xf6\
\xeb\xbd\xc3\xef\xe3\x99L\xe6U\xd7u\xbf\xf2G\x7f\xf4\
Gc\xda\xc2\x07\x88\x1de\x92\x9d\x9f\x9f\xb7k\xb5\xda\
\xd3\x84\x90\xdf\xc9d2//,,\xc4\x5c\xca/\xa8\
N\xe5\x0e\xa2R\x8bF\xeb^e{1\xc3\xf6|/\
\x0a\xcf\x18\xf4\xda\xf8\xfdt\x0c&\x9d\x0b\x0f\xa2N\x91\
\xf7_t\x8dw=\x9dNw\xcb\x0a]p\x89\xe2\xa8\
H\xd2\xf4\x19t\xc2\xeaj\x03Vo\x95\xec\xde\xbd{\
\xb7\xaeA'\xa22\xc9\xaa\xac\x00\xa28:\xd0!]\
\x1d\x19\xd0!B\xc7\x88\x1d\xad,O2\xb3\xedv\xb5\
G\xdd0\xb2\xf6\xa1\x22\x98 \xda\x94\xc9=\x9d\xfb\x22\
\xc8\x1c\x1a t\xads8\xbd\x06\x03^\xc7q,\xc7\
q\xd2\xbbw\xef\x86\xf6|\xe3\xe0\xc1\x83+\xd7\xaf_\
\xf7g/\x0f\x18;\xca$[,\x16\xc7\x1d\xc7\xf9\xe5\
L&\xf3\xab\x0b\x0b\x0bq\xdc\xe4\x0a\x1a\x04\xd1\xe8\x80\
\xd8{^GZ\xa2\x0eH\x96\xaei\x1a\xaa8\xb8*\
\x8dg\xf6\xf0\xda\xf0L:J^\x5c]\xad\x89\xf7\x8e\
t;^Q\x1a\x22B\x85\x81\x14ou\xacn\x9a^\
;\x0d\x9dtx\xf7\xbc\xa4\xc7\xc6\xe1\x99GM\xea\xa6\
\xdfg\xe6M\x05\xc8L\xb9P\x8f'&&H\xa9T\
\xe2\xba\xcb#\x9c\xb6\xcdk\xcb^\xea\x1d\x0f\xa6\x83$\
\x93tt\xfa\x1c\xdd\xfeK\xe7\x9eWy\x22\xe8\x84\x87\
~\x19\x06\xa7\xb8\x00\xc8\xe4]\xf1\xee\xe1t\x1b\x0c\xa8\
\xb2\xd9l\xec\xc3\x0f?\xfc\xec\xd3O?\xbdx\xf8\xf0\
\xe1EBHp\x9b\x90\x03\xc0\x8e\xd10/]\xba\x14\
\x8d\xc7\xe3/W*\x95\xcb+++\x87766\xba\
y\xc3-$d\x00\x0bPD\xf7d\xa3x/#C\
Y\x1c4]\xc9V\xc5\xf2\xe4\xf95\xd3\xc8\xc2\x99\x9a\
puHPd\x0ad!\xbb\x06i\xa5R\xa9n\xc3\
\xcd\xe7\xf3\xc2\xf0\xbc\xb4UaD\x90\x99\x12eaT\
\x9d\xb4E\xed\xc3\xa4\x09icc\x83,--i\xcb\
\x97i\xd1\xba\x9a\xaeLc\x95i\x80\xa2\xebn\xcfl\
\xce\xee\xc9T\xc9\xd1\x05/O:}\x85j:F\x05\
\xd5@\xc9\x0ba\xf5c\xf0\xed5=\x1e\xf0ypK\
\x08\x9aS\x89G\x8b\x0d\xe6\x01\xea\x06j\x99\xadV+\
\x92H$\xa2\x91Hd\xfd\xe5\x97_\xfe\xf8\x9dw\xde\
\xd91n\xf3v\xcc\x1c\xe6\xae]\xbb\xf6G\x22\x91/\
\x15\x8b\xc53KKK\xdd\x85>8w\x89Pu\x12\
\xba/\xcc\xb4\x82\xf1\xe4\x8b\xae\xa9\xf2\xa0J\x1b\xb5K\
\xdcs\xa9+/\x08\xcd\xd2/Y\x12\xc5\xfc\x13{\x8d\
\x17\xc6\xa5\xe6\xc3\xe8\xe7\xc7\xff\xf45\x18H\xc1\xe8\x14\
4\x17\x15Y\xf0\xd2\xe6\x85a!z\xa7\xa6\xef]\xa7\
\xbe\x88\x9e\xdd\x94\xf4t\xd2\x90=\x97\xac\x5cLH\x1a\
\x01\xf5\x19\xf7d\x92^g\xcb>\xaf\x97\xb6\xcd\xd6-\
\xf6w\x10\xd3\x0f^\xe2\x12\x8dvi\xf2\xbc:\xf7\xbc\
>#\x1b\xd7\xc4\x0a\x05\xef\x14>\xb2\x81\x81\xaa\x8e\xe3\
\x87\xf4L\xbc \xabT*\x85\xef\xde\xbd\xfbL4\x1a\
\xfdJ\xb3\xd9<<??\xbfcxjGd\xe4\x07\
?\xf8A\xba\xd3\xe9|auu\xf5\x1f\xdc\xbd{7\
\x8e+B\xa1\x00\xd1\x1d\x93\xacR\x88H\xae\x9f\x95Q\
5z4m(\x08xv\x18\x85\xb3\xabbEd\xa6\
\xd3\x81\xca\xa0\x9aw\xd1\x81\x88Lx\xbfUa\xd8p\
DB6@\x980\xa8*\x16\x8b\xdc\x86(#\x05Q\
G\xcf\xbb\xafS't\xeb\x96\xac\x0cu\xae\xc9\xd2\xd0\
IO\x14F\x16OV^l\xb9\xb3\xd7\xf0w\xb5Z\
\xed\xce3\xa3\xebB\xd5;Q\xd5\x0fY\xfey\xffe\
\xe8\xa7\x86\xe6z\xb4Ly\xcd\x93\x97\xbeM\xa7\xbf\xe3\
\xa5\x8d\x03!\x9d\xe7Q\xc1\xed\xed\x84@\x17z\xb9\x5c\
.\xf6\xe1\x87\x1f\xbe\xe4\xba\xeeoU*\x95i_\xc2\
\x03\xc4\xb6\x9bd\xbf\xfe\xf5\xaf\xa7\xe3\xf1\xf8\xaf\xe7\xf3\
\xf97o\xdf\xbe} \x9b\xcdvI\x1c\x9dh#\xfa\
en5\x95\xe3u\x8eB7\x1eh\x96:\xa6X\xd5\
3\x8a\x1a\xaan|S\xc8:<\xa2a\x125\xe9\xa4\
\xd1\x14\x0b\xf5#\x9b\xcd\xde\xb7\x8aX&\xc7\x84dT\
\xe4hJ\x88\x22\xb8\x94y\x99\xe7\x1a\x8fg\x925\x91\
+\xeb\x0cedi\xd2\xf1\xf2d\xb2\xffq\xb5;h\
\x99\xe8\x9f\x94M\x9b(L\xbe\xba\xf97!K\x16\xb2\
x*\x99\xaa\xb8\xa6\x03\xdc\xa0\xdb\xa8)Dyu\x99\
\x01\xbe\xdb[\xd8\xc5\x9b\xdb6\x91eQ\xfb3\xa1~\
\x94J\xa5x8\x1c\xde766f\x9f<y\xf2\xe7\
?\xf9\xc9O\xaa\xbe\x1f\xca'\xb6\x950\xdf|\xf3\xcd\
d4\x1a\xfdZ.\x97\xfb\xef\xef\xdc\xb9\xf3\xc4\xfa\xfa\
z\x08\x0a\x0d\xc8\x12\xcd7$ \xb2\xf4cz\xf1\x93\
\xb6\xaei\x07\x17G\x00a\xfa\x95\xa9\x9a\x9f\x09\xda|\
+\xd3Lt\xc2\xe8\x92\x14\x02\x882\x99Lv\xb5\x96\
J\xa5\xa2L[t\xad_\x9d#1 jBu\xa6\
\xd3\xd3\xd3\xf7\xad\x92u{\x8e\x0b\xee\xdd\xbb\xa7%\xa7\
\x9f\xd0\xa9\x87\xaa00\xb0\x81\x8e\x15\x06;\xa2\xd5\xdf\
\xa6\x03+U^t\xe6\x5cU\xcf`\x12_\x15W6\
\xe5#\x82\x9fz\xca\xcb\x03\xef\xba\xe8\xdd\xe9\xbcw\xb4\
\x86\xa1\xbb;\x93v\xc6\x02\xb7 \xb9\xbf\xf07k\x17\
\x0a\x85q\xdb\xb6\x0fMMMu>\xf7\xb9\xcf\xfd\xfc\
\x87?\xfca][X\x1f\xb0\x9d&Y\xabZ\xad\x1e\
o\xb7\xdb\xaf\xe7\xf3\xf9\xbd\xeb\xeb\xeb\xdd\xb7\x00\x0d\x0a\
\x08S6\xa2\x95u\x12&\x1aE\xd0\x9d\x0f\x1bW\xc7\
lK\xcf[\xb2N\xaaM\xcd\xb0\x83\x9c\xb3\x91iW\
l9\x9a\x86q%\xa6>\xd2[\x08\xc6\x9aber\
Uadayy\x12\xc97\xadCl\xf9\xd1\x9d\x8d\
\xac|e\xb2Ty\xd1yo\xbae\xa3S\xae\xec\xbb\
\xac\xd5j\xdd\x0e\x16H\xd3\xcf\xdc%\x9b\x7fU}\x22\
\x8c6/C?\x07\x9b\xae`\xbbZ\x90fa\x932\
\xd5\xb9\xa7J\xd3\xa5\xe63QC4\x1d\xa8\xd0\xe9\x85\
B\xa1.\xf9\x86\xc3a\xe8\x13\xed\xa5\xa5\xa5=\xf5z\
\xfd\x95Z\xadv\xfa\xd2\xa5K\xdb\xaa\xe4m\x1ba^\
\xbe|y\xd4\xb6\xedW\xb2\xd9\xec\xebw\xef\xdeM\xa0\
\xf7\x08((\xabwv\x9a\xe9\x8b\x17!(-\xd2K\
C\xd3\x9do\x10m!1\xc9\x07\xaf1\x9a\xe4\x85\xcd\
\x93ny\x8b~\xb3rE\xe1e\x9d7\xfb\x1f\xc8\x12\
\x06U\xb8E\xc1\x15\x10\xab\x8c\xd8x\xd7T\xc4\x22*\
\x1bYy\xaa>\xbcg\xe5\x99\xd3U\xef\xc6K^x\
reqx\xf7Dae\x8b\x96\xf0\x9cR\xf4\x07-\
\xabO\xb2z\xc6\xfb\xcf^S\xbdk/eI\x06\xbc\
*U\x85A\xcc\x8f\xea\xf4\x09\xadVk\xcb9\xbb\x9f\
\xc5D\x08$M\xa8#\xf9|>~\xfb\xf6\xed\x17\x1d\
\xc7\xb94333c$(`l\x0ba\xc2(!\
\x1c\x0e\x9f\xa9\xd5j_\xc9\xe5r\xa9J\xa5bY\xbd\
%\xcaPH~*\xac\xdf\xb0^+\xb4\x9f\x86\x00\x83\
\x05\x9c\x87\xf3\xa2\x01\xca\xcc=A\xe4O47\xa1\x22\
NY\xc7\xac\xea\x0c\xd9t\x10x\xa4\x1b\x10&O\x0e\
/\xae\x8a8E\xf7d\x84\xc2\x8b\xa3\xdb\xe1\xca\xca\x80\
\xd7\x99\xeb<\xa7i^T\xe4!\x0a\xaf[.\xa24\
h-3\x9dNs\xcb\x85\xf7[Uf:q\xd9\xfb\
A\xb4\x09\xd3{*\x99A\x91\xb1W\xd2t=\x1c\x89\
\x88\x00\x0d\x13=;y\x9d\x9e\x22\xd4\xfb\xa1vIX\
\x1b\x1b\x1b\xc9l6{\xde\xb6\xed\x8bW\xae\x5c\x89i\
\x09\xea\x03\xb6\xc5q\xc1\xae]\xbb&m\xdb\xfe\xa5L\
&\xf3\xe2\xe2\xe2b7\x0f<Sl\xbf\x88Q\x14G\
\xd6\xf8U\xa6P\xd5hW\x94.z\xf4\xa1\xc3\x9a\x92\
&\xdb\x91\xe9\xe6O\xd7\x0c+\xeapLG\xf8^\x7f\
\xe3\x7ftR\xc0n\x80W\xc5\x15A\xe7\x9dy\x91\xab\
\x13V\xd5\xa9{\xc9\x83\xaa~\x88\xc2\xb2\xefS\xa6!\
\xf0\xde\xbd\xac\xbd\xd2\xf1\xf07t\xaa\xb8\xa8\xafX,\
n\xbdKK\xc3\x87,\x9b\x0f\x8b\xe3\x17Wg*\x04\
\xe3\xa8\xc2\xb2\xcf\xa8{=h\xe8\x10 \xef\x9d\x99\xf6\
i\xb2\xbeG\xf5\xac\xf0\x1e\xa1/C\xcdP6X\xd1\
\x01\x1eZ\x0d\xdf\xbd\xad&\xa7w\xef\xde\xfd\x95Z\xad\
\xf6.!dA[P\x80\x18\xb8=\xf8\xec\xd9\xb3\xf6\
\x9e={\xbeP,\x16\xbf\x7f\xef\xde\xbd]\xc5b\xd1\
Bo>x\xb8(\x19\xc0\x0a\xb1\xa0\xc88\x08\x8d\x10\
\xcd\xb1\xa2\x8eMU\xc9\x826\x15\x8b\xd2\xe6\xfd\x16]\
Su0:\x0d\x89\x1dD\xa0\x93\x82\xcd\xcd\xcd\x07\xc2\
\x99th:Z\x8a.t;[\xd5{\xc4\xe3\xbdX\
\xd7x\x1b\x1b\x1b\xddE?,x\xa6[\x11L\xdb\x8b\
iG\xa7j\x03\xa2\x81)t\xac\xd0\xf6i\x97y2\
-IfI\xd1\xcd\x9fN:*\x19:\xd7u\xf2%\
\xaa\x17:\xf5E7/A\x9a\x88u\xc2\xd2\x0e\x0dL\
\xf3\xcf\x0b\x8f\x8b\x80z[X\xecP(\x14O\xa5R\
\xd9\xf3\xe7\xcf\xff\xfc\xbd\xf7\xdek\x1a%\x10\x00\x06\xae\
aF\x22\x911\xdb\xb6_-\x16\x8bO\xac\xae\xae\xda\
\xbdk\xf7\xad\xb0\xf2\xa2\xcd\x99\x84\x0d\xc2\xc6.\x8b\xa3\
K\xb0Vo\xb1\x0f|d\x9d_\xd0s&~\xc8\xd2\
\x84@u\xc2\xe8\x12\x1d\xce]\xa2\x0b<]\x8dL\x95\
\x17\xdd\xb8\xaa{\xfd\x8a+zV\x1d\xab\x82H\xb6n\
\x9d\xd1\x1d\xa8\x89\xac#<\xcd\x0f\x01$\x09\x1a\xe6\xc8\
\xc8\xc8\x96\x96\xc9\xabs\x22r\xe4\x11\x9eJ+f\xb5\
QVs\xd5y^\xd3A\xad\x97{\xaa\xbcx\xa9K\
~\xe4\xa9`1n3q54\x0c\x86\xfcj\x99 \
\x1b]\xe7U*\x15kee\xe5\xd0\x81\x03\x07^u\
]\xf7\x87\x84\x90\xff\xe6+\xe3\x1e0p\x0d\xf3\x1b\xdf\
\xf8\xc63\xab\xab\xab\xff\xc3\xe2\xe2\xe2T\xa5R\xe9\x12\
%:V7\xe9\x04\x88b\x94mB>A\x92\x8e.\
\xf1\xa2\xc9\x02\xb4K L\x93\xd1\xb4\x9f|\xeb@\xc7\
\xc4\xec\x97Lu\x88\x95\xfe\x9dN\xa7\xb7\xb4KY=\
Q5N\x93\xceD\xd6\x91\x9a4z\x9d\x0e\xd9\xe2l\
+\x09J\xc3\xa4\xe3\x88\xae\xfbiG:\xf1t\xb4L\
\xbf\x83X\x95&)\xbb\xce\xe6\xcb\x14^\xdb\xa9\xa9v\
\xae\x92\xe7%\x0f2\x98\xb6\x17Bi\x99\xa8\x04\xe9\xe6\
E$\x97\xd62\xeb\xf5z\xc8u\xdd\xd1\xf1\xf1\xf1\xaa\
m\xdb\xd7\xee\xdd\xbb\xd76|$_\x18\xf8\xa2\x9fF\
\xa3q\xa1T*\xcdB\xc7\x07\x85\x80\x0e|\xe9Uu\
\xba\x95\xc4\xb4\x91\x13\x85\x89\x8e\xf7\xe1\xdd\x17\xc5\x91\xc9\
\xe2\xe5\x11\x9e\x19=e\xe8>\x9b\xdf|\xab\xc0\x1b\xe5\
\xbb\x1c\xf7e\x84\xd1~x\xd7\x88!\xa9\x89d\xa3\xb9\
\x1e\xe7.e\xab0\xd9\xe7\xe6\xfd\x17]S\xc5U\x95\
\xa5\xea]\xc8`\xf2\x8exe\xa6\x93GU\xdet\xca\
\x83\x97_U<^\xfdq{N:\xd0e\x1e{\xfc\
\x17\xaf\xccx\xefOv\x9f\x17NUgt\x89EV\
\xee\xba\xf5\x05\xa1\x1a\xc8\x98\xc4Q\xdd3\x85\x97\x01\x99\
\xdb\xd32i\xb7y^\xfb'\xbc\x87N/\x8043\
\x99\xcct\xa7\xd3y\xf1\xe2\xc5\x8b\xbb\x03zLm\x0c\
\xd4$\xfb\xc6\x1bo\xa4J\xa5\xd2\xe7\xee\xdd\xbb\xb7u\
l\x17{zw\x10\xda\x9c\xac\x82\x9a\x98cM\xe4\x9b\
\x98^p\x80\x80\xcb\xb0y2u4\x12\x93{:\xda\
\xa8\xa8\xb3\x12uD\xbc|\xd3\xd0\x95%\x93\x03\xf9\xc2\
-\x08\xb8\xefR\x16\xc7\xe4\xbe\x0a:\xcf\xa6\x8a\xcf\x9a\
\x01\xbd\xa4\xa9S\x9fu\xe6\xf5xaymO\xd6y\
\x11E\xbb\xd0\xed\xfcq\xc0X\xadV\xbb\x83\xa1t:\
\xddu\xa0/2\x93\xb2\xd7Eyb\xdf?/\x1e+\
\x97\xfd\xed\xd5<\xab\x13\xcfK\x9d2\xa9\xb3\xaa\xbc\x98\
\xe6\xdb\xa4\xee\xd2\xb2h\xff\xc1\xbc\xf82\xb9\xa2\xb0\xb8\
\xd5$\x9f\xcfG>\xfa\xe8\xa3\x0bO?\xfd\xf4YB\
\xc8m\xad\x8c\x05\x84\x81\x99d\xff\xe8\x8f\xfe(\xd1\xe9\
t\xbe\xba\xb8\xb8\xf8OWVVR\xf0\xe0\xf4\xb1]\
\x08\x9d\xd1\x88*\xac\x08A\x99V\xfd\x98I,j\xa1\
\x8fH\xbb\xf4cj\xf5k\xc21%L\xf6\x9a\xe9\xa8\
[\xf4N\x11\xa9T\xaa[O677\xb7\xe6zy\
y\x16\xbd\x7f^\xe3\xe3\xc5\xeb\xc7GT^<\xa0I\
v\xdf\xbe}[\xd7d&YQ\xd9\xcb\xde\x87\xea\xb9\
EqTe\xc8\xdeS\xb5E\xba>\xa2\x8b<t\x99\
G\xaf\x18\x97\xb5\x7fY9\x07I<2\x045\xbd\xa3\
\xba\xa7ci\xd2\xbd\xee\x85\xb0Me\xe1u\xa8\xbf\xe1\
pXI\xc8:i\x22i\xc2\xe0\xaa\xddn[\xa5R\
)2==\x1dz\xf9\xe5\x97\xff\xf3\xb5k\xd7\x06\xe6\
\xfdg \x84y\xe9\xd2\xa5P,\x16{9\x97\xcb\xbd\
\xf9\xf1\xc7\x1f?\xe5\xba\xae\x95L&\xb7F\x99\x08\xdd\
\x0a\xe3\x850\xfa1\x0fi\x9a\x17\xab\xe7+\x11:\x86\
Z\xad\xa6\x9dO\xdd\xfb^\xf3\xa7\xea\x00\xd9\xdf*\x12\
0![Y\x18\xd0,\x810\xcb\xe5r\xd7\x05\x9en\
\xa3S5n\xd3\xc6kr\xddk\xdd\x91\x11\xe6\xd2\xd2\
\xd2\x03au\xd2q5L\x8c\xa6m\xc0t\xee\x92w\
\x8d}\x17x\xb6\xe2\xe8\xe8h\xf7=\xcb\xfa\x04\xde\xdc\
\x9e\xe9o\x9d\xe7`\xef\xa9\xc8\xd6\x84\x8c\xbd\xb4\xf1\xa0\
\xe2\xc8\xeaNP\x03q\xba\xcc\xdc\xde\xd1n\xf4\x11`\
,L\xc8\x18\xf7f\xd6j5\xbb\xd1h\x8c\xcf\xcc\xcc\
,>\xf3\xcc3\x1f}\xf0\xc1\x07\x03\x99\xcb\x1c\x88I\
vvvv\x9c\x10\xf2b\xa5Ry\xbeR\xa9\xd8\xa8\
\xa6\xd3'r\x04A^\xc4\xc0\xb4ibf\x082/\
\xac)V7?*\x93\xafi~Ef\x12S\xb2\x93\
\xddS\xc5W\x91\x18\xeb\xa4@W\x96\x0c^F\xca\xec\
5\xd6t\xc7#\x04\xd1=\x9e\xd9O\xd7\x5c\xce\xc6g\
\xef\xb1qT\xf2xfR\xf6\xd9Ed\xa72\xa7\xb1\
\xb2X\xa2c\xe5\xc0\x00\x12:B\x18 \x15\x0a\x05a\
\x19\xf1\xae\xbb\x8a\xfd\x99$\x00\xb3\xa6\xd7\xf6\xe9U\xa3\
\x13\xdd\xf7\xd2g\x05\xd9\xff\xe9\xb69\x0c\x0b}<\xf4\
y8\x0d\xa5\x9bGQ\xff\x84\xb2\x80C\x0a\x85\xc2\x5c\
2\x99\xfc\x95h4\xfa6!d\xd1\xe8a<\xa2\xef\
\x8b~@\xbb\xb4,\xebB\xa1P\xf8\xca\xfa\xfa\xfa\x96\
\x93\x02\xd6?\xa8\xeb\xc1\x8c\xc7\xbb\xc7\xc2Kg\x22\x82\
I^x\x15\x00\x07\x09\xf4\xe9\x1a:\x08\xda\x8c\xc3\xbb\
\xe7\x85\xec\x5cf1\x87n|\x151\xbb\xbd\xa3~p\
\xa1\x8f\xa8\xdcE`\xc3\xb3\x0b\x85\xd8\xb3\xf8t\xea\x1a\
[v<M\x87\x17FT.&d\xaf*KU\x1c\
\xd1=\xd1{\x91\x95\x1d\xef\xbd\xf3\xea\xbc\xe8\x1d\x8b\xca\
\x17\x08\x134M\xb4<\xf1\x9e\x9b\xf7ND\xe5\xa0\xdb\
\x7f\xa8\xf2J\xc3t\xc0\xac\x8a\xe3\xc7|\xcb\x83i\x9f\
\xe97M\x9d\xb0x\x5c!\xcf\xc7\xac\x17\xf9\x98\xf7\x9e\
i6t\xe7\xce\x9d\xd3\x9dN\xe7\xb5\xcb\x97/\x8fh\
\x0b\xf6\x81\xbek\x98\x07\x0e\x1c\x98h\xb7\xdb\xcf\x97\xcb\
\xe5\x93+++6\x1e\x08\xcdz\xf7\xd0)HU\x18\
\x119\xaa:$UX^\x1eM+;\xbd\x8dD\x15\
\xd6\xef=/\x9a%\x11\xcc\xff\xc8:&U\xe7\xafC\
\x0a\xa2\xce\x09\x08\x13\xb5KY\xa7\xa8+O'\x8e\x0c\
\xbau\x88\x05O\x1bu%\x1a\xa6\x8att\xe4\xa9\xf2\
 \xbb\xae\xa3u\xf2\xc2\xb1\xd7D\x1a\x1f/m\x0c\x87\
\x0b\x80\xa0\x8f@g\x06l\xbbS\x0d\x04t\xcc\x84\x22\
\x0b\x01\x9bW\x91\xc6\xad*g\xdd\xeb\xaa{\xa2\xfbA\
\xa5\xa33\xa8\xd2\xb9\xa7j\x1b\xedv\xbbK\x9c\x165\
\x05\xa7\xdb\xe6D\xf9\xc6\xfetee\xe5\xe8\xe1\xc3\x87\
?\x1f\x0e\x87\xff#!\xe4\x8eR\xa8O\xf4u\x0e\x13\
\xb4\xcbx<\xfer.\x97\xfb\xde\xbd{\xf7\xf6\x16\x8b\
E+\x91HHG84\xfc\x10\x94,\x8eIX/\
\xe0\x99\xe1p\x1fQ\x90\x84i\x1a^4r\x17AE\
>2Y:d*\x0a\x03\x9fT*\xd5\xed4\xf1\xb8\
3U#\x95=\x93\x0eI\xcaH\xc2tTL\x7fT\
\x9d!\x02\xea\x07;\x87\xe9\xf6\xce\xc3\xbcw\xef\xde\x03\
m\x81\x97_6mQXQ\xdeD\xa4\xc6\xcb\xaf\xe8\
\x9a\xec\xbf*,\xb4\x0f<W\x91n'\x22r\x90]\
\xe3\xfd\x96]\xd3\xe9kL\x88\xbb_0\xa9S:\xb2\
\xfa-\x07\xdb3\xce=\x8a,RD`\xc1\x93Y2\
 \xddJ\xa5b\x87\xc3\xe1\xf0\xc8\xc8\xc8\xc6\xc5\x8b\x17\
o\xbc\xf3\xce;f\xe6;C\xf4U\xc3\x04\xed\xb2\xd9\
lni\x97\xf4\x9eK\x15\xd8\x97\xa0\xea\xb8\xfc\x8c\xc2\
L*\xa1\x97\x0akQ{.y\x1d\x90\xacC\x90\x8d\
\x18u\xae\xc9\xf2m\xaa=\xb2qU\x9a\x9f\x09Q\xb1\
\xe5\x02u%\x97\xcbI}\xc6\x9a^\xe3=\xa3H\x9b\
`;R\xf6\x9aH\xbb\xe3i)*\x8d\xd0b\x16I\
\xb0y\x95\xe5\x85\xf7\x1c.\xe5'\xd5$/\xa2\xfc\x11\
\x09y\xca\xc2\xf0\xca^6\x18q{\xa6\xd9d2\xa9\
\xa5u\x89\xb4F\xd5{`\xf3\xad\xca\xa7\xe8\xf9em\
S\xa7\xfe\xe9\xde3\xa9\xdf*\x04\xf5\x1c&aY\x1f\
\xb3\xf4\xda\x15\xafrA&\xf4\x11\x85B\xc1ZYY\
9v\xe8\xd0\xa1\xcf\xb7\xdb\xed\xff\xd4\xefm&}\xd3\
0{+c/\xe6\xf3y\xd0.\xf7\x94J%\x0b\xcf\
1d;\x02\x1d\x98h\x8b\xa2\xeb\xa62L\xe5\x88\xe2\
c%a\x0f\x87\xf6\x9a'\xde}\xd3\xf0:\xa4&\xd3\
\x00\xd9\xb02\xb9\xb2k<\x19\x89D\xa2\xbb\xe7\x0a\x0f\
\x87\x96\xa5\xa3#\x8f\x1d\x99z\x81\x8c\x1cy\xf90M\
K\xa4a\xe2\x01\xd2*\xf8y6\x9d\xf6hB\x8c\x22\
\xe8h\xa3\xa0e\xa2u\x01=\xc6\xf0\xc2\xebj\x8b\xec\
\x7fU\xbe\xfdj\xa1\xba\xf7M\xe0\xa5\x0f\xf2B\xcc~\
\xf2\xa3\x0a\xeb\xf6\xb4L\x5c\xbf\x12D\xdf\x8f\xa7\xa2\xf4\
\x16\x8c\x81\x96\xb9y\xfe\xfc\xf9\x1b\xfd\xf41\xdb\xb7E\
?\xa0]\xda\xb6}\xa1\x5c.?\xbb\xba\xba\xda\xd5.\
i'\x05A\x91\xa5\xc9\xcb\xe7\xa9\xf6\xb2\x0f/\x8eH\
\x8e\x088@\xe0\xed\xb9\xf4\xd2\xa8,\xce\xb2p\x9dr\
\x90\x11\x18\xfbl\xbco\xdeo\xd1B\x10\x9eW :\
\x9e\x8a8\xe3\xf1\xf8}\xe5%#e\xd5\xbb0%V\
\x16\xacF\xe2r\xb4O^\x5c\xde{b!*w\x9d\
\xba\xc5\xeb\xccE\x83\x22\x11x\x9a\xab\xe8\x9b\xd5Vy\
i\xc8\xda\x0a/?\xa2\xba\xd1h4\xba\xa4)\x92\xaf\
JWg!\x17\x9b\x07\xaf\xf7D\xef\xd8\x95x!3\
\x1d\xa0{\x09k\xda\xb7\x04\xd17\xca\xc2\xa2\x96\x89\xab\
\x5c\x83xV\xb7\xb7e\xa5V\xab\xd9+++G\xe3\
\xf1\xf8\xe7b\xb1\xd8.\xa3\x077D_4LV\xbb\
,\x97\xcb]\xed\x12\xb4\x06\x9d}\x97:\x08J+\x0c\
\xaa\x82\x8a\xc2\xc33\xf3\xb4K?\x95=\x88\xd1\xab\xa8\
3U\x91\x19/\x9e\x8a\x5c\x89\x80(y\xb2@\xbbL\
&\x93\xdd\xc5>\xb8\xa9]$O\xf7\xd9x\x1d\xbeE\
\xcd\xe3\xe9\x90\x8f\xaa\xfex\xd1\x02\xe8t\xf0\xb4\x12\x9e\
\x86\xc9\xee\xc3TA\x94'Q'\xce\xe6\xc5b\xcc\xc5\
\xa2rb\xc3\xf2\xd2\xd4\xd1\x10\xd9\xffP\x16ccc\
Z\x8e\xf6U0\xd5\x18M\xb5J?y\x93\xe5U\xf7\
\x9e\xd7A\xf7 \xc3\xd2\xfd\x03j\x99\xd0'\x9a\x920\
On8\xfc\x8bY\xc5J\xa5b\x85B\xa1\x10h\x99\
'O\x9e\xbc\xf1\xd3\x9f\xfe\xb4/Zf_\xe60{\
s\x97[\xda%n\x11\xc0B\x22\x12\xadH\xb7R\xca\
FpAUb\xbf\xc4\x84\xf3\xb5\xbc\xb9K\x99\xe6 \
\xcb?\xdb\x99\xa9:A\xdd\x113\xfb_E\x96:\xa3\
o\x9d\xffl\xb9\xa0\xf7'z\x80!#k\x99\x5c^\
\xf9\xb8\x02wi\xa28\x96`~O\x15G\x94?t\
\xef\x85n!\xf1\xc4\x0e\xb8633s\x9f<\xa8?\
\x07\x0e\x1c \xe3\xe3\xe3[\xa3rhCh\xd6\xc2\x0f\
\x5c\x83:\x86\xdb\x95\xd0\x8f'.\x9a\x02\x8d\x0d\xbf\xd9\
-M\xbc\xf2\x90\x95\x19/\x0e\xfd\xfexa\xd9\xdf\xaa\
4\xf0@\x02\xda]\x9e\xac\xdf\xe0\xbdO\xde\xb3\xb0\xd7\
D\xf7D\xe5\xc3K\x93}v\xde;\x17\xc9\x15\xc1\xeb\
=\x13\x88\xcaQ\xd4'\xeb\xa6+\x93\x8bZ&\xaee\
\xe1\xcde\xca\xd2\xe2]\x07\x99=O`\xf6\xda\xda\xda\
\xd1c\xc7\x8e\xbd\x12\x0e\x87\xff\x13!\xa4\xa4\x95aC\
\x04N\x98\xa0]\xd6\xeb\xf5\x0b\x85B\xe1\xcbkkk\
[\xfb.\xdd\xde&V\xe2\xe1\xc5x\x19\xbd\xeb\x84\xed\
\xb7i\xc4\xe2\xec\xbb\x0cZ\xb3\xd4\xcd\xa7\x89\x86(#\
?\x93\xf0\xba\x04\x8d\xdf@\x1e@\x1c\xe8\xa8\xc0+\x09\
\xcb\x9e\x99\xed|\x89\xa0#\xe7-L\x13-VcG\
\xd0\xa0!\xe3\x07:}\xd0\x96\xe07\x10$\x0c\x1e\xd9\
\x83\x06\x80D\xf1\xb0\x5c6\xbf@\xa6P.4xZ\
\x1d\xbb\xb7\x94\xdd?\x09\xf9\xc2\xe3\x96\x80L\x81\x94\xaa\
\xd5jW\x8b\x83o &\xf8\xe0\xeaT\xbf\xe5\xcd#\
\x1a\x1e\xc9\xf2\x9e\x09W\x93\xa3\xa5\x01\xb7$\xf0\xde\x15\
O\xb6.i\xca\xe0r\xac\x10\x22\xc2\xf73\x006\x8d\
##f\xd1s\x88`B\xe2&\x04+\x8b\x8f\x839\
h\x0b\xf8^\xfd\x901\xc8@\x87\x17\x9b\x9b\x9b\xa1[\
\xb7n\x9d\xda\xb7o\xdf\xabo\xbe\xf9\xe6\xf2?\xff\xe7\
\xff\xbc\xa2%\xd8\x00\x81\x13\xe6\xf4\xf4\xf4\x13\xb5Z\xed\
\xd7\x96\x97\x97\x9fZ[[\xeb\xee\xbb\x84\x8e\x80\x1eM\
\x88Fm\xb2\xeb4t\x0bY\xb7\x81\xf2 j\x8c\xba\
\xf2i\x17x\xb2\x915+K\xf5,\xa2<\x8a\xf2\xe5\
\x95\xd4d\xf1t\x88U7]\x04\x0c\xaa\xa0\x83\x84\xc6\
\x84N\xd6M\x09SD\x86\xbcNOG\x06\x1b\x0e\x0f\
:\x07\x12\x83\x0f\xfc\xc6\xe3\xe9 \xefp\x0d\xbe!\x1c\
\xa1\x8e%\xc2\xc5\x09\xb2\xfc\xab\xea\xaa\xea\x1a\xa6#\x03\
O\xf3\xa3\x89\x95\xed\xd4\xa0\xee\x82f\x8aN\x05\xe0:\
|\xe0\x1a\x10\x19\x10-}\x22\x85\xce\xb3\xd0ad\xf7\
\xa1\x0e@9NLLt\xb7\xd6\xb0\x0bE\xd8v\xc4\
\x92\x22\x9b\x06Kn\x22+\x03/\x7f*\x0dW\x97\x84\
M\x9e\xdfTc\xf5\x9a\x0eO\xbe\xc9u\xde=YX\
\xda\x91\x01\xbc_\x9cv\x91\xb5KYzX_\x81\x80\
\x1b\x8d\x86\xfd\xd1G\x1f\xedO\xa5R\xbf255u\
\xfd\xc2\x85\x0b\xff\xe5\xda\xb5k\xfaKr5\x10(a\
^\xbe|y$\x1c\x0e\xbf\xba\xb2\xb2\xf2\xcd\xc5\xc5\xc5\
8\x10%t*<\xa7\xd9&\x1d\x86.x\x1d\xa2\xa9\
\xa6\xa8\x1bG\x15\x16*\x04t&\xac\xd9Af\xae\x13\
\xa5\xc3\xbb\xaf\xca#;\xdaW\x85\x91}\xfb\xb9\xa7\x13\
\x17\xca\x0a41\xa8/KKKZ\xe4H\x04\x9d\x07\
\xdb\x11\xea\x0cDdr\xe0{\xd7\xae]\xe4\xe9\xa7\x9f\
\xee\xfa:\xb5zfc4+y\xd1 H@\xf3\xd0\
\x22\xb9:u\xd8\xa2\xf6c\xa2f\x8b@\xb38a\xc8\
\x87P\x04K\x9f\xe3\x0aZ\xea\xe6\xe6fw\x1bP\xa1\
P\xe8\x92\x1d\xdc\x97ie\xbc\x81\x0d\x0d\x1c8\x8d\x8f\
\x8fw5t\x90\xcd{N\xddr\xe0\x0d\x9ct4Q\
\xdeo?\x10\x91\xa0.T\xd62Y?\xa2\xd3\xe7z\
Q\x0eL\xf3\x02\x04\x07d\x89\xe7 \xa3\x15\x84\x85.\
y\xe3\xfe]\xd02\xf3\xf9|\xe2\x93O>\xf9\xdc\xcc\
\xcc\xcc\xfa\x8b/\xbe\xf8\xe1\xb5k\xd7V\x94\x196@\
\xa0\x84\x19\x8b\xc5\x9e\xadV\xab_(\x16\x8b\x16\x14\x02\
\xaa\xdd\xb4)\x96\x07Q\xe5\xf7c\x82T\xa5\xa7\x1b\xc7\
$,{\x9d\x9e\xbbT\x99Y\x82\xb8\xceK\xc7\xabf\
I\xc3\x0b\xa1\xaa\xe2\xd2\xbf\xa1\xe1\xf4\xf6TI5K\
U\xa3R\x8d\xfc\xd9NZ\x94?\xd0\x1aq\x8b\xc7\xdc\
\xdc\x5c7\x7f@\x22\x16g\x8eRgO\xf1 !{\
VQX]\xb94\xc1\xa2\x16\x0d\xff\xa1\xa3\x82\xf2\xc2\
\x01\x22\x5c\x03-\x14H.\x9b\xcd\x92\xe5\xe5\xe5\xee\xbb\
%\xd4\xe1\xc2*\xa0\x0c \xde\x9e\xdf\xd0\x07\xbc\x83\xb1\
\xcf\xc7#gQ\xfb\x13\x11\xb8.Dy\xf0\xa29\x9a\
X\xbb\xbc^\x97\xd5S\xbf\x83\x00/\x1a/\xcee\xe2\
\x14\x85_\xad\x19M\xb3\xd0V\xf3\xf9\xbc\xbd\xb9\xb9y\
ltt\xf4\xf9\xf9\xf9\xf9\xff\xf3\xad\xb7\xde\x0a\xcc1\
{`\x84y\xe5\xca\x95\x98\xe38\xa7r\xb9\xdcgV\
WW\xa3P\x10\xf0\xa1\xe7\xefD#_\xde\xf5\xed \
K\x1e\xbc4$B\x8d\xc4UyQ\x8d\x08M\x09\x5c\
E\x5c\xc4@#T\x855\xd1\x04EqAKC\x8d\
\x06WE\xea\xa4#\xea(y\xe5\xc1~\xf34\x0a \
\x00\xd0f\x8e\x1d;\xd6%I<~\x0e\xae\xb3i\xf9\
\xed`x\xcf\xa2\xfa\xf6#\x9f\x05+\x8f\xa7a\xc8d\
\xb1yB/.\xd0\x01\xa2\x0c\xd0\xc6'&&\xc8\xde\
\xbd{\xc9\x89\x13'\xbad\x0aZ\xe8\xfa\xfaz\xf7\xbb\
T*=\xb0\xd5\x8a%/\x97r\xca\x9eN\xa7\xb7H\
WF\x82\xc4\xa3\x89\x94WF\xb2\xb2\x13\xd5AY\x5c\
\xd1}\xaf\xf9\xe5\xc51\xd10\xbd\xc8\x91\xdd3\x91\x01\
Z!\x92\xa6%X3 \x03\x9bg\x5c\xfc\x06JZ\
\xb9\x5c\x8e\xdc\xb9s\xe7\xd9S\xa7N}nmm\xed\
\x1dBH\xc6H\xb8\x04\x81\x11f4\x1a=\x5c.\x97\
_\xaaT*#\x8dF\xa3\xeb\x02\x8f^\x15+C\x10\
\xe6)v\x94'\x82i\x85\x12\xc9\x92=\x17t\xb28\
PP\xe5\xc5\x8b\x06+\x0a\xabS\x91U$fJ\x96\
:\x04'\x8b\x8b\xe6\xcdb\xb1\xc8\xf53\xc9\xeb\xa4y\
D\x22\x1bX\x88\xca\x19\xae%\x93Ir\xf8\xf0\xe1\xee\
jT\xd0\x94p\xd4K\x02\x9a&\xd0\x89+*K\xd1\
\x80\x86\xf7\x1c^\xf3\xa4\x22O\xaf\x83\x5c\xab\xe7\xad\x09\
I\x14\x00\x04\x0a\xe5\x8c\xfd\x02\x90a&\x93!kk\
k]\x12EG\x15t\xba\x10\x86\xdejDw\xac\xba\
D#\xd34\xd9\xbc\x9b\x0c`D\x83\x1aS\x02T\xbd\
?\x13\xb23%F/i\xea\xc6\x11\xc9\xc0k\xe8c\
\x16\xb7\x1b\xaa\xfa\x0d\xd5u4\xcd\x86\xc3a\xabP(\
\xc4\x9b\xcd\xe6\x93\xa9T\xea\x99\xf9\xf9\xf9\x8d\xb7\xdez\
+\x10SP \x84y\xf0\xe0A\xbb^\xaf?\x97\xcf\
\xe7?\x9f\xc9d\xa2P\x000\xead\x97\xb0\xeb\x92\x8f\
\x1f\xb3\x85W\xd3\xa7\xa8\x11\xf1\xf2!\x03\x9a\xadtM\
O\x22\xf9\xba\xd7\xf1\x1e\xdb\x91\xf0\xc2z\xd1\x16\xfd\x90\
\xa5*.\xad]\xd2N\xd6yaE\x1d\x92%\xd8'\
(\xfb\x0f\xe9\xce\xcc\xcc\x90\xa7\x9ez\x8a\xcc\xce\xcen\
9\xfc\x96\x91\x87\x0a~H\xd5/T\xda\x8cn\x5c\xd1\
\xf3\xcbH\x93\x08\x88\x95'\x17\x07#\xf8\x1f\xb4\xd0\xa9\
\xa9)r\xe4\xc8\x91nx\xe8/666\xc8\xed\xdb\
\xb7\xc9\xea\xea\xea\x96y\x17\x88\x14\xe2\x82\x96\x99\xcb\xe5\
\x84\x83\x1f^\x1f\xa0\x229\x1d\x22T\x85\xd5-_\xd5\
=\xafu\xa8_DhJ\x9a\xa6r\x81\xe0\x9a\xcd\xe6\
\xd6*p\x13r\xe4\x01I\x17\xb4\xccJ\xa5\x12\xbd}\
\xfb\xf6\xa9\xe3\xc7\x8f\x7f\xaeV\xab\xfd\x0d!$\xa7\xfd\
 \x12\x04B\x98sss\xa9N\xa7s\xb6\x5c.\xcf\
\x16\x8bE\x0b:A<\x07\x8dh\x90\x80\x1f\xf0\x1ay\
?\xe4\xea\xc6\xc1\xbd\x97\xbc\x85N:\xf2M\xf3/\xeb\
\xe4d\xdf\xa2k\xbaqx\xffM\xc8\x92\xf4\x16\x97@\
\x07\xeauU,Q\x98\xc6x2!\xbdg\x9f}\x96\
<\xf9\xe4\x93\x04\x9di\xc8\xd2\x11a;\x09\xd2\x042\
B\x14\x85U\x91\xa3,\x0d\x91\x5c\x8b3\xff\x8bZ(\
}*?\x90\xe8\x9e={\xba\xfd\xc7\xd2\xd2\x12\xb9q\
\xe3Fw\xbb\x0b\xae@\xe6\xcde\x8a\x08\x8fH\xb4@\
\xde=\x13\x22\xa4!\xd2\xac,\x0d\x07\xfc29\xbcr\
\xd4\xbd\xe7E\x8e\xdf|\x9a(:4i\xa2\x96\xc9\xb6\
W\x15xaA\x1e\xd4'\xd7u\xadl6;i\xdb\
\xf6\xe9P(t\x84\x10\xf2\xbe\xb6`\x09\x02\xf1\xf4\xf3\
\xa7\x7f\xfa\xa7\x07\xdf{\xef\xbd\xffniiiW\xbd\
^\xb7`\xb4N{i\x91\x99vdf\x1d\xd95\x91\
\x5c\x93\xb0&y\xd0\xb9G\x98c\xbcdy1\x95/\
\xcb\xb7\x09\xb9\xb0\xf7\xbd\x10,\xef\xbf)YZ\xbdy\
.\xa8\xdc\xd9lV\x98\xae\xcc\xe4%*\x0f\x9e\x86\x09\
\xe9\x1c8p\x80\x9c;w\x8e\x1c<x\xf0\xbeE<\
n\x00\xbef\x1f%\xc8\xca\xc2k\x87.\x82\xc5x\x18\
\xc2\xf9Px?\xe3\xe3\xe3]r\xc4\x95\xd3p\x1d:\
V\xfa$\x13\x96\x88E}\x81\x9fA\xb4N{\xa5\xbf\
\xd9tM\xda\xbb\x9f\xbe\xc7$\xacn?\xeb\x97xU\
u\x02\xde/\xeeA\xa69\xc3\x0fp\x8b\x15pQ(\
\x14\x8a\x8c\x8e\x8ef\xea\xf5\xfaO3\x99\x8c\xef-&\
\x81h\x98\xff\xe1?\xfc\x87\xfd\x95J\xe5\xc9\xcd\xcd\xcd\
\xee\xbeKv\xee\xd2/Q\x89\xe2\xfb\xd5\xc6D\xd7D\
/Y5\x02Dm\xc5\xf4\x80hY^d\xd7u\x88\
R\xa4E\x12\x03\x0dS\xf4\xdb+\xa9\xc27h\x0c\xb2\
\xb9K\x22\x19\xe4\xe8hJ\x16\xb5\x98gff\xa6\xbb\
\xf0dnn\xae\xabU\x9a\xc8{\x5cHT\xa7\x1d\x99\
\xbe\x07\x1a\x22MW\xa5\xb9b\xdd\xc0\x15\xb3\xec\x5c\xa6\
\xebc\x81\x8f,\x9en\x1d\xd3\xd5pM\xd2\xf7\xf2<\
Ai\xb2\x22m\x99EPZ3Z\xe3p\xf1\x8fh\
\xb0fr\x0d\xb5\xccj\xb5j\xaf\xaf\xaf\x1f|\xe2\x89\
'^L$\x12\xff\x8e\x10\xf2\xe0\xd9\x8a\x86\x08\x840\
;\x9d\xceK\xb9\x5c\xce\xb6z^Kt\xe6.M\x09\
Pw\xc4+J\xcb\xc4\x84`\x02\xba\xb1\xe0\xc6qx\
~/#Z\xd3\xc6c\x19\xae\x8a\x15\xa5A\xdf3!\
K\x13M\x96\x8e#\x9b\xbbt\x05\x1eVt\xca\x93\xd5\
JAC\x01\xa2\x04\xcd\x12\xb5\x13U\x19\xe8\xdc\xf7\x02\
\x93\xe7P\xc1\x0fI\xa8d\x9a\x84\xd1}\x1e\x91)T\
u\x0d\xe7\x96\xb1\xdeT\xab\xd5\xad\x15\xb3\xf9|^\x99\
\xa6\xa8=\xf1\xd2\xf4B\x80\xbc8\xa2|\x04\xad\x99\xf3\
\xe0\xc5$\xaa\x93\x17\x13\xb9\xbc\xfb\xaa\xb0@p\xb8\xa7\
W\xb4Z\xd6$\x0f(\x03\xfa\x98R\xa9d\xdd\xbd{\
\xf7\xd8\x85\x0b\x17\x0e_\xbbv\xcd\xf7<\xa6o\xc2\xbc\
r\xe5Jlcc\xe3D&\x93\x09\xa1G\x1fz\xb3\
\xbe\xee\x83\x8a\xcc\x8bA\x99(x0\xe9\xc0T\xda/\
M\x96\xb2%\xd2:\x0dY\x95&+G\xa5\xf1\x99j\
\x82\xa2\xeb&\xe4,\xbb\x86\xfb.ys\x97:\xf2\xd8\
\xc6H\x18\xa2\x05-\xf2\xc8\x91#\xddyJ\xf4\xd3*\
{F\xd5=\x13\xf4\xb3\xbe\xb2rL\x07\x97*\x88\xb4\
@Y\x18\xdd8\xba\xa4I\x98\xe7\xc3v\xe5\xf6V\xd5\
\xa2\xef]z.\x93\xcd\x0f\xaf~\x88\xd2\xf02H\x97\
\xa5\xa7\x0akrOWI\x90\xddWm\xd7\xe8\x87\xf6\
h\xaa\xed\x22a\xd2+\xaa\xfdj\x99\xe8s\xb9T*\
\x85\xee\xdc\xb9sp\xd7\xae]G\x08!?\xd1\xca\x94\
\x04\xbe\x08\xf3\xe2\xc5\x8b\x96\xe38\xcf\x97\xcb\xe5\xf3\xa8\
9\xc8\x9c;\xcb\xae\x89\xa0[\xc9d\x84+#(^\
\x03R\xa5\xc5\x93\x81\xa3\xa3F\xa3!|>\x93\x0eS\
g\xb4\x1f\xe471\xd4\x1aE\xe4+#;\xb7\xb7\x82\
\x0d:<('\xd4.U\x9d.O\xb3!\x9c\xf2\xc7\
\x15\x97{\xf7\xee\xedn\x11\xe1\xf9f\xe5\xe5\xd3/\x82\
\x22\xc2\xa0\xc0++S\xe8\x0c\xead\xe4)\xca\x87(\
o<\xcd\x0fW\x9a\xd3V+\x18dA?399\
\xd9]QK45n\x1d\xa2\xe4\x116\xabE\x8ad\
[\xcc\xbc\xa5\xaalX\x98\x92\x8c.\x99\x9a\x84\x95\xc5\
\xf12\xd84\x91\x01\xfd\x01\xdb^\xfd\x90&\xee\xf1\x04\
-\xb3^\xaf\xa7\xcb\xe5\xf2\x17.\x5c\xb8\xf0\x7f\x5c\xbb\
v\xcd\x97Y\xd6\x17a\x1e=z4e\xdb\xf6\xf3\x9b\
\x9b\x9b\x87 s\xacv\xa5Kb\xaa\xd1\x97\xce\xb5 \
;@\x1d\xd0y\xc6\xcd\xed\xe8\xd9\x87\xcd\x9f\x899\x91\
\x95-K\xd7TK\xd4%=\xd38:\xf7\x10@d\
P^kkk\xca\xca\xaf\x1ah\xd1a\x0f\x1e<H\
^x\xe1\x85\xfb\xdc\xba\xc9\xca\xc2\x14\xa6\xa4\xb8\x1d$\
\xaaCr:qt\xc2z\xd1\x18E\xd7x\xd7]\xca\
|\x1f\x8dF\xbb}\x8b\xdbs\x1c\x0f\x03-\xdae\x9e\
\x89YX\xf6\xbc*\xf3\xac\xe8\x9bWN*\x8bY\x10\
\x83\xb8\xa0\xacw:\xe9\x9a\x845\xc9/\x02wU\x88\
N1\x91\xc9\x10\x11<\xcee\xd6j\xb5p\xa5R\xf9\
\xcc\xa7?\xfd\xe9\xb9k\xd7\xae-z~\x00\xbf\x07H\
\x8f\x8c\x8c<Y\xa9T^\xc6\xca\xec\xd5M\x98\xdb\xa7\
\x03\x9c\x83\xe8\xb4td\xd0\xe6X\xdd\xfc\xca\xf2\xad\x03\
\x99l\xde\x01\xce:\xa36\x1d\x92T\xc5\x91]\x83\xca\
\x0b\x9d\x1fkN\xd3\x1dQ\x8a\x1a\xdc\xcc\xccLw\xab\
H\xd0diQ\xfeVM\xc2z\xa9w\xac\x99\xd5\xab\
\x0c\xd3<x\xcd\xaf\xe8]\xf9\xd1\x0ax2h\xb3,\
\xa2^\xafw\x893\x99Ln\xd5\x09^{#\x9cv\
\xc2\xcb\x83\xce\x00R\x15G\xb7\x8f\xd2!lY\xb9\xe8\
\xf4+\xb2\xf4u\x11\x845\xccT\x06\x10\x1c\xbb\xbdD\
\xd5\xb7\xc9\x9e\x0d\xef\xc5b1\x18d\x8d:\x8es\xe6\
\xf2\xe5\xcb\x11\xedLq\xe0Y\xc3\x84\x84\xdb\xed\xf6\xd3\
\xc5b\xf1B\xab\xd5\xb2\xd9}\x87\xba&\x06U%\xd1\
\x19\xc9\xf6\xcb\xfci\xd2Q\xd2\xfbNU\xf9\x95\xc9\x97\
\x85e+\x87\x8c\xa4d\x9d\x07\xef\xb7\xaa3a\x7f\xab\
\xc2\xf0\xae\xe1\x5c\x22zta\x9f\x8d5\x85\xb9\x1cS\
\x1b\x1bv\xef\xde\xbd\xe4\xcc\x993]/2<\xf4\xa3\
\xa3P\x99\xe8\xbc@g\x90b\x0a\x9e\x99S$\xd7\x8b\
\x19\xd7\xd5\xd4\x16Md\x12\xe6\xfd\x03Y\xb2\xce\xe1\xe1\
:\xd4!<W\x14\x08\xd4\xf5\xe0\x89\x87\x17\x86\xce\xbb\
\xdfw 2\xff\xaaH3\xa8w/j\xaf<\xa8\x06\
\x08^e\x98\xc4\x07\x0e\xc1-!<\xbf\xc1\xbc\xff\xaa\
\xb4\xa1_\x06y\xd9lv\xaa\xd3\xe9\xbc\x18\x8b\xc5\xfe\
+!d]\x98\x09\x05<\x13\xa6m\xdb\x13\xb6m?\
\xd9l6\xa7\x1a\x8d\x86T\x8d\xa6a\xda\xc9\xb0\x05\xa1\
S\x80\xaaJ\xe7\xb7a\xd0qp\xdf\xa5h+I\x10\
\xc4M\x98\x86\xad;R\xd6i\x04<\x12\xd6!X\x9e\
|U<\xe8\xdcp\xa1\x0f\x8f$\xd98\xaa\x81\xc6\xc1\
\x83\x07\xc9\xf9\xf3\xe7\xbb\x0bA\xf0=\x88\x9eS\x05\x95\
\xc9\x89\x97?\x9d\xb0\x83\x86\x8c\x18M\xcb\xc7o\xc7\xad\
\x1a\xdc\xf2\xda-\x1b\x0f\x8f\x81b\x9f\x09\xb7\x99\x00i\
\xe2a\xe3\x22\xd2\xf4\x0b^\x7f!3\xcd\xea\x10\xb5n\
z\xdb\x15\xd64N\x10y@\x7f\xb0\xb4YV\x97\xc8\
E\xd7p\x1e\xbc\xd5j\xc5#\x91\xc8S\x8e\xe3\xec\x22\
\x84l@p\xad\x0c3\xf0L\x98\xadV\xebD\xa3\xd1\
x\xa5T*\xd9\xac\x1f@\x13\xed\xd2\xa4\xd3Q\xcd\x17\
\xc8\xae\x89dx\xd1\x14\xe8<\xa3\xb9\x88\xb7\xe96(\
\xb2$\x9c\xb2\xd2%IY\xe7\xce\x0bkB\x96*\x12\
\xa5\xaf\xe1\xe6\xe4l6\xbbuM\xf5\xfeEy\x00\x1c\
:t\x88\x5c\xb8p\xa1\xbb\x80(\x08\x93\x90\x082\x19\
2M\x13W\x8b\xe3ry\x18,\x90\x9e\xd9\x1e:z\
<G\x12\xfe\xe3!\xe3\xf0,\xb3\xb3\xb3[2\xdc\xde\
\x9c\x1dhSx05\xfa\xdd\xa4\xdb\x1c{z\x08\x11\
\xcc\xc7\xc9\x9eMu\xdf+\xd8\xc1\x8fj0$\xca\x0f\
\xaf~U\xab\xd5\xee\x9c\xb8\x1f\x12\x90\x0d\xb8E\x1a\x22\
\x11h\xa6&\xdf&y\xdc\xae\xb0DCa\x092\x0f\
\xf4\x9eL\xda\x17\xb7\xce@OT\xcf\xf1\x7f\xa7\xd3\xb1\
\x97\x96\x96\x8e\xcc\xce\xce\x9e{\xe3\x8d7>\xf9\xd7\xff\
\xfa_\x97\xb52\xcb\xc0\x13a\xce\xcf\xcf\xc7\xd7\xd6\xd6\
\x9e\xce\xe5r\xcf\x16\x0a\x05\x8b\x97I\xbf\x8d\xcd\xcf\x8b\
\xeaWX\xc24t<\x0fQd\x8e\x95\xc1\xb4\x82\xd1\
\xf2M\xfc\xc6\x8a~\xab\x88V'\xae\xec:{\x0d\xb4\
@vQ\x98\xac\xd3\x92\xd5!$K<OO\x94_\
\x19t\x06(\xa2\xeb.\xc7|\x8c$\x06u\xa1\x5c.\
w\xe7i\xe1\x1b>\xb5Z\xad\xdb\x11\xb0\xf3/l\xc7\
\x0d\xcf577\xb7\x95\x16\x84_^^&?\xfb\xd9\
\xcf\xb6\xc2\x001\x02\xf9\xe2\x1eE\xf8=::\xda\xdd\
\x9b\x88\xce\xe3\xb1>\xc2o\x9aHU\xe4\x19\x94\xc6\xa9\
3\xb0\xe5\x11'\x8f\x5cQ\xc3$\x9cN\x114Kx\
v\xd4HD\xed\x9b\x17WF\x86\xbc\xfc\xf0\x08\xcf\x84\
$\xe9\xfc\xc8\xea=/}\xd1\x7f\x9d{~I\xcc/\
\x11\x9a\xc4w{\x0bux'\x98\xa8d\xc8\xac*\xe8\
H'\x9b\xcd\x1e\x9c\x99\x99y!\x91H\xfcgB\xc8\
\xe0\x08ssss7!\xe4\xd9V\xab\x95\x84Q\x9e\
\xae\x86iZ\xf84x\x15[W\x0b\x95\xc9\x10\xa5\xad\
\x13\x96^\xecc\x02?\x9a\xa7\x0e\xf9\xb1\xd7\xfc\x90\xa4\
*-\x1d\xb2DG\x05\xecqN\xb2g\x165<\x9a\
,\xe9\xc5 &\xa3f\x95\xd6\xa8s\x0f}`\xc2\xa7\
T*\xddw\x802\xce\xe7\xbb\xd4B\x05U:\xf4\xbc\
\x0d\x0d\x90\x8f\xe5\x86u\x12\xda\x1cM\xd88p\xb3z\
.\x00\x81DA\x1b\xdd\xb5kW\xf7\x83\xe6j\xfa\x14\
\x16QgN4L\xcd\xba\xc4\xea\xd5\x9a\xc3\x0b\xc7#\
!\xb7\xe7\x82\x12H\x13\xca^Ff\xac\x5c\x9d4t\
\x9e\x95h\x0cF\x88`*\x89w]'\x1d\x13\xe8j\
h\xaa{\xa2\x01\xb8\xae\x0c\xdd<\xe0\x9eL\xb4\xa4\x10\
\x0d\xedQu\x0d\xe5\xb4Z\xad\x84\xeb\xba\x07[\xad\xd6\
\xde\xf9\xf9\xf9\x15/\xe7d\x1a\x13\xe6\xa5K\x97B\xd5\
j\xf5d\xa5Ry\xa5T*\x85D\x0d\xdd\x0fL\x89\
\x90\x86\xece\xcaF{:\xb2\xd8\xd1\xa1j\xfe2(\
\xc8H\x89\xf7\xdf\x94,y\xe1eqt\xd3\xc6ot\
\x1eP,\x16\x95e.\x1a\xac\xc0\xb5={\xf6\x90\x93\
'O>@\x96\xba\x90i\x8d\xaa\xbc\xe0H\x15\x09r\
uu\xb5{4U\xa5R\xd9\xd2.y\x03G\xde\xb7\
(-Q\xbd\x17\xc5w\x99\x95\x83\xa4\xb7\x9f\x0d\x085\
\x9f\xcfw\xf3\x08$\x09\xe5511\xd1\xdd\x8a\x01\xdf\
h\xc6\xe4\xcd\x0d\xb2\xe9\xf8\x19\xf8\xcaHI\x16\x86M\
\x97G\x96\x08x\xde\xa9\xa9\xa9\xad\x95\xd7\x22\xd2\xf4\x0a\
\x13\x12$\x12\xcdU\xf4\x0c\xaa:\xd1\x0f2\x95ic\
~\xd3\xf2+\x03\x09\x13\x06}\xb8\xeb\x80\x08\x1c0\xe8\
>\x03\xd6\xf5r\xb9\x1cZ^^>633\xf3b\
8\x1c\xfe\x88\x10\x92\xd5\xca,\x05c\xc2L\xa7\xd3#\
\xf1x\xfcx>\x9f?\x92\xcdf\x1f0G\xea\xbe8\
\x13-\xd4D\xd57\xe9\x14uG\xbc\x22y\xd8\x89\xea\
\xa6g\x9ag\xa212\x13\xfd7%WQ\xba*\xa2\
\x95\x91%\xe9\xedQ\xc5\xed\x1e\xb8O\x95}n\x95\x0c\
\x00\x90\xe5s\xcf=\xd7\xed\xf0M5K\x93:\xc1#\
l\xc87\xd4\xf5\xc5\xc5\xc5\xae&\x03\xff\xb1\xde\xe3\xa2\
\x02\x11\xa9\xf1\xfe\x9bt\x9aD`\xc6S\xc5\xc1\x81\x1c\
|\xea\xf5z\x97Pp\x90\x07\x03\x98\xb9\xb9\xb9\xae\xf6\
\x09\xda\x99\xd53\xf5Z\x9c\xd35D\x9a\x96\x1fm\x93\
\xbd\xc6K\xef\xffc\xeeO~$K\x8e\xfbA\xdc=\
\xb6\xdc\xb3\xb2*\xb3\xb2\x96\xac\xb5\xbb\xbaEv\x8b\x04\
\xf4\xa3\xf4\x83ft x\xfd^\xe62<\xe8\xa4\x1b\
\x01\xfd\x15\x0d\xde\x05\xe8,b.:\xcc\x89\xc0\x5c\x06\
\x83\x99\x8b\x80\xe1e0C\xa8%~\xf9\x1d6)\x16\
\xbb\xab\xbbk\xaf\xdc\x97\xc8\xcc\x88\xcc\x887\xb0\xd7\xcf\
\x82\x96\x96f\xe6\xe6\xefE6e@dd\xf8s7\
7\xdf\xecc\xe6\xcf\x17\xfa\x9b\xcaD\xbfc\xb5\xf7\x19\
\xca\x88^\xa6E^c\x8d\xffn\x02\x82)\xa3!U\
\x7f\xb9\xba\xaf\x09`M\x03ts\x8d))\xae\xb4'\
\xb3\xa9\xe1\x03\xfc\xc0\x90\xec\xf7\xfb\x1b\xf7\xef\xdf\xff\xff\
\x8d\xc7\xe3\xff\xe5[\x01\xcc\xb9\xb9\xb9\x07\x83\xc1\xe0\x07\
\x83\xc1\xa0\x07\x9d\xd5{\xc2|]`\x0aF\xa7\xf3R\
Sp\x96\x88\x9c\x88\x9f\xcdC\x1a\x94)\xb95/\x90\
?\xd3\xf2I\xfdNy\x89R\x19R\xa0\x0c\xf2\x83w\
\x83\xde\xa5\x96\x7fJ1\x01H\xbe\xf7\xde{\xe57\xbd\
\x8e\xcb\xa3lr\x9f!O|\xe7\x08\x1e\xccg\x9f}\
V\x1e\xb4 \xbd\xab\xce\xc9\xc3\xf28%\x8f\x99>\xe7\
\xff\xa7<\x1b^\xb7\xd4\xb0\x03\x80\x01/\xf9\x8b/\xbe\
(-\xf9k\xd7\xae\x85'O\x9e\x94\xdf|\x0b\x87\xc4\
\xdf\x13\xee\xa1\xd4\xb8\xc6\xe7R\xd9\xf0\x1b\xefT\x5cX\
X(\xfb\x98tKRP\x0c\x0d\x89\x9f\xf5<%\xb7\
%'\xaf3\xaf\x0e\x90\xea\xa5\xceqw^\xfa\xb6\xc0\
\xd8\xe2G\xaf\xfc\xf2\xee\xbe\xf0\xf0\x85g\xa7\xa7\xa7\xbd\
\x93\x93\x93\x87!\x84\xf7?\xf9\xe4\x93\x17\xb9\xd3\xb2Y\
\x80\xf9\xc3\x1f\xfe\xb0szz\xfa\xd1\xe1\xe1\xe1\x7f\xb7\
\xbf\xbf_\xf6\x0ez3I\xd3\xca\xf6\xa6\xcf\x05_\xa9\
\x837\x01\xf0\xc8\xee\xbd\x94d\xf5\xf0\xb7\xe2j`I\
\xcbd=\xf3x\x84\x12/O\x9eV\xfa@\xea\x1b\xea\
\x08\x00\x13~\x1f\x1d\x1d\xb9\xeb\x88>\x87\xf4\x0f\x1e<\
(?\xddnW-\x83\xc6#\xf5\x8c\xcb\x82\x83\x15\x00\
\xe5\xe9\xd3\xa7\xe5\xf1k\x18\x16\x85\xab\x9b8_\xedY\
\xaa\xecQ\xd8\xa0\xcf\x01\xc3C\x12\x7f\xa9/a\xbf\x05\
\xf0\xec\xf7\xfbass3\xdc\xbbw/\xdc\xbf\x7f\xbf\
\x9c\xba\x0ddQ[\xca\xf0J\x85\x87\xc4\xd4kjl\
J\xa0F\xbfONN&\x8b\x9f\xe8\xbbLO\x9e\x16\
_\xc9+\xe6\xf5\xd9\x94,`\x95\xf2N\xe5\xef5\xd4\
s\xe3J\xe1W%\x03\xbe\xfaH\x1d\x95\x97\x93\x0f\x1a\
\x19\x80[\xef\xde\xbd{|\xfb\xf6\xed\xbf988\xf8\
\xf7\x5c/3\x0b0\xbf\xfb\xdd\xef\xde\x09!\xfc\xcd`\
0\xb8\xbf\xb3\xb3SZvu\xde_6\x9d\x0e\xc8\xe1\
\x9b\xc3\xdb\xabd\xe9Qx\x9c\xbc`\x99\x8a\xab\x01W\
\xaa\xc3\xa6\x00\xb1\xce\xb7\xf6?\x07/\xaeT@\x81\x01\
\xc8\x01\xe8\x14\xc2\xca\xd0\xd4\x00XZZ\x0a\x1f\x7f\xfc\
q\xf8\xe0\x83\x0f\xf0RX\xb1\xae(Y@%\xfdF\
\xb9\x104@\xe1nooO\xdeMb\x9e\x08f\x96\
\xd7g\xe5#\x85\xf1\xf4\x12 Gv\x00\xb9\xc6Wz\
\xe69\xa6\x12\xe3\x81'\x0d\x1e\xe7\xb3g\xcf\xca\x19\x01\
h;\x00\xce\xd5\xd5\xd5\xd2\xb3\x870.\xa34\x86\xb5\
<,\xf9-0\x92\xca\xcf\xbf\x010\xa1\x7f@\x7f9\
==-\xa7\xde\xb8\xf1f\x01\xa2\xf4\x8c\xd6\xbf$\xaf\
\x06\xea\xc11\xed\xae\xe5\xadQS\xef.7n\xd3\xf4\
MuyQ\xbdN\xc0\xedRt\x8dH]\xc0F\x83\
\xb7z=q\xfb\xce\x9d;\xff\xfd\xd9\xd9\xd9\xff\xfe\x83\
\x1f\xfc`\xef\xd3O?u\x83\x98\x1b0\xc1\xbb\x1c\x8d\
F\x80\xca\xff\xe3\xe6\xe6f\x1b_\xceN\x8b\xbc@c\
\xc5\xf1\x0e\xe0\x1c\xc0\xe6<b\xf5\xbe\xa7\xa8V\xe8I\
J\xc0#\x877\xae\x05J<L\xfa\xb6@\xd0\xfa\xad\
\x01d\xea\x1b\xe5\x9f\x9f\x9f/?\x07\x07\x07\x17\xde]\
z\xda9V7\xf1\x7f\xf8\xe1\x87\xe5T,\xd6w*\
Mn\x18\x00\x05x\xbe_}\xf5U\xf9\x91\xceB\xa6\
\x0a3\x05\x96\xa9<\xadrk\xe9,\xa5-\xc5\xa7\xe1\
\x1a\xd0J\xca\x1c\xcb\x0d\xdf\xa0T\xe0\xf3\xee\xdd\xbb\xf2\
\x19\x80\xe5\xcd\x9b7\xc3\xfb\xef\xbf_\x82gA\x16\x0c\
I\xf2\xa4\xe4\x0c\x19\x1e'(M\xe9\xa4\x1f.\xff\xe1\
\xe1a\xd9g\x00\xe0\xf9A*V]i\xa0\xa9\xc9S\
\x07\x80\xb9\x1c\x12\xb8\xf2\xff\xb5:\xb3~{\x9fI\xf5\
\xc0\xc3rxx\xf9J\xe1Z\xfe\x08\x98\xb3\xb3\xb3\x81\
\x9f\x22\x97\x9b\x07\x12\x86\x01~---\xfd\xc5\xc6\xc6\
\xc6\xff\xf0\xd7\x7f\xfd\xd7_|\xfa\xe9\xa7\xdb\xder\xb9\
\x01\xf3\xfb\xdf\xff\xfe|Q\x14\x8fF\xa3\xd1m\x5c:\
\xef%\xafgp\x15\xd6\x8a\x87_N\x1e\xa8(\xa4F\
\xf4\x82~\x8aR\xe0f\x01\xa1\xd7b\xf4\x0e>/X\
\x06\xe6\x11\xe1T,xj\x9a\x02\xb1\x06\xcf\xc2\xc2B\
y=\x17\x1e\xa7g\x91\xc7\xab\x0bL\x11\x80B}\xf3\
\xe6M\xf8\xdd\xef~W*[:\xe5J\xe5\xd4\x00\xab\
\x09xJ\xca\xd5\x03\xa6Z=J|9\xa5\x00\x81\x96\
\x91\xf73\xf0\xe0^\xbcxQ\xd6\x17\x00\xe6\x93'O\
\xcaECt\x0a9\xc78\xa5yK\xf5De\xa4\xfb\
0\xa5\xb2\x16d\xe6\x02\xef\xcb\xd4\x16\x00y@-\x15\
\xdf\xaa\xd3i\x00\x8c\xc5\xc7\x036\x5c.\xad\x5c\xd6o\
-,'\xbd7m0t2.\xaa\x83>@\xf1F\
2\xe6=\xf9`XuJ\xd4\xea\xe2\xe2\xe2w\x07\x83\
\xc1\xb5\x10\xc2\xf4\x01\xf3\xfc\xfc\xfc\x83\xe3\xe3\xe3\xbf9\
::j\xe3\xc9$\x1eK\x81S\xaew\x97c)y\
\xc8\xea\xf8\x1e\xca=\xd9'\x07@\xa5\xf2J\xc0\x94\x02\
T\x1e'\x07\xf4\xa4\xf8\x12\x7f\x9e\x9e*\x16\xf0,\xc1\
\xda\xc7\xa5\xfeu\x06\xf6\xdd\xbbw/)JN\x9e\xfa\
\x96\xe2\xc0\x80\xf9\xfd\xef\x7f?\xf1*\x03\x03F>\xfd\
\xaay\x994\x8f\x9c\xb6\xa7\x9e#\x05\x0d/\xef\x5c\xa3\
\x8c\xe7\x13\x04\xb0J\xf1,\xaaS\x87\xc0\xeb\x84v\xfd\
\xe8\xa3\x8f\xca\xa3\x09\xf9Ty\x1d\x83\xd4\x1a\x7f\x91\xac\
\xe0\xd5\xf2\xc1\xff\xf1\xb8<\x5c\x00\xa4-\x18\x99\x06\xc0\
q\x19-\xfd%\xd5\xbf$K\x1d\xf0m\xea\x00\xe4\x96\
)7n\x13c\x9d.\xfe\x91\xae\x8dL\xa5\xe7\xe1\xc8\
\x0b\xe4\xdd\xdd\xddm\xbd}\xfb\xf6\xe1\xb5k\xd7\xfe\xe2\
'?\xf9\xc9\xf3\x9f\xfd\xecg\xae\xbd\x81\xae\xcdl\x9f\
|\xf2Ik<\x1e\x7fxzz\xfaW`\xb9q\xb0\
\xcc\xa1\x1ck\xc6\x03\xc0V\xb8\xd6\x89\xbd\xe9%E\xa5\
\x01f\x13\xbeRX\xd1\xe0\xe6\x07Og\x92H\x03\xd7\
\x82\xdd\x12\xa0\xdd\x18PTSu333e\x1c<\
d\xdd\x02r\xe9f\x15P\xc2\xeb\xeb\xeb&`Zm\
\xce\xcbA?\xd0w\x9f>}Z\xbe\xaf\xa3\x83\x90z\
\xc7\xdc\xe3\x8a\xc2\xd4(\x8f\x1f\x14`\xe5\xe95\xb0\xb4\
(\xc5+\xe7\x19\xe5I\x0d\x03Z\xee\x94\xcc\x00L\xbf\
\xf9\xcdoJ\xef\xfc\xe8\xe8\xe8\xd2-=9\xedE\xdb\
MkG\xfa.Y\xca\x87>\xc3S\x95\x96\x96\x96\xd4\
>\xe0\xfdH\xfc\xb9\xacV\x99s\x0d\xcf\x9c\xfaJ\xc5\
m\x9a>\x87\x87e\xf0x\xf8ji\xf1\xb5\x1f\x1dc\
\xa1\x01.\xd0\xf1vpp\x10wvv\x1e\x17E\xf1\
\xd7\xddnw\xd9+\xbb\xcb\xc3\xdc\xda\xda\xba\xde\xe9t\
>\x18\x8dF\xd7a\x80x\xa7c\xa5\x8al\x0a,\xde\
|\xb4\xf4^kL\x0a\xa7`\xe9\xb5\x92<|%\x1e\
\xd6@\x94\xf2K\x01\xa96\xe85%\x90\x93/\xb5\x8c\
ggg'WxI\x1e\x81\xc7\x22\xbeq\xe3F\xf9\
\xb1\x94\xaf5h\xb4v\x07\x0b\xf3\xf9\xf3\xe7%X\xe2\
\x14\xac\x14\xcf\xf2\xba<\xe0f\xf5g\x8d\xbf\x95\xce\xca\
W\xe3\xc7\xc1XS8\x5c\x06\xa9\x8dh8\xfe\x0f\x9e\
\x1cx\xe9\xaf_\xbf.\xdf3?z\xf4H\x94\xb3\xee\
8A\xc2+\xe1\x82\xe2\x19\xf2\xfe\x07\x80977W\
\x1e\xce\x80^fd\xd3\xcc\xbc\x1d4^\x05\xf3`\xa5\
o\xa9\xae\x83\xa0\x93<\xe9\xbcu\xd5\xb4N\xa5:l\
\x92\xde\xd2iuy\x06aZV\xdb\x93\xe9\xad\xa7@\
\x16\xc2A\xff=99Y\x06\x5c\x9b\x9d\x9d\xbd\xe5\x9d\
\x96uy\x98\xe3\xf1\xf8\x83\xa3\xa3\xa3\xbf988h\
\xe3\x92_\x0fi\x0a)\xe5\x05h\xd6\x9e\xf5\x9c\x9f\xb6\
B\xc3\xeaZ\x98\xfc\x83\x96\x0e?\xfal\x1a`\xc9\xeb\
H\xaa3\xa9,R\x18\xe7\xe1\x05Km j`\xcc\
\x955x\x84\xf8\xee\xf2\xf8\xf8x\x12\xae\x01\x90\x04r\
\xc0\x03\xc0r~~^\xadCO\x18%\x5c\xc8\xf2\xf9\
\xe7\x9f\x87_\xff\xfa\xd7\x93\x03\xd1\xd1\xb3\xe2^\xa2\xe5\
\xb9\x85\x0c\x8fO\x8a#yr\x5c\x06^\xb6T>\x9e\
|=e\xe3\xcf$\xef\x99\x12\xd4\xe3\xee\xeenY\xa7\
\xff\xfe\xef\xff^\x82Uj\x9f\xaa\xd5V\xd2X\x8ad\
\x91\x9d\x04tR\x18\xf4=\x90\xed\xda\xb5k*8\x06\
G\xff\xd6\xe2Y\xe3E\xd3W\xfcw*\x9eUG\xde\
:\xf5\xea\xd3T\xdc\x1c\x9dSG/je.*#\
\x17\xf2\xa3\xf7dz\xe5\xb7\xf2\x81:\xdb\xd9\xd9i\xbd\
}\xfb\xf6\xf1`0p\xdf\x93\x99\xf40?\xf9\xe4\x93\
\xd6\xbbw\xef\x9e\x9c\x9e\x9e\xfe\xe5\xce\xceN\x1b\x90Y\
\x1a\x14RG\x97\xc2\xae\x824K\x91\xfe\x9eF\xfe\x14\
0\xad\xfc5\xd2\x06n\xc8\x045\xcf\x00\x96:\x8e\xf4\
[\xe3-\xfd\xe6\xe9\x02\xb3\x9c\x01,\xbb\xdd\xee\xa5C\
\x0ar\x14\xd6\xca\xcaJ\xb8s\xe7Nr#\xbf\x14\xa6\
\xe5\x01`\xf9\xec\xd9\xb3\x120\xe9\xe2\x1e\x09d\xf8\xb7\
\x04\x18Q\xd83I\x9fE\xf6.\xd4C\x5c&I\x1e\
\xab\xecA1b\xb41hyC\x12Ymxvv\
V\xbe\x0f><<,\xb7\x00\xdd\xbe}\xdb\x5c\xd9\x9c\
2\x1c\x0b\xb6\xe8'\xb5\xad\x84\xff\x8f\xef2\xc1\xe8\xda\
\xdf\xdf\xbf\xb0W\x9c\xc7\xd5\xe4\x89\xc6\xea\xd5&\x1e\x95\
\xc47\xf5\x9d\x92\xd5S\x86\x1c\xb9\xa6\xc97\xd5\xce\xa9\
\xb8\xf8\x1e\x13\xf7`\xe7\xa4\xd5\x9eu:\x9d\xb2O\x1d\
\x1e\x1e\xb6vww\x1f\xad\xad\xad\xfdU\xbb\xdd\xfe\xdf\
B\x08\xf6QQ\x1e\x0fsoo\xef\xe6`0x\xbf\
\xdf\xef\xf7\xd0rK\x09\x94*\x80\x87$+rZ\xfc\
<$u\x92(\xdcL\x92\xc37G\xf1I2x\xeb\
Y\x02\xbai\xfc\xe6\xd6%}\x86G\xe0\x15\xd5!\x05\
\xf4\xe0\xe4\x90a\x01\x82W\xb0\xb1\xb1\x91\xb4\xa25p\
\xe1\x04^\xcf\x17_|\x11\xfe\xf0\x87?L\xfa\xae\xe4\
eq\xcf\xcf\xfb.S\xe2\xa1\xd5!O#\x95C\x8a\
\xaf\x01\xa7\xd4O<^\xa4VV-\xbe\x94\x86\xc7\x85\
\xf6\xde\xda\xda\x0a\xbf\xfa\xd5\xaf\xca\xf7\x9b\xb8:Z+\
c\xdd\xf1X\xb0\xa9U-.\xb4;\x8c\xd5\xe5\xe5e\
\xd5\x1b\x0a\x86w\xe7\xf1d\xb4\xf8\x92\xdcZ9\xb40\
\xab\x9e4\xc3\xc5\x1bW\x22\xab>\x9b\xf0\xb5\xf2\xf3\x12\
\xceh\xd25\x0d9\xe5\xe2\x84:l8\x1c\x82\xae\xea\
\x9e\x9c\x9c\xdc\xed\xf5z\xf7=\xfc\x92\x809\x1e\x8f\x1f\
\x8eF\xa3\xbf:==\x9dE\xb4\xe7t\x15\x15J\xe9\
\xdbnL\x9a/\x1f\x089G5I\x83K\x1a\xbc\xd8\
\x80\xfc\xf0n\xca'\x15f\x0d\xba\x1c>\x12/\x0fp\
\xa3w\xc9\xdf]J\xa4\xb5\x0f(7z\xbdUh\xa8\
l\xc1\xd3\x00\xcf\x07=K\x9e\xd6\xe2k)f\x0eP\
<\xad\x05\xb64\xae\x04B\xbc\x7fp\xc0\xa2i\xac\x85\
:\xbc\xee\xb4\xb2J\xf5\xe1\x8d\xcb\xf3\x0b\xd5t(\x18\
'\x9f}\xf6YY\xff\x96qi\x19\x0bX\xc7\xa0$\
\xf1\xba\xa7 xe\x12\xdf@\xbc\xcc\x85\x85\x85\xd2\xa3\
\xd0\xda\xd6\xfa\xe6\xffka\x1e\xf0\xcb5vS\x1f\x1e\
W\xe3g\x11oO-\xbd\x97o\x8e.\xce\xd1\xd1\xf8\
\x1a\xb0\xce\x22@+\xbc\xf22{\xfd~\xff\xfd\xf1x\
\xfc\xf1'\x9f|\x92\xc4\xc3\xe4\x94\xecp8\xbc7\x18\
\x0c\xbe\x7ftt\xd4\x91N\xb6\xd1*\xc9\x029J\x9a\
U\xc5\x95\x92\xb71\xa5\xb8Zz-\xae\x14\x0f?t\
\x85\xb0%W\x13\x0b\xc83\xa0s\x06I\x0a\x5c-\xbe\
\x5c\x19H\xed\x8a\xef.C\xa50\x83\xd2\x07\x8a\xc4\x82\
\x1a\x00L\xba:\xd63\x00\xb58`\xdc\xbdx\xf1\xa2\
\x5c\x98B\xdfY\x06\xc5\xc3L\x81\x1bO'=\xab#\
'\xe7m\x01X\x8e\x17\x11\xc9a\x04x\xabN`S\
\xe8\xbc\x8d\xb4\xf6\xd2\xe2r\xc2\xfe\x01\xf5\x0d\x86\x0a(\
\xb9\xef|\xe7;\xe5\x8aU\xba\x22\xd7;>1?>\
\xb5\xcde\xe2\x00\x8a\x04^&\xdf\x97\xe9-\xa3T/\
V\x7f\x96(\xc5[\xd2#\x9a\x0c\x16o\x1e.\xc5\xd5\
x|[q%\xb2\xf4'%\x9c\xd5\xe3[\x98\xea\xe6\
\x83\xefD\x81\xfa\xfd~\xbb\xdf\xef\xdf;;;\xfb\xee\
\xe6\xe6\xe6|\xea\x9eL\x130\xff\xfe\xef\xff~%\x84\
\xf0\x9d\xf3\xf3\xf3\xdb\x07\x07\x07\x97N\xb6\x09\x09E\xc0\
-@\x09\x04\xa5\xf4^\xb0m\x92V\x8bk\x85\xa12\
\x98&\xd1Ao\x81Tp\x02\x9b\x17\x5c\x0b\xe3}\xa6\
\x16_\xfa\x1f\x94\x19\x1e\x81\xb7\xb9\xb9\xa9^nm)\
\xdaP\x9d\x0c\x04\xde%(W)\x9f\x9c>\xd5\xef\xf7\
\xcbw\x96\xf0\xd1\xdeYjG\xdd\xa5@\xcb\x02P\xfe\
\x5c\x8a\xaf\x91\xe7\x99\x04\xa0<\x1eo\x9b@\xea?\x05\
V^\x05\xc6y\xd3\xf4\xf4\xc4\xa0\xe7\xcf\x9f\x97@\xf5\
\xbd\xef}or/'\x927\x1f\xab\xbcZ\x1f\xc6\xff\
\xc1x\x03%\xbb\xb8\xb8X\xbe.@cN\xe2\x93\x02\
M^\x7fVxT\xbca/\x18\xd2rk\xc0\x98\xd3\
VZ\xdc\x1c\x1e^\xbe9\xc0\xca\x9fY\x00\x8c\xef1\
\x01\xe8P\x07{\xf2N\x85\x83Q\xb5\xb7\xb7w\xfd\xd1\
\xa3G\xdf\x8b1\xde\x0b!\xfcN\x1565%\xdbj\
\xb5\xbe\xdb\xef\xf7\x7f\xb4\xb3\xb3\xd3\x91n\xe5\xf0\x92e\
=J\x94\x03x\xfc\xc3\xc3\xb5x\xda3)}\xa8\x14\
\x04\xdf\xb7\xa7QJ\xa9\xf22\xd4y\xd6\x84\xac\x8ef\
ux\xe9\xd9\xc2\xc2\xc2dq\x05=\x04@\xfa\x0e\x86\
\x87\xb1\xba\xbaZ\x1e\xb0.M\xbbx@\x0a\xc3\xd0\xb3\
\xc4w\x96\xb8h\x84\x7f\x22\x9b\xe6\x94V\xaar\xa5\x18\
\x8d\xf7~4=\x8f#\x810\x8fg\xad\x92\xd5\x9eK\
ry>A\x98\x0e\xd6d\xc2\x93vx\xbdiu\x87\
\x1b\xc3\xf1\xf7\xe1\xe1a\xf9N\x13\xdfk\xf3:\x95\x88\
\x8f\xc9X]\x8c\xcd\xfbB\x8a\x0f\x10\x18\xfa\xa0\xbb\xa0\
\x7fy\xde\x81\xd5\x19\x8fM\xc7i*\xbd\xf6\xdcc\xb0\
\xa5\xc8\x9b\xde\xcbW\xeb\xc3\x1e\xbeV\x1c\xba\xf8''\
o-\xbc \xc7;noow\xb6\xb7\xb7?(\x8a\
\xe2\xff\xff\xe3\x1f\xff\xd8<Z\xcc\xf20\xe3\xe9\xe9\xe9\
\xbd\xe1p\xf8\xd1\xf1\xf1q\xd4\xbc\xcbi\x86i\xe1Z\
\xbc&\xe4\x95\x89\x02\xbb\xe7\xc0\x86\x1c\x8b=\x12\xef2\
d\xbc[\xd1\x0e\xbc\x9f\xe6\xc0\x95\xf2\x96\xac\xee\xb9\xb9\
\xb9\xc9]sE\xb5\xf5F\x92E\xaa\x17\xaa\xa0\x81\x0f\
\xf5.i:/\x81\x1c\xef\xde\xbd+\xa7\x03\xb9r\xd6\
\xc8\x02\xf7`x\x9d\x1a\xb0\xf2\xfaI\xe5K\xff\x97\x00\
;\x12\x0f&\xb2w\x9d\x9c4#4V\x9e\x9f&\xa7\
\xc5\x87\x1b\x8e\xbcO[\xde\x1a>\x03\xd0\x02\x03\x06<\
\xcdH.^\x97\xf8q\xc2\xf7W\xbc\x1ex>\xf49\
\x8f\x03}\x13\x14\xed\xb5k\xd7\xca{My\x9eR}\
x<@-\x9e\xc4K\xcbK\xf2 S\xbfy^\x9e\
\xb0\xdc\xf0&qs\xf4\x90\x17\x17\xb0\x1f\xf0\xd5\xb2u\
\x89\xf6?\xe8\x1f\xfb\xfb\xfb\xb7\x97\x96\x96>^^^\
^\xb4n0Q\x01\xf3\xef\xfe\xee\xeff\xe6\xe6\xe6n\
\xf7\xfb\xfdu<\xcd\xa3\x0e\xe5\x80\xa5\xc5\xe3\xdb \xa9\
\xf3Se&-\x1c\xc9\xe5G\xf9\xa6\x00\xca\xfa\xf6\xc6\
\xcd\xe5\xcb\x15\xa4\x95_\xaf\xd7+;\xf0\xde\xde^\xa9\
\x90766\xca\xdbE^\xbe|Yz\x15RY%\
~\xe0\xa1.//_x\xb7\x102\xacO$0\xea\
@!\xf6\xfb}\xd5\xb3\xa2\xe94\xb0\xb4@2%\x87\
t\xbej\xaa\x0c\xa9g\x1a/i\x5c\x05\xd2\x864M\
\xce\x16\x17\xafL^\x02Y\xc0\x88\x01/\xf1\xfb\xdf\xff\
\xfe\x84\xb7\x06\x9a\xfc\x19\xdeZ\x81k(x_\xb5\x94\
xQm+\x82>\xb6\xb0\xb00\xb9\xfe\x8b\xc7\x99&\
\xd5\xd5yu\xd2\xe5\xe8\xd2\x5c\xbd[\x97\xb4|< \
\x9c2\x9e@\xdfP]\xec\xcd\xc7r\xba\xa0\x7f\xf4\xfb\
\xfdk\xf3\xf3\xf3\x8fb\x8c&`\xaa\xa3hqq\xf1\
\xd6\xd9\xd9\xd9\x07'''\xa5w)Q]k\xa3)\
X\xe6\xb8\xde9\xa4)8\xbe\xa7,\xa7\x83j\xe1\x1e\
~\xd6\x80\x9e&\xb0\xd2x<\x9dUV\x00L<\x02\
ovvv\xb2\xffnkk\xeb\x927#\xe5\x87\x00\
\x04\xcalee%yv\xac\x94\x96\xca\x0a`\xf9\xfa\
\xf5\xeb\x0b\xcf90F\xe76\x0a\xedy\x10\x80U[\
\x15\xab\xc5I\xe5\xa9\x95\xd5\x93\xd6[F\xe99\x8f\x9b\
\x93\xb7$\x0b-3(\xb8\xaf\xbf\xfe\xba4\xa4@A\
Ie\xd4\xca.\x1d\xc0^\xb0w\xa7!1\x8epK\
\x1c\xf4S\x1e\x97\x1b\x1a9\x1fO\xba\xe0\x1c\x97\x9a\xec\
\x9e:\xf2\x90f\xc0O\xcb0J\xf1\xf4\xc8o\xc9B\
\x0f1\xd0(\xd7\xbb\xc5\xd9\x8e\xc3\xc3\xc3\xd6\xe9\xe9\xe9\
Z\x08\xe1\x81\xb5ZV}p||\xfc\xe8\xe8\xe8\xe8\
/\x0f\x0f\x0f\xdb\x1a`z*\xe5*\x00\xafig\x96\
\xc2yX`\x96\xfa\xb7\xd1qS\x8d}U\xd6a]\
\xa3fff\xa6\x9cn\x0b\xd5a\xe9\xdf\xfd\xeewK\
\xc5\xb4\xbd\xbd}\xa1\xde8\xd0\x04\xa6\x88\xe7\xe6\xe6\xca\
\xe92\xc9;\xb3\x80\x84\xcb\x0by\xc3\xc7\x03$\xd2\xff\
\xd2\xa9?R\x9dhe\xe2\xe5\xd2\xe2Hd\xf1\xd3x\
H\xf9h^gHX\xd9\x12\x98z\xc1Y*\xb7\x04\
\x9a\xa0G\xc0\x98\xc2\xdb\x8ex\xdbJ\xff\xa3R\x93n\
,\x91\xeaJk\x1b\xdcf\x22\xdd~\xf3mx]\x9e\
<=\x06\xad\x87,\xfd\x94\xeb}\xd5\xcd\xafI\x9dj\
y\x03X\xf2\xed%\x1e\xbc\xd1\x88\xf6\xad\xa3\xa3\xa3\xd6\
\xee\xee\xee\xdd~\xbf\xff\x9dj\xb5\xacH\xe2\x94\xecG\
\x1f}\x14c\x8c\xf7F\xa3\xd1\xfb\xe0=h\xfb\xa94\
+\xcd*\x80\xd6h\xde\xb8\xde\x0a\xd1\xf2\xb1\xf2\xb7x\
\xe1\x1e\xc9i\xf0\x8dd5\xa1e\x85J\xdf\x9e\xb0i\
\xc5\xa5\xc4\x01\x10\x17\x82@\xffX[[+Ox\x81\
p<kX36\xa4\xba\x02%\x86\x87\x1e\x04\xa6\xf8\
\xb4\xf6\xe7\xe1\xd0G\xf1\xa2j\x0e\x12\xd2o\xae\x5cy\
\x5c\xe9;\x05f\x96\xa5,\xe5'\xa5\x95\xea_3\x1a\
$\xa3\xc4\xa2hL\xd9\xf2\xba\xcf%\xad\x8dy?\x83\
6z\xfe\xfcy\xb9\x08\xc7\x0b\x0cQ\xb9D[\xfa\x1d\
\x8c\xf1\x03\xc6\xd4\xe2\xe2\xe2\xa5\xbe\x19\x13\xeb\x0exX\
J\x87Yq\xa5\xbc\xb4\xef\x14oo=\xd4\x89k\xf5\
\x01/\xdf\xba2iq@\xaf\x80\xde\x04}!\xf5\xad\
:y\xa3A\x07}coo\xef\xf6\xf2\xf2\xf2\xf7\xba\
\xdd\xee\xff\xaam/\x11=\xcc\xb9\xb9\xb9\xce\xdc\xdc\xdc\
\xad\xa2(\xd6\xc0\x83\xe0\x8bL4a<\x03\xad\xa95\
\xe7\x05\xdb\xa6\xf9\xd3xP\xa9\xdaB\x9b\x5c\xbe\xa9\xf4\
\xa9o-L\x93%'n\x8e,\xf3\xf3\xf3e\x07\xee\
t:\xe5v\x10\x00M\xf0\x1c\xde\xbe}k*p\xc9\
\xe3\xa3\x97\x04\xe7X\x88\x94'\xbe\xbf\xd4\xbc \xaf\x87\
\xc6=\xac\x90\xf0\xa4Rq\xa5U\xb9RZ\xcd\xdb\xd2\
\xe2Y2q\xfeV\x1c\x1e_\xab\x07o}\xa4>\xd0\
7677\xc3\x97_~)^\xad\xa6\xb5\xaf\xb4\x0d\
H\x22\xa9\xafb\xbe`T\xa1G!\x81T\x10\x8c\xc7\
\xc2yX\x80f\x94z\x7fK\xe1\xfc\x7f\x8b\xea\x8c\x9b\
:\xfcr\xf4H\x8eL\x96\xb1I\xc3qZ6w\x8b\
\x92\x16\x07\xf5:\xf4\x8d\xc3\xc3\xc3\xe5\xf9\xf9\xf9\x8d\xd1\
h\xa4z\x98\xda\x94\xec\xe2\xd9\xd9\xd9\x9f\xf5\xfb}\xf5\
\xfd\xa5D\x9a\xf5\x5c'm\xa81\x1f]7\x1fKN\
T\x1a)\xfe9e\xad\x03b<\xbc\x09\xc0z\x07\xbb\
Vn\xbc\x09}8\x1c\x96\xe7\xbe~\xf4\xd1G\xa5\xd5\
\x87S\xa2\x12\xf1\x01\x81\x9f\x99\x99\x99\x92\x17]\xc5\xa9\
\xa5\xb7\xda\xae\xa8\xce4\xb5\xc0\xd2\x03\x02\x16xF6\
}\xab\xc5\xe5[L\x822\xf5)\xd5\x8dUw\x16X\
\xa7\x00<\x07\xe4\xac<S\xf9k\xfc(\xaf~\xbf_\
\x1aV\xf0\x9d:9\x8c\xd6gp\x8cs\x0e\x80\x91\xbd\
C\x87>\x8b\xc7\xe5q\xd0\xe4<\x90\xea\x8e\x1f\xcf7\
'+|\x9a:\xc8C9\xbar\xda\xfa\xdb\x02\xec\xa2\
\xda\x12\x92\x8a\xeb\xe5\x87}\xeb\xe8\xe8\xa8u||\xbc\
^\x14\xc5\xfdO>\xf9D\x8c/N\xc9\x8eF\xa3\x95\
\xe3\xe3\xe3\xbf8::\x8a\xd2\x0b\xfa\xab \xc9+\xc9\
\xb1rb\xcd\x0d\xd8\x1a\xf1\x81\xc7\xcfF\xd5\xf2\xb6\xc2\
xx\xca\xa2\xf4\x0e\xb2&\x94\xf2\xd8\xa56\xc0\x0b\xa2\
A\xe1\xdd\xbe}\xbb\x9c\xe6\x82x\xa0\x8c\x0e\x0f\x0f'\
|\xa32\x15J?\x00\xb4\xc0\xaf\x8e\xb1E\xe3P\xc3\
N\xcb\xdb\xc3[R\xa4\xbc.\xea\xf4U\x89\x8f'\xbd\
\x94&\xd5\xd7\xa4\xdfZ\xd9\xb4<-~\x9a\x1c\xa9p\
\xfa\xfc\xdd\xbbw\xe5\xbbk0\xb6\xe8\xc9NRZ\xea\
\x15R\x1e\xdax\xd7\xea\x17\xbd\xcc\xd5\xd5\xd5\x0bW\x7f\
\xf18^\x8f\xa5.@Y\xe3Y\xea{\x9e\xb6\xd0\xf8\
5\x8d{\x15<%\xd2\x8c\x14N\xd21yM\xf4b\
AN\x93\x02}\xb6\xbb\xbb\xbbq~~\xfe\xfdO?\
\xfd\xf4\xff\x0a!\x5c:\xa5F\x04\xcc\x1f\xfd\xe8GK\
\xaf_\xbf~\x0c\x0c@\x09z\xc1 7\x8e\x15\xdf\x02\
\xa1\x94\xb2j\xd2\x999?T\xec\xd6\x94\xac7?\xa9\
L\x12@\xa6\xa8\x10\x96\xd3\xa7\x00W\xf3<-P\x96\
\xe4\x05\xef\x12/\x88\x06\xb0\xfb\xf0\xc3\x0f\xcb\xce\x0b\x9d\
\x18@\x0b\xfb\x8b\xd6\x9e\xbc\x9e\x90_\xee\x8b|\x1e\x06\
@myERx\x10\x00I\xf3\x8a\xb4pM&\x0b\
\x1cy\xddJ2\xe4\x00\xb5\x05\xf2H\xda3-.\xcd\
\x97{\xff\xd4\xf8\xc1gQ\xd9\x03\xa9\xc9\x7f~~^\
\xbe\xef\xc6\xe3\xeb\xa4\xb2S9\xa2\xf1\x8e\x97\x1b%\xd6\
\x18\x83\xfe\x09y\x83\x97\xb9\xb3\xb3\xa3\xc6\xd3\xda\x8a\x86\
IyZ\xfd\x9e\xd7\xab\xd7\x80\xb1\xf2\xb3\xe4L\xf1\xab\
\xa3\xd7\x9b\x92%\xbf\xd4n\x9c\xf0\xe6\x19\xd0\x1b\xd2\xa9\
bV\xdaT\xd9\x00\xef\xf6\xf6\xf6\xd6n\xdc\xb8\xf1\xe1\
h4\xeaJ\x80)N\xc9\xf6\xfb\xfd\xa5\xa2(\xca\xcb\
\xa2s,\x04\x8fp^ \xcbI\xafufO\xda\x94\
<\x9e)\xd9:\xe0\x9c\xb2\xd2\xaco\xadsL\xcb\x0b\
\xd0\xc03T\x87\xac\xe3\x05\xd17o\xde\x9c\xac:\xac\
\xac\xb3\xe4\x80\xe6\x1f\xf0T\x010\xeb\xb6\x19\xfe\xcf\x8f\
\xc0\xb3\xc0R\x93'5\xc5\x18\xd8\xb4\xae\xc6#5-\
*\x81\xb3\x06\xe4\x5cVKn\xaf\xfc\x9e2\xf3\x15\xc4\
Z9r\xf3\xa3a\xd0\x87^\xbf~\xad^h\xc0e\
\xd1\xda18\x80\x04\xbf\x01,\x014\x17\x16\x16.\xdc\
\xb1\x18\x94\x99\x09n\x9c\xf2q(=\xf7\xc4\xe1\x94k\
4{\xc8\xd2K^]\x91\xa33=zp\x1a\xa0\x8c\
@i\xe5\x97#7\xb6{\xf5\x1esqnn\xeev\
Q\x14\xe2\x91B\xa2\x879\x1e\x8f\xffboo\xaf\x85\
K\xf4\xeb\x0a4M\xe0\xb2H\x1b<\x9c,\xcb[\xe3\
\x8b\x9bd\xad\xce\xe4\xb1\xd4\x22\x9b\xee\xf1z\x82\x9a\xd5\
\xeb\x01V+\xae\xf6\xbc\x10N!A\xd9\x01,A\xd1\
@\xbf\x80:y\xef\xbd\xf7&\x0b\xa2\xc0S\xc0\x03\x03\
\xb4:\x95\xc0\x00=L\x9eo\xaa\x1e\xe9\xff \x0b\xbf\
\xbaK\x02F\xfe[\x02(\x0d\xb4\xb40\xef\xa0M\x8d\
\x05\xe9\x1d]A\xa6\x8b$\x92\x0c\x1a\xce[\xf2v\x82\
\xe2qr\x0f(\xb0\xf1!\x01J$^h`\x07\xbd\
Kih>\x83\xc1 \xbcy\xf3&\x5c\xbf~\xbd4\
\xbe\xa4\x85\x1c\x05Y\x95m\xf5\x0f\xa9\xafhe?8\
8(\xf3Z]]\x9d\x9c\x7f\xec\xf5|\xa2cek\
*\x8e\xd4\x0eu\x80\xc4k\x0c\xe7\x1a\xcd\xd3L?M\
\x03\x00\x09\xa7e\xe9\x01\x06\x1e\xd9,y\xd1(\xdb\xdd\
\xdd\x8d\xbb\xbb\xbb\xef\xdd\xbd{w\x03\xba\x0a\x8f+\x01\
f\x1c\x0e\x87?\x80\x84\xd6a\xeb)E\xa6\x09(\x0d\
b\x8d_\x1d\xca\xb5~\xac|p\x90\xe26\x09\x0f\xd8\
z\xac:\x0b\xac\xb4x\x9e\xb8\x12_\xe9\xdd\xabf\xed\
jaE5\x05\xb2\xb8\xb8X\x86\x81'\x09`y\xe7\
\xce\x9d\xf27t\xda\xa3\xa3\xa3rZ\xd4R\x96\x05y\
\xc1\x8eu\x05|\xad\xf3!i\x5c\xe9\xff\xc0\x14\x94\xe6\
\xdd\xf0\xdf\x16`Ji\x83\x02\xbcR\xfe\x9a\x8c\x92\xcc\
R\xde)\xfe\x1a\xb0q\xb2\x8cA\x8d\x22;FO\xe3\
\xc3\xc3\x10(s\x8c\xd2\xa2:l\xe2\xd9\xb3g\xe5\xb1\
\x88\xf3\xf3\x97\x17'\xd2\xb3l%\xbe^\xc5H\xfb6\
\xbek_YY)?85k)zn4h \
\xca\xd3ZFK\xea\xb7\xd7`\x9c&yt\xf6U\xe5\
\xe3\x05j\xd0\xc7x\xe5\x9b\xb5\xb6\xc4\x9bO\xa8\x0cw\
\xe8g{{{\xf1\xd5\xabW\xef?y\xf2\xe4I\x08\
\xe1\xb7\x97\xe2\xf1\x80\x9f\xfc\xe4'\x9d\xb3\xb3\xb35P\
\x80\x12z{\x06a\xce@\xf5\x82N\x1d\xc0\xabC\x5c\
\x09H\x0ad\x1ay{\xad\xb0\xd4\xe0\x97\xe2h\xe1V\
^Z8\x0e\x16Pf\xbd^\xaf\x04K\x00\xce\xf5\xf5\
\xf5\x0b^\x11\x18W\xb8@\x8c+\x10\x0b|\xa0\x93\xf2\
\xfb\x0a\x83\x01\x90\x9c7\x12\x1a7\x1e\xb0\x0c\xca\x14'\
\x97M\x03QI&\x0fXZe\x94\xb6Mp#@\
\x03J\x0b\x8c\xbdD\xf9 \xf8Q\xb9\xf9\x18\xb0d\xe0\
\xbf\xb56\x0b\xa4\xef\x1c\x1f\x1f\x973\x18\xdcH\x08F\
\xbdS\xf0Jyr\x9c'\xf4U\x9c\x9a\xdd\xdf\xdf\xbf\
\xa0\xeb4\xbe\x9c\xaczN\x01\xa1VW\xbcn,\xbd\
\xe7m\xe3\x1c\xf9\xbd|\xbf\x8d\xbc\xb5\xb4Euw0\
7\xbe\xbd\x80+\x11\xf6\xef\xea\x5c\xd9\xa5^\xafwC\
\x8awi\xaegff\xe6\xd6`0\xb8N\xbd\xaa\x98\
\xf1\x9e\xc7\x8a\x93Z\x06\xaf)8\x0b\x98\xa6i\xf9H\
\x8a\x07\xa7\x1cs\xc0G\xe2k\x81\x98\x87R\xe9= \
\xe9\xfd\xe6r\x835\x07\xca\x0c\x94\xca\xc9\xc9I9\x85\
v\xef\xde\xbdI\x87\xc56\xa4\xe7;j\xed\xc8?x\
z\x07\xcfW\xfa\x9f\xf3\xa6q\xe8\x94]\xaa\x8fi\xa7\
\xfdX\xfdP:\x01HK#\xa5\x93\xd2r\x1e\xda\xd4\
kJV\xce'(\x06Aj\xccZe\xca\xdd\xae\xc2\
e\xb7d\x01%\x05\x86\x98\x06\xca\x9a\x1e\xe0q5\xd0\
\xa4}\x87\xc6\xc5\xe3\xf2p\x9bI\x10<Hi\xecZ\
\xe3\xc63\xce\x9b\xe8,.gN\x1a)\x5c\xe2\xe1\xe1\
;\x8d\xbc=\xf2h\xf9HN\x8c7\xadF\xd8\xd6\xfd\
~\x1f\xf8\xdf\x95\xe2\x5c\x1a\xa1\xadVk\xe3\xf8\xf8\xf8\
\xb6tY\xb4\x97r:\x84f}Ha\xda@\xf7(\
\x04\xcf\x87\xe7\x83\x96\xf6Ux\x98Z=4\x05V\xce\
/'~dSJ\x18\x06\x89\x82r\x93\x00\x00\x80\x00\
IDAT`\x09\xa0yppPz\x99\x00\x988\
=K\xd3q+=$\x94uQ\xed\xa7\xc2C\x0bB\
\x02,\xb5\xe7\x9a\x82\xce\x01\x94@\x0c$\x0f\xd0h@\
\x98Z\xf4\xc3\xf3\xf3\xcai\xc9a\x8d\x81\xa6\x0b\x90r\
d\xa9\x1b\x07\xbc\xbd\xa3\xa3#\xd1`\x88\xcc\xd3\xd3\xf8\
i\xdf\x96bF/\x13\xfa2^N\xccy4\xd5e\
\xde8\xd3\x1e\xff\x944=e\xd5OS\xbe9qR\
\xf2H$\xe9\xe4\xa6u\x86\x87\xa8\x1c\x1f\x1f\xb7\xfb\xfd\
\xfec\xe9L\xd9K\x01ggg\x1b\xa7\xa7\xa77\x9b\
\x5c\x94\x9c\x03$<n\x0e0M\x13\xb08?:\x1d\
;\xed\xbc\xbd\x83\xa2\xa9%\x9b\x93\xb7\x06D\xd0\x81\xf0\
\x0a/\xf0.WVVJ\xef\x92\xde~\x8e[J\xf8\
\xf1\x89\x1a\x08\xf0|\xa4\xa9*N<}d\xef\xf5\x16\
\x16\x16j\x83%\x07\x16\x09\xf4\x82\x03PsN\xd6\x91\
\x80\x8e\xb7\x8f\xb7,\xc1q\xbf\xa5\x05X|\x95-\xef\
\x03R=H\xbfS2\xf2\xffi\x1f\xacn\x8c\x10\xfb\
\x01\xdd\x87)\xe5\xad\xf1\xd5<\x16Z\xd7\x90'\xe8\xba\
k\xd7\xae\xb9\xc6\xf4\xb4\xc6[\xe1\xdcNF\xe34\x01\
\x84\x5c\xe0\xf2\x90\xd7{\xbc\x8a\xbc=\x1ef\x0ea_\
\x01\xbd\x06}\xe2\xe4\xe4\xe4\xe1\xeb\xd7\xafgy\xbc\x0b\
\xef0\x7f\xfc\xe3\x1f\xb7c\x8ck'''\x8b\xa9\xa3\
\xe0\xa6%\xa8\x87\xb4\xa9\x03\xef\xb4D\x1d\xc0\xc5g\xd6\
\xdd\x93^\xb0\xcf\x05\xc8\x5c\xb2\xa6\x8a\xbcS\xb9\x5c\xd6\
HV\xc6\x82w\x89[F@\xb1\xdc\xbau\xebB\x5c\
Pf\xb8\x97.\xd5&\x5cY\xa3\x07o\x91T\xcf<\
\x9f\xd9\xd9\xd9$@h\xff[\xe0\x10\x08PrY\xb4\
\xb8R<\xa9\x1cZ\xdd\x04\xa1-\x82\xe1\xf5\xf04<\
\x1f\xc9s\xe2\xe1\xd3$i*\xd4\x1a\x1b\xb1:\xfdg\
{{\xbb|W\xae\xddFA\xcb/\xd5IL\xbc\xc3\
\x94\xe2\x81\xa1\x07\x1f|\x97\x89\x87\xc2krj|\xf8\
\x0c\x8dg,x\xebO{\xae\x95Q\x0akJ9\xf9\
\xf0\xf0i{\xe9\xc1\xd0\xcb)YR\xf9B\xdf\x83\xbe\
xvv\xb6\xde\xedv\xe7B\x08\x17\x8e.\xbb\xe0a\
\xde\xbcy\xf3f\xbf\xdf\x7fpzz:\xa2\x1b\x92S\
\x9f\xe0\xb0\xa8\x9b~\xb4\xca\xb0~ka\x1e\xe2\xef\xe5\
\xea\xe6-\x0dX\xfe\xad\xc5\x91\xc8\xdb\xa1\xac\xa9\x96\xd4\
w$\xef.\x01\x88\xf0\xdd\xe5\xe2\xe2b9\x1dk\xe5\
g\x81\x8f\xf4\xcc\x9a\xf2\x0eB\x1dj\x8a\x08\x17\x0eI\
y\xa6\xfa\xa8$oT\xbcF+n\x8a\xbf\xf4\xad\xd5\
\x95$?\x8f+y\xa8\xb9c4%\xbf\x94o\x13\x9d\
\xc0\xcb\x86\x86H\xb5\x07N,\xb7f\xf8I\xf5\x1b\x14\
\xc0\x92\xe2a\x5c\xe8\xdb\xf8.\x93\x86\x07\xd6\xdf,o\
Q\x0a\xd7\xc8\xeb\x99Y3K\xbc\xac\x9c\xea\xea=\x8b\
\xa4\xba\xf3\xe8\xe6\x1cYr\xe5N\xdd\xf3\x9a\x03\xd6\x08\
\xc2\xf0\xbd\xbf\xbf\x0f\xce\xe3=\x1e\xe7\x82\x87933\
\xb3zzz\xfa\xa8(\x8av\x8e\xcb{\xd5\x95\xe3\x05\
\xcc\x9c0\x1e.\x955*S\xb2\x12?\xcb\xb2\xafc\
\xed\xa5<?\x0d8$Y<^\x9f\x14\x17\xac\xfd\x99\
\x99\x99\xc9\xb2{\xf0.766\xc4\xbb\x09c\xb5\xf0\
\x86\xee\xc7\x93\x14&\x0f\xd7<\xcc(x\x13VYp\
?'\xbe{\xf7\x02\xa2\xf6,\x15\x87\xca)\x01\x8bV\
\xbf\x9c\xbf\xc5;\x95>\x18\x16\xb4\xd5\xe6\x96\x87\xe6I\
\xef\xcdK\xf3l\xa58\x00Xx\x160}F\x89\xf7\
\x9b\x82\xecS\xa5\xfa*U\xdf\x5c.<\xa1\x0a\x0cB\
\x00m\x90E{\x9f\xaa\x01p\x9d\xef\xba\xf5\xcde\xb2\
\x8ccO\x5c/\xdf\x1cO6'\x9f\xbaTT\xdb\xdd\
\xe8\xebC\x8f\xf3\xa1\xc9\x86kV\x80\xe7h4\xba\xd6\
n\xb7\x1f\x86\x10\xfe+\x8ds\x010\x87\xc3\xe1\xea\xf9\
\xf9\xf9\xa3\xe1px\xa9\xb7h\x0a\xba\xae\xd5\xa1\x85\xd5\
\x05\xbc\xa6iy\x18\xbe3\xf1.\xf8I\x01\x92w@\
H\x8aK\x8b\xa7}\xd7\x01i\x0e\xc4\xe8]Bg\xc4\
\xed\x22\xe8aJ\xfc\xb9\xe2\x92\xc0@\xfa\x80\xf7\xca\x17\
\x98i\x0a\xcej\xcb^\xaf79\xee\xcc\x03\x96\xd2\xaa\
\xd0`(E\x0b,S\x0a\x9a\xff\xaf\xfd\xa6\xe9h\x99\
\xb5C\x0d8/\xde&\xf4D\x14\x9eV\x9aB\xa4\xfc\
\x0aaK\x854\x1bB\xe3J\xe1\xb8\xfc_z\xce\xe5\
\x83\xbe\x00\xa0\x09\x86\x0f\x8dC\xe3q^\xbc\xdfFe\
?8/\x13\xafG\xf02!_0\x0a\xa5}\x99^\
\x92d\xb1\xbe\x83a\xa0\xe5<\xcb\x91m\xdaq\x9bP\
\x9d:\xa6\x04z\xdaZo\xa3\x8d\x0dM\x96X\xbd\xc7\
<99Y\x1c\x8dF\x97V\xca^\x00\xc6\xb3\xb3\xb3\
\x1b\xa7\xa7\xa7\xf7$\x01,+R\x12P\x13\xdc\x0a\xcb\
i\xa0i7&W\x18)\x00\xcc\xe5\x99\xa2\xa6\x1dG\
\xe2%)\xd8\x14\xd0\x22\xe1\x11x\x07\x07\x07\xe53\xf0\
6q\xca\x8a\x03\x05*\x22m\xe5(%\x0b0cb\
\xeb\x91\x94\x1e\x9f\x81\xb2[YYq\x81e\xea\x99\x07\
l\xb5\xd5\xa7M\xb6N\xa5\xc0:\xc5\xb3N\x9c\x5c\xb9\
\xa7\xf5\x91\xca\x06`\x09\xc6\x19\x97A\xeb;\x9e\xba\x0b\
\xc2\x0c\x0d\xef\x9bEu(;\xbe\xcb\xa4\xd3\xfb\x1a\x1f\
\xed\xbb)\xd5\xe1\x1b\x9d\x8e\x82\x14\x96\xc33'\x1e\x0f\
\xf7\xc6\xcbI\x0b\x86\x94t\xb18'/F\x15\xe4B\
\xe9\x93\x93\x93\xd9\xd1ht\xe7\x93O>\xb9p\xe3\xf8\
\xa47>|\xf8\xb0\xd5\xe9tn\x8cF\xa3[\xbc\xd3\
Z\x83'\xe7=J\x9dA\xd4\xa4\xe1\xea\xa6\xc5A\xda\
d\xa5\xb0D\xde\xc10\xcd\xc1h\xa5\xd5\xacm\x00G\
<\x02\x0f\xbdK\x5c\x1d+y\x0b\xe1\x9b\xe9\xfc\xc9\xad\
#Z?\xe1\xd3\x5c\xb1\xba\xe1\xa4\xda\xf7\x94l/\xeb\
9\xf0\x06\xef\x17@]\xebK\xb9\xfb\x18s\xb7dh\
y\x05\xc3[m26\xb4\xfd\xa5\x16_\x8f\x0c\x92\xbc\
\xb4\x0dr\xc6l*=\xe5\x01^\xde\xfe\xfe\xfe%C\
\x0f\x8fB\xd3\xfa\x81\x96\xb7\xe4\x85k\xcf\xe0\xf7\xe1\xe1\
a\x09\x9a\xab\xab\xab\x17\xe4J\xbd\x02\xa9K9\xe3\xbc\
\xa8qICS\x92\xea\xb9.\xe5L\xddj\xd3\xc9R\
<i\xf5\xb4\xb7\x7fk\xfd\x06\xc6\xd1\xe1\xe1\xe1L\x08\
\xe1\xfe\xe6\xe6\xe6\x22\xcds2%\xfb\xb7\x7f\xfb\xb7\xd7\
\x8e\x8e\x8e6F\xa3QO[)&\x11\x1f\x0c\xa98\
Z\x98\xd5\x18ud\xc9\x89\xcb\xe3\xe0Q\x5cu\xeb\x81\
\x87\xa7\xde'\x05\xc5\x0a\xe6\xf18/k**\x15O\
Rd\xd8\x01\x97\x96\x96\xca0P^X\x1f\xd7\xae]\
\xbb\xa0H\xb8\xec\xb3\xb3\xb3%`\x1e\x1d\x1d\x99\x00\xc2\
\x95:\xd41()I\x16\xa9,Z}\x02\xdf\xb5\xb5\
\xb5\x12\xe0\x7f\xff\xfb\xdf\xbb\x06\x90\xf5L\x8b\xcb\xc3x\
8\x0d\xcb\x19\x1b<~`^kp,\xf8@\x0b\xb9\
`W_\x05A)\xa3\x81B\x7f\xf3\xba\xa7|(_\
\xfe\xa1qy8?\xa7\xd5J\x0f\xc6\x13^\xf8 \xd5\
\x97tX\xba\x947/\x1b\xadO\xcb\xdb\xc0#\x1e\xc1\
8\x04\xe3k{{[l{m:UkW\xed[\
\xeb[M\xe2\xffg%\xa9\xee\xb5g\xbc\xcfjD\xa7\
P\xd1\xa0\xe2i%^\x1a\x7f\x0c\xaf\xa6y[\xadV\
\xebV\x8cq#\x840\xb9\xd6f\x02\x98\xfd~\xbf\x9c\
\x8e\xa5\xd73I\xcc\xa4\xc2\xa6\xe25I+\x91W\xbe\
\x5cp\xe3\xcf\xbd\x96\xdcUtV\xcb\x9a,\x1a\xee\xc9\
\x0a\x06\x88B\xe7\xeb\xf5z\xe5{\x1c\xcc\x03\xbc\xc7\xc5\
\xc5E\xb3\xc3\xe3Y\x8c!\x01\xf84M\xac\xdeQ\x01\
`\x9e\x9d\x9dM\xd2K`\xaf\xf1\x09Li\x80\x87\x09\
\xc0\xbe\xbb\xbb{!\x1fI\xf1x\xc12\xa5\xc4\xb8,\
)%*\xd5\x9f\xc4+\x10O7$\xact\xa9~\x83\
\xd0W\xb8\xe2G\x92\xce\x82-\x12+\x98=\x943\xa6\
\x0bv@\x01\x05]\xbe0L\x030\x1e\xe6Q\xd24\
.\x9d\x9a\xa5\xa7\x0f\xa5\xf8y\xcag\x8d\x8b\xa6^l\
\x8e\x81\xe0\x09k\x9a\xb7\x97\xaf\x16\xc7#\x0f5\xe6\xb4\
\xdd\x0cu\x88\x5c(q}qq\x11\x00\xf3\xbfM\x9e\
\xe1?\xc3\xe1p}8\x1c\xbewvvf\xaf\xd35\
(\xa7\xa1\xeb(\x93hL\xadiq=\xcaQ\xfbx\
\x1a\xcd\x0b\xca9\xd3/\x9cR\xe0i\xf1\xb3\x14F\x10\
\x14\x07\x80%x}'''\x93\xb8sss%\x10\
YG\xb7\x81w\x09^(\x0d\x93\xea]z\x06\x9d\x93\
\xdf6\x22y\xc1\xc1\x00\xe3@\x00s}}=9U\
S\x07,s\xfb\x92\xc6\xc7S?\xbc\xae\xa4\xff\xad\xbc\
\xb5\xe7\xa94\xbc\x8d\xf9\xa1\xe7\x9a\xcc\x5c&\xad\xbd\xac\
q\xc6\x01\x1b\x9fA\xdf\xb0\x16\xdfiy\xf0\xfeQ(\
\xef\xf4#\x03,\xdcfB\xaf\x9d\xf3\xea\x03+O\x1e\
^\x07\xa4\xac\xf1\xae\xd5\xcf\xb7A\xd6\xb8L\xc9\xd2D\
n~\xa6lS\x22\xfd/\x1e\x1e\x1e\xae\x0d\x06\x83\x0d\
z\xe2O\x87d\xbczzz\xfa\x10\x15\xa5GQ}\
\x1b\xe4\xb5\xb8r\xe4\xb3\x06t`\xdeO]\xf9r,\
$)~\xcc\xf0\xb0\xf83\xc9Z\xb5,X\xfa\x1b\xc0\
\x91^\xc6\x8caKKKf\x1d\x03\xd0\x02hz\xde\
\xabq\xc2=x`\xd5\x07\x014-\xe2m\x09@\x09\
\x1ef\xbf\xdf\x0f\xaf^\xbdJ\x02\xa0\xf5\xcc\x8aK\xf3\
\xb4~s\x19\x83\xb1w\x8c\x97[\xf2\x0c%\xbe\x1cx\
4\xde)~\x9egH|\xca+\xb0\xbe\x19\x0d\xa3\x87\
\xa7\x8f\xcc\xa3\xe5\xb2D\xe3uEN\x1f\x89\xc6\xf4\x1c\
\xe5\x81\xdbLfgg\xcb\xff\xbd|\xad>c\xc5\xd7\
\xeaG\x1b\xcb\x1a\xd5\xf5\xd4BC/Q\xcb'\xc7\xc8\
H\xb5\xab\xa5g\xf1\x15\x9a\x15W2\x5c\xb4\xfa\xc4\xd7\
qGGG\xd7\x96\x97\x977\xbe\xfc\xf2\xcb\x1e\xa8\xa9\
@\x003\x8e\xc7\xe3\xe5\xd1h\x04\xa0\x99e\xf9\xa4\xc0\
G\x0b\xf7\x02r\xdd\xb4\xd3\xe2\x97\xca\xcb\xdb\x89\xbdJ\
(*SE4\xbf\x5c\xcb\xd4\xd3Yb5\xad\x1a\xab\
36i^\xa08\xe8b\x1a\x89\x07\x00&\xde6!\
)\x02\xed\x1d&\xfc\x06\xa5\x04\x80y\xeb\xd6\xad\x0b\xab\
\xder\xdb\x19\xff\x07y\xc1\xcb\xacn\x1e\x98\x0aXz\
\x14\xa0\x16\xa6\xfd\x96@\x83\xf3\xe0\x80b\x81\x8f\x94\x0f\
\xedC\xfc=$oO\x89\x07\xef\xbf\x1aP\xf28)\
\x99q\xda+\xb0\xe9`\xbeX\xaaE.p\xa7\xe0\xa9\
\xbd\xa7\x94\xcaR\xb0w\xa8\x1e\xc2\x83:x\x19rA\
\xccC\x9c\x7f\xc8\x00\x5c\xe9\xdb\x9bW\x93\xf0iSj\
\x9aXj\xeb\x82\x5c=h\xa5\x95\xc8\x8a\x83\xcf\x8e\x8f\
\x8f\xe7[\xad\xd6\xcd\x95\x95\x95\xd9\x0b\x80\xf9\x93\x9f\xfc\
\x04\xbe\xaf\x8d\xc7\xe3E\xaa,)\x03\x8d\xb1\xf5\xbbi\
\x98\x97r\x1a\x95\xc7\x95\xca`Y[M\xa8\xcet\xac\
\x87O.?m`\x80\x878\x1a\x8d.)\xa3n\xb7\
;\xd9\x1b\xa7\x11N\x9b\xd1\xc3\x03\xac\xfc\xa8B\x80\xf8\
\xa0\xa0\xe8\x0a\x5c\xcf\x80\xb1\xda\xe9\xda\xb5k\xe1\xf6\xed\
\xdb\x93\xe9\xb5\xab\x06K\x0b<=\xbf\xb5\xbe%\x01\x94\
e\xb8X\xbc\xac\xb4W\xa1\x14\xa3p0\x85\x06>H\
t\x91\x10MC\xa7d-\xc0\xd2<\x13\xde\xaf\xa2b\
\x98\xe27\x18q`$\x82\x01\xa7]s\xa8\xe5)\xe5\
=\x0d\x80M\xf1\xf3\x8c\x11n\xf8Xi\xad\xf0?\x05\
Y2\xd6\x91\xd32\xb8\xa0\xbf\x9d\x9e\x9e\xce\xb4\xdb\xed\
\xeb\xadVk!\x84\xb0\x17\x88\x87\xd9\x9d\x9b\x9b\x9b\x87\
o\xfa\xee\x8a2\xa8k}x:u\xaaP\xa9\xb0\x1c\
\x00N\xa5\xb5\x0e]\x9f\xa6\xb5U4|\x97a\xf1\x0b\
\x8e\xe9\x19\xdeY\x10\x14\xa1\xfdi\x19\xf16\x11i\xcf\
\x13%\xa87\xb0\xc8\x97\x96\x96&\xab\x0b\xa3\xc3s\xa2\
\x0a\x0a\x8c5z\x89p\x0e\xf8\xf00\x90\xf5\xe6\xcd\x9b\
%\x18?\x7f\xfe\x5c\xcc7\x05\x96\x1a\x7f\xab\x5cR\x98\
\xd7C\xe1|\x0b6\xa5\xe9\x01\x8c\x14i\x9e\xa5\xa6t\
\x22\xf3\xcc\x22;p\x00\x81\xccz}!\xc9\xcd\xc3\x91\
\xa0\xbd\xa0\x1f\xf4z\xdfl\x7f\xc3\x83\xfd\xe1;\x95\x8f\
6\x8e$\x0f\x93\x83e`m\x06\xf9\x80,\xf4 \x03\
\xa9^\xa4\xfc\xa7\x01\x8e\x5c\xeei\x1a4\xbc\x1d\x90<\
\xa0\xf9\xa7\x04VM\xa7i\xe5\xa9\xc3\x8f\xf2<;;\
\xeb\xcc\xcc\xcc\x94\x8e$>+\x01saa\xe1\xfap\
8\xbc\xcb-\xf1\x14y,\xe4\xba\x80\xe7M{U\xe4\
9\x12\xcf\x92\xbb\x09\x10JJ\xb5\xce\xe0\xb1\x8c\x15\xfe\
\x0c\x8f\xc1\xdb\xdb\xdb\xbb\x10\x0e\x8a\x0b>\xdc\xa2\xe6\x84\
\xdbQVVV\xca\xd5\x85\x160I\x84\x87o\xcf\xce\
\xce\x8a\x0bMx\xfdh\xbfi\xd9@\xee\xfb\xf7\xef\x97\
\xb2}\xf5\xd5W\x22@\x06\x03,S\xe0*\xc9`\x01\
)\xff\x966\xe5s\x8a\xc2*Y\x09@\xa5\xdf<\xcc\
\x02\xc3\x1c\x85\xa3\x01\xb7\x06\xc6A\x01d\xa9\xbc\x00N\
\xbf\xfc\xe5/'q\xf1\x96\x1c\x0a\xd2\x92,\x81M\xed\
j\xe3\xd7#\x03\x96\x03\xf7d\xe2\x05\xd3Z\xff\xb0\xc2\
\xac>`\xf5\xa7\xba\xe4\x01B\xad\xad-\x00\x99\x16Y\
\x80\xdb\x84p\xcb\x91\xc6/\xa7\xbc8\xe6\xce\xce\xce\xe2\
\xe9\xe9\xe9\xca\xec\xec\xec\xad\x10\xc2\x7f\x04\x04\xcc\xe3\xe3\
\xe3\xb5\xe1p\xf8\x08\x22h\x15\xae\xd1\x7f\x06\xd0\xcc\x01\
\xd6TZ\xfe\xcedZ\xf9\xe4\x00\x9eG\x81Y\x9e$\
\x95AkK*\x03^\x10}vvv\xe1<\xcfX\
-\xa2\x81\xe7\x9eA\x03<\xf0\x9a\xa4\xc8\x16\xfdp\x90\
\xe0\xcf\x8e\x8f\x8fK\xb0\xde\xd8\xd8H\xe6#\x95Q\xeb\
\x87\xe0\x1d\x03O\xc8\xeb\xeb\xaf\xbf\x16\xbd\xb6\x1c\xf0\xd4\
\xea\x90\xff\xb6\xe2X\xf2z\xcb\x182\x17F\x04\x06(\
\x9c\xbf\xb6\x0aU\xf2,R )\xfdN\x19o4\x0c\
\x8c\xa7B\xd8W)\x11}\x17Jyh\xe1\x12\xc8k\
2\xc1X\xc0\xab\xbfp\x9b\x92&\xb7F\xb9\x06o.\
\xc0J\xfd,\xd5O\xfe\x94\x94\xea\xa3u\xf9\xf1\xa9s\
\x0f\xbf(\x18\x98H\x15`B_\xbc\xden\xb7'J\
\xa9\xd4^\x83\xc1`\xf5\xf4\xf4\xf4\x01XTu\x8f\xd3\
\xf2\x9e\x04$\x85\xa5n\xbd\x97\x0a\xe9\xa9\x88:\x84i\
=+d\x9b\x80<'i\xaa\xa8)ISP\x12\xe1\
\x15^|ulQ\xad@\x83g\xdeA\xceO\xf4\x91\
\xac>i\xf0\x17\xd5r~|\x87\xce\xd3h\xbf9_\
\x89\x004\xef\xde\xbd\x1b>\xf8\xe0\x83\xc9\xc2\xa4`\x80\
cJ^\xe9\x19\xaf\x03\x0b\x84\xad\xd3\xb1\xac:\xd6\xc6\
\x87V\x0eo\x5c\xcf\xc7\xc3\xcf\xa3\xc8=:\x22\x08\xe3\
\xa0i\xf9\xa9\x0c\x1c\xf0\xb4>\x8a\xc76.,,\x5c\
\xda#l\xf1\xa8C\xd3\x1a\xff^\xdd\x93\xa3#\xbdq\
\x9b\xe8f\x8f\x8cR\x9cBX\xc0\xe6\x95%\x18\xf5\x8c\
\x8b\x11\x8f\x8f\x8f\x97G\xa3\xd1:n-)\xfft\xbb\
\xddk\xe7\xe7\xe7\xeb\xb8X#5e\xe1\x15\xa8\x89\xd0\
\xb9\x83\xb4\xae\x22\xd0\x06o\xaa\xc3z\xeb\xa5\xc9\x00\xb8\
\x0a\x10EB9\xd1\xbb\xa4\x87\xac\xd32H\x80)\xd5\
w\xa8:\xd9\xf2\xf2\xf2\xe4\x80vIYii\xa1l\
GGG\xe1\xdd\xbbw\xb57![\xfd\x08\xb7\x9b<\
~\xfc\xf8\xd2\xdd\x99\xc1\xe8o\x16\x08\xa4\xc0\xc1\xfb\xcd\
\xeb\x82\xcb/\xc9 \xe5\xa3\xc5\xe3@d\x01\x89F\x9e\
\xb6\xe4|\xe9\xcah\xebXB\x89\x7f*\x1f\x89\xbcS\
\x8a\xbc\xac\x96\x22\x06#\x0e\xfa#x\x99M^\x8fh\
\xfc-\xb9S\xe9s\xd2NS_\xa7dJ\xc5\xd1\xea\
\xdb\x13W\xd2\xaf8\xa3\xc0I\x1a\x8fV\x1c\x9e/x\
\x98\xc7\xc7\xc7\x0bEQ\xdc\xdc\xd9\xd9\xe9\xc2\xb3\xce\x0f\
\x7f\xf8\xc3\xd8n\xb7\x97\xcf\xce\xce\xd6\x0e\x0e\x0e\x1aW\
Z\x1d\xb2\x84\xf6\xc4\xbd\x0aJy\x98\xa9\x86\xaf;\x9d\
\x1a\x95=g\x85\xb1T_\xb3zy|\x9e\x0e@\x04\
W\x02nmm]\x92#TJ\x0fO\xf1\xd1\x94*\
\x05\xa5\xf5\xf5\xf5r\x0aT;iG\xa3X]\x22\x0c\
\x80\x09\xc0\xc6\xb7\xb1\xf0\xfaH=\x93\xda\x07\xca\x01`\
>33S\xee\xd1\xac.\x8a\xbd\x044\x1a\xa8\xf1\xb0\
\xdc8\xd2Y\xbaV\x1di\xe5M)\x11I\xa9\xa4\xe2\
\x042e\xcb\xfb\x924\x8d\xeb\xa1\x14\xa0h\xfd\x14?\
\xbc\xcfK\xf2Gf\xb0\x15\xc2;L\xed\xfcc\x8f\xdc\
\xe0e@?YZZ*\x17\xb5\xc1\xff\xb9\x06R\x9d\
g\x5c\x16I'X\xf1\xa4\xe7\xd3\x22K\x0fx\x8c\x13\
K\x87h\xf9!\xf1>\x85\xab\xaaqK\x1c%\x1eW\
z\xae\x85\xc7\xeal\xe3\xc3\xc3\xc3\x85v\xbb}{0\
\x18,Aw\xe8<z\xf4h\xa6\xd3\xe9\xac\x9c\x9d\x9d\
\xcdBg\xe8\xf5z\xea\xc0\xb6\xc2r\x80\xcc\x9b\xb6n\
\xbeM\xf8\xf1\x85\x18u\xf2n2\x1f\xaf\xf1\x89\xc2B\
\xa2\xdc|\xb8\xbc\xa0\x04\xe6\xe7\xe7\xcb\xc56\x1c8h\
\x1aMiq\x9e\xb1\xda\xcb\x09\xd68\x00\x1e*\x97H\
\xbcwi:\x9e\xe6\xb3\xb3\xb3S\xbek\xfc\xf3?\xff\
\xf3\xda\x80\x19\x94\xc3\x01b\xf5\xae\x03\xca\xfd\xc1\x07\x1f\
\x94\x1e5\x94\x1d>\xd2\xd6\x93\x1c0L=\xf3\xfe\x96\
\xcaA\xa7\x03)y~K\xc6R!\xac\xd0.\x84\xf3\
]Q&~\xce\xac\xf4\x89\xc2\x16\x12\x9e\x9e+(\xed\
\xdc\xdbH\xae\xf1*\x84\xf7\xaf\x9a\xac\xb4\xdc\x16\xb0\x04\
\x06\xd2\x5c^^\x7fGGG\xe5,\xcb\x8d\x1b7&\
+v\xa5\xb4\x1a\xd5\xf1L\xb5>\xe7\xed\x8b\x12?\x8f\
\xbcM\xf4WSJ\x81\xad\x95.\x0aW\xbfy\xf8k\
\xe1\xf1\x8f\xb7\xe7\xf4\xba\xdd\xeez\xb7\xdb\xbd\x1eB\xd8\
j]\xbf~\xfd\xfa\xd9\xd9\xd9\xc6x<.,\xa6u\
(fL\x81z\xc2=\xef>s\xf85-\xdb\xb4\xa8\
I\x07\xe5\xde\xaa\x06j\xfc\x03\x86\x11\xdew)\x1d~\
\xce\x81\xd2+#\x1e\x82~\xf7\xee]w]G\xe6U\
\xec\xed\xed\x95J\x8a\xc7\xf1\x92'.\x80\x10\x18\x0b \
\xe7{\xef\xbdWz\x9e\x5c\x16\xce\xcbRT\x962\x93\
\xc0\xd7\xaao\x0dXS@.\xd5s\x8el4L[\
\xc1\xab\xe5Y(\xef\x1a9O\xedX\xcb\xa0\x5c:\xae\
\xf1\xd4\xea.\x15\x1fI\x9b\x92\xe5\xe3(\x92\xf7\xeb8\
5k\xe5\xe1\x19\x8f^\xfaS\x00W\xd3)^)\x5c\
\xeb\xcfu\xf2I\xe9\x91\xba\xf9HT\x9d\xf83\x1e\x0e\
\x87K1\xc6;\x10\xd6\x891\xde\x18\x8dF\x1b\x83\xc1\
@\x5c!{\xd5\xe4\xb1\xb6\xb4\xb8RZk\xaa4U\
\xa1|\xf0[q\xbd\xf2J\xdf\x1aIeKM\xb3z\
\xe5(\xd8~3\x00\x0b\x00M\xf0\xae4^\x98/(\
\x8a\x9c\xfc\x00\x88A\xb1\xd0[\x048_K\x99\x81g\
\x0a\x80I\xef\xdf\xe4\xe9\xad\xdf\x12i\xc0\x072B>\
\x8b\x8b\x8be\x9eo\xde\xbc)\xf3\xe7\xf1,\xb0\xb4\xf8\
k\xf2j\xedJ\xbfS3\x0e\x94,\xef\xc5\xeb\xd1x\
\xf8\x15l\x95\xb1\x96\x9e\x93%\x03]\xd1*\xd5\x8b5\
\xab\x22\xd5a\xaal\xc1\xe1\x95q\xbexA\xc0\xc2\xc2\
ByG,\xceHH\xed\xa7\x19&9a\x16\xd5\xf1\
XSe\xb4\xc2\xa4\xf0\x9c\xa9\xdf& \xec)[A\
\xdec\xd6\xc1/\xad\x7f\x80n\xa8\xb6\x96,\xcf\xce\xce\
\xaeCx\xe7\xfc\xfc\xfc\xc6`0\xb8\x7fvv\xd6\xb2\
\x06\x7f*\x13\x8fe!\x85O\xdbR\xc9\xe1\xa7\xc9b\
\x01H\xdd|\x90\xac\xce~\x95\xc6\x0a\x95\x0b:\x02\x80\
\x1a^\xd8+\xc5EY@\x91Y\x80)\x85A\xc7]\
YY)=\xcdw\xef\xde\xa9\xab\xa9\xf9t,\xcd\xfb\
\xd5\xabW\xe5I=\xd2\xeb\x01\x0e\xfeT\x89{\x8c\x1d\
^\x96XM\xd5\x02p\x82!\x81\xefR\xf9!\x1eM\
A\x93\xcb\x1d\x04OE\x92M\xebS\x12PH}J\
\xab\x17^6\x0d\xa4=\x0a\xd4#\xa3%\x83\x17\x00\xf8\
\xd4\xac\xb4\xe5$5\xcd\x1a\xd9\xeaV\xc9H\xe1r\x17\
\xd5v\x1702\xa1\x9f\xec\xee\xee\xba\xeb\x96\xe7\xeb\x01\
\xb9\x14\xc0\xd6\x05[I\xa6T\x98\x15>M\xf2\xf43\
+\x1d\x8ca\xcf\xee\x06o\xbe\xd0\xd7\x86\xc3a<:\
:ZYZZ\xba\x19*\xc0,\x0f-\xc0K\xa3\x83\
\x03\x18\xa6\x19\xd6\x040s\xc2<yX\x9dn\x1a`\
\xf9m\x10\x1f\x94\x92\x5c\x00\x0a\xddn\xf7\xc2\x89<\x12\
\x9fPu&\xcfE\xda\xbc~\x96\x96\x96\xca\xc5;\x9b\
\x9b\x9b\xc9t\xd2\x07\x94\xd3\xde\xde^\xf9\xde\xc8\x02\x10\
\xe9\xb7&W*,VS\xd5`P\x80'\x01\x1e\xe7\
\xd6\xd6V\x90\xc6F\x0eh\x22\xa5nUH)=\xef\
\xb3B\xb9&+8<\xd7\x94|\xd2\xd1u4_.\
Kd\xc6\xa0\xd5/=\xe5\x0cN@\xb4\xe2J@o\
\xb5#\xd2p8,?\x8b\x8b\x8b\xe5\x16,z\xc3N\
\xa8\x09ZWAZ\x9bz\xda\xde\x9b67\xefi\x12\
\xcf\x83\xcf\xa0MK6\xf40\xab\xad%k?\xfe\xf1\
\x8f\xdb\x9d\xf1x\xdc\x1b\x0c\x06\xf3T)\xa4\xa8\x89\xb5\
1MK%\x07,s\x14\xa95 \xc3\x15Za\x96\
\x95\xee\xcdO\x9b\x12\xc1x\x00\x94\xf4\xdd%\xcd[*\
7\xc4\xe3g\xc3\xa6\xe4\xc5|\x000\xaf_\xbf^\x02\
_0\x14\x8b\xc4\x07d{\xf1\xe2E\x09\xeet\xef\xa4\
\xd72\xb7\xc2Rq\xc0R\xc5#\x01!o\x00Mz\
\x02R\x1d\xd0\xf4\xca%\x19\x03\xa9\xfb0\x91<S\xb8\
\xda\x14+\xf7$\xa5\xfe\xa0yT\x1a@\xa1\xecx\x05\
\x93t\xd8\xba$\x93\xa5\xd84cP\x02\xe1\x5c\x0f\x8a\
\xe7/y\x9f\xc7\xc7\xc7\x13/sgg\xe7\x82\x81\xca\
\xeb\xa3\xcew\x13\xfd\x91\xf2x\xbd@\xe8\x01\xcd\x5cC\
\xcb\x0b\xb6\x1e\x92\xfapA\x0e\xee\xf7\xa6K\xc9\x02\xfc\
\xaa\x9b\x94\xba\xe0g\xdc\xbe}\xbb\xd3i\xb7\xdb\xf31\
\xc6k\xa3\xd1hrZ\x825\xc8\xb5\xf0\xbaau\xad\
\xccp\x85\xc0-=K)x-\xae\x97?\x9f\x0a\xe2\
\xfc\xac\x0eg\xa5\xe5\x84G\xe0\x81\xe7gu~\x0c\x03\
\xc0\xa4\xa7\xffH$=\xc3\xc5?\x1b\x1b\x1b\xe5\xd1b\
\xd6b\x0fMa\x82\x8c\x00\xee\x1f~\xf8\xa1\xa8Lr\
\x7f\xe7\x84\x05\xb20\xe8\xce\x9d;\xa5\x82\x04\x8f\x9c_\
\x7f\xa7)=i\xfa\x95\xe7\x17\xd9t\xb2$\x97\xf6\xcc\
\x02>\xce\xdf\x9b\xd6\x8a#\x85k@\xab\xf1\xd0\xfaY\
\x0a\x84y\xb8G~\x8dGT\x0e\x1d\x90\xc2%\xdex\
\xf5\x17\xbe\xcb\xa4+f\xb9Q\xe2\x9d~\xa5$\xf5\x1b\
\xde\x0f\xf8\xff\xd2\xb7\x97\xa6=-\xdbT'{\xc8\x02\
tO\xbf\xf0\x121\xf2fb\x8c\xd7\xe1\xbb\xd3j\xb5\
\xda\xe3\xf1\xb8\x0b\x0dO\xdf)Q!4\xa1\xad\xdf\xde\
\xb49\x05\x9aV\x9e)\xfe\xd6\xe0\xf5\x0e\x00\x0eb9\
\xd3`VZ/Ii\xf0\x80u\x18\xf0\xe8]J\xe5\
\xa1a\xe8a\xe6tf$\xdc\xc2\x01`\x83\xab^y\
>\xda'T\xefO_\xbdzU\xf2y\xf2\xe4\x89{\
`{d\xb3\xc2\x02\xab\x03\xf0(\x10<\xa1.\xc0\xb3\
\xa0\xabx%e\x95\xda\x9a\x95#\x8b&\x97\xf5\x1d\x8c\
\xf7\x87\xd2o\xa4\x94\x07!\xc5\xb5\xca\xa0\x9d\x01\xeb\xc9\
K\xe2\xed\xe9\x03\x1e\xbe\x12XJe\x92\xc6\x07\x18M\
0\x8e\xf0]\xa6\x16\x8f\xf2\xd0dh\x0a\xacu\xd2J\
\xe5K\x85Y\xe1\xb9q\x9a\x924\xf3\xa199ue\
\x89d\x9b\xcah4\x02\x9c\x9c/\x01\xb3(\x0a\x00\xcc\
6\x02\xa66\x9083\xeb\xb77\xad\xd5\xc0u\xf3\xf0\
v\x1a-\xadT\xc9\x92\xf5\xa8\xf1\xac3e\xd1\x94R\
e\xc6\xe7`\x15\xc3@\xc7C\x0a$\x8b\x95\xa6\xa1e\
\xaesT \x1ed\x00\xe0\xf2\xdb\xdf\xfe\xd6\x04H\xcd\
\x8a\x86~\x89\x17A?~\xfc\xf8\xc2\xddw9\xfd'\
\x97x;\xe34-\x18\x1d\xf0\xb9~\xfdz\xf9\x9e\x15\
\xdfeYui\xc9$\x81m*\xad\xa6\x184\xc5\x99\
\xf2\x00i\x9f\x8d\xc6B\x1f\x89\x0ac*\xb4p,\xc6\
\x92\xd2\xa7\x00\x86\x97\xc9\x22\x0d\x10RyI\xf1\x91\x97\
\xe4e\xf2v\x94\xea\xe3*)\xc7\xd8\xa2\x94\xa3\xa3\xa6\
\xa9\xcfr\xf4c\xca\xe0\x0b\x04\xe0\xac\xb4u\x0c\x81j\
,\xb4b\x8c3\xedv\xbb\xd7i\xb7\xdb\x9d\x18c\x0b\
\x1a\x1d\xaf\xd4\xa1\x915\xcb0\xd5!<i\xebNU\
\xd4\xa1\xab\x06y^\xe9\xb9\x9d+U6\xab\xde<\xf9\
\xa2wyvv6\xd9w)MAIe\xc1\xfb*\
\xf9\x9d\x98\x92r\xe0a\xb8\xe1{mmmrM\x92\
e\xacH\x1f\x00\xa47o\xde\x94`\xf9\xe8\xd1#\x13\
\x94\xa4\xfa\xb2\x06\x8a\x14f\x81\x0f\x0cJ\xa8\x07\xbc0\
\x1b\xbc\x8c\xe3\xe3\xe3\xd2(\xc0zM\xf5-\xab\xfcV\
\xb8\x04\x16\x9a\x9c\xbc\xdc4\xad\x04R\xb9$\xf1\x95\xf2\
\xa8\x93O\x0e\xf0\xa7\x001\x90w\xa6\xfcNM.\xb7\
\xa58y\xbf\x806\x87\xbe\xcd\xaf\xff\x92fk\x82\xd2\
\x8e\xa9\xb0\x1c\xd2f\x89\xb4r\xa4\xe2Yu0\x0d\xf2\
\x8e\xc7\x90\x897\x16\x0ey\xf1\x8c\xcaS\xf5\x9b\xd8j\
\xb5z\xe3\xf1\xb8\xdb\x19\x8f\xc7+\xa3\xd1\x08\xdc\x87V\
Ll\xa0\xb6\x0a\x96\x03@\xa9\xe7uxM\x83\x9a\xe6\
\x913\xe0\xeaZ{|\xeaH\x9bJ\xa2\x84g\xbc\xe2\
\x11x\x1e\x80\xa5u\x01V\xf4\xbbw\xef\xca\xe9U<\
u\xc6\xea\xdc\x9c\xcf\xcd\x9b7K\xd0\xc3\xa3\xe8\xb8\x92\
\xf2\x18P\x00\xda_\x7f\xfdu\xf9>\xf4\xde\xbd{\xa5\
\x87\x87\xc7\xf5\xa5\xe4\xcf\x99\xb6\xf2\xce\xb0\xa0E\x8b\x0b\
\x83\xc0(\x802\x82\xc7\x09\xc6\x05\xc8\xeb\xb9\x92\xcaC\
\x9a\xb2\x90\xfaRtN\xc9J\xfc<}\x81\xf3\xd4@\
\x9c\x92\x06\xd0\x12\xe8R\x1eR?\xd5d\xd1\x88\xf3\xb4\
\xeaB+\xb7\xe4q\x9f\x9e\x9e\x96\x80\x09c\x02<M\
\x00P\x9e\xaf\xd5>)\x995\x1d\x9c\xd2\xcdR\xb9=\
\xe1^\x9a\x06\x98[\xf1\x9a\xd2\xb4p\x82\xb6\xd3x<\
.\x8a\xa2\x98=??_\x06\xc0\x5cE\xcb\xab.`\
\xe6\x00\x5c\xca\xd2\xf6\xf2\xcb\xa9\x98\xa6`\xee\xcd\xdbJ\
\x93RFM<R\xabC\xc23\xdc_\xb8\xb9\xb9y\
a\xfa\xd0[\x16\x00:\xb0\xa2\x9f<yb\xc6\xb3\x06\
\xf7\xed\xdb\xb7K\xd0}\xf9\xf2\xe5\xa5\xbe\xa6\xf5=\xfe\
\x81~\xba\xb7\xb7W\x82\x12x\xac\xf7\xef\xdf\x9f\xdc$\
\x91j#n}z\x14\xa5\x87\xe84\x10\xae@\x069\
\xd1\x93\x07\xcf\x13\x94\xab\xb4_\x90\xfe\xe67\x9c\xd08\
\xda\xed/A1\x9c\x90\x07\xe6)\xa5\xb1@\xd3\xb2\xd2\
y\xd9\x917?\x87\xb6 \xfb$q\xf1\x04\x97\x83\x87\
[zG\xba\xae\x0b\xeb\x85\x86k\xde\xa6\x04\x9c\x81\x80\
\xa1t\x8e.\xe7\xc3yKG\xe6I}\xb8.y\xf5\
\xf0\xb4\xf2\xf3P\x1d\xef\xd4c\x10Y\xfc$#G\xcb\
\x97\xf7\x13\xcd\x98\xf4\xe4\x8b\x06q\xf1\xcd\xe2\xc7\xb9V\
\xabu\xbdS\x14\xc5\x22\xb8\x9cR\xa1\xb4\x8e\xc3\xc9;\
\xc8\xbc\x03Q\x9b^\xf0\x80\xc4U\x80\xbc\x97\xbf\xc7\xdb\
\xe3\x943=fY\xf4Z\x9e\x00&t\xa1\x8fd\xf5\
J<\xb8\xe2\xc5\xf76\x00\x08\x12\xa5\xea\x17:\x1e\x00\
\x1c\x00\xa6\x16'(@)\xd5\xc3\xf6\xf6v\x09D\xe0\
m\xde\xbauK\xf5\xbc\xa4\xdf\x165\x8d\x1b\xabC\x10\
`\xb0\xf5z\xbd\x12\xd0\xc1H\x01\x0f\x84\xee\xdd\x93\xea\
\xca\xaa\x8f`\x00]\xca\x9b\xd1\xe4\x96~K\xed(\xbd\
\xbfN\xf5!\xc9\xa3\xe2\xfd\xd7;\x86\xad\xf2H}\xd6\
\xd2\x15QY\xd9\xab\xc9\x98\xea\x07'''e;\xf3\
\xa9Y-o\xc9 \x0c\x0a\xf8I<RTd\xbc7\
nJu\xf4\x5c*\xad\x07\x0f4\xbc)\x84iYO\
{jX\x15\xc9\xc2\x9f\xf1x<\xd3\xeb\xf5\xe6Z\xe7\
\xe7\xe7\x0b\xda\x82\x0e\x8d\xb9'\x9e'\xad\x17\xdc\xbc\xc0\
\xad\x917\xae\x17\xb4r\xc29\x7fm\xa0h\xfc\xbc\xd3\
G\x1a\x0f\xb0\x80a@\x1f\x1c\x1cd\xc9\xcf\x07\x16z\
\x99Z_\xb1\xca\x8fr\x83\x97\x0b\xe0\xc6\xd3X\xe0\xc8\
\x9fS\x10\x07\x10\xfa\xe2\x8b/\xc2\xef~\xf7\xbb\x0b\xab\
~C\xcd\x19\x89T\x9bp\xb2\x14Y$S\xb6`\xb0\
\x80B\xbds\xe7N\xf9YZZ\x9a\xdc\xae\x90[v\
\x8f\x92\xe5\x00\x9e\xfaN\xd5\x99\xa4\xe45\xc5o\xd5%\
\xff\xdf*[\xaa\x0e\xacg\xd2\x0ae)\x1d\xff\x96\x8c\
\x1f\xa9^(\xd1#\xf3\xf0uE\x0e\xa5\x8clo\x1d\
i|\xaf\x92\xac6\xac\xfb\xd1\xf2\xb1~{\xe3\xd6\x91\
\xa5\x02\xccx~~>3\x1a\x8d\xe6:\xe3\xf1x\x09\
<L\xce0WX\xad\xa3\xa7(\x17\x04\x90\xeaX]\
uy[\xf5\x91C\xde)\x88 X\xbdu\x08\xd2j\
\xdbH\x82P.kj\x0c\x00skk\xab|\x1f)\
)\x06\xab^\xb0\x1csss\xe5\xbeL\xb0\xca\x8f\x8e\
\x8e\x5c}-\xd5\xa1G\xa3Q\x09\xe4\xd0\xb1\xdf{\xef\
\xbd\x0bww\xe6\xd4\x9d\xa40\xa7\x117\x10\xaf\x13W\
\xd9B\x9b\x80\xdc\xe0!\xef\xef\xefO\xf6\xf2Y\xa0c\
yl\xdawH\xbc\xbf\x8d\xc4\xdb\x8a\x8a\xe7\xca\xe3r\
\xb2\x0ch\xce[\xf3\x0c\xa4\xf4\x9aGR\xb0EK\xb4\
lt:.\x0a31\x9c\x7f\xaa\x8c\xde\xba\xc3\x05q\
`\x98JGMZ\xe4\x01e-\x9d\x04\xfaux\xd5\
\xa5&\xa0,\xb5O\x8e3\x22\xb5U`\xf5\x122\xfa\
\x9c\x94'\xb9\x1b9\x8eF\xa3\xd9\xb3\xb3\xb3\x85\xceh\
4Z\xe2\xef0\xadiB\xaf\xb7\xe7\x01\xd6&\xe0\x9b\
\xd3)r\xd3N\x1b \xebL]Xi5\x05$)\
\xce\xd9\xd9\xd9R)\x07\xc7\xc0\xb2\xca\x8d\xf7\x02\xf2\xd3\
4rx\x01`\x80\x87\x05\x169x\x85<\x1e\x9dR\
\xc91\xb6 \x1d\x80&\x00\xcf\xdd\xbbw\xcbsl5\
\x00\xb1\x14\xffU\x19`\x5cf~\x92\x10\xd4+_4\
\x12\xd9T\xa8d\xdc\xd41\x0ch\x19\xa4\xa9N\xabo\
q\xf9$Yh|\x0dd<\xf2Z\xc6\x03\x97)\x1a\
[a4P\x94\xe4\xe6u\xcaO&\xd2d\x02\x90\x84\
\xf1\x01c\x8d\x1a\xa6\x1e \xb3\x8c\x9d\x14y\x00]J\
3-\xd2\xf2\x90\xc2-#\xa8\x0e?\xcb\xd1\xb0\xd2\xe6\
\xc8\x1b\xc8;Q\xf00gff\xe6\x010\xafI\xab\
\xf9\xbc`&5\x98\x17,\x9b\x80\xaf\xd6\xb1r\xe4\x96\
\xe2\xf0\x81\x97\xebu\xa4\xa8\xceT\xab4\xa8<y\xa2\
\xb7E\x8f\xb6\xd3\x94\xade(\xe13\xf0\x0a\x01\x98\xd6\
\xd7\xd7k\x03\x06\x82&(\x96g\xcf\x9e\x95a\xd6)\
@T\x06M6\x94\xef\xf0\xf00|\xfe\xf9\xe7\xe5\x22\
'\x00\xce\xa5\xa5%\x91\x9f\xd5\xf69m\xdd\xc4\x98\x8a\
\xe4\xba\xabk\xd7\xaeMd\xe5\xfc\xb9\xe2m\x02\xf6\xbc\
oK}\xa9`\xf7[\x06e\xc1\x8c\xb6\x02X\xeaC\
<\xcc\xda\xd3\xcb\xdb\xcb\x02u+\x5c\xf38\xb8A\xa0\
\x8dC\xcbK/\xd8\x02+\xf42\xa1\x0d=\xc4\xe5\x91\
\x80Uk\xcfi\xf4\xbbi\x81f\x8eG\x98\x0bT<\
\xad\xb7\xccR\xff\xa9[_8>\x8bo\x0e/\xe8\x8e\
\xc7\xe3\xb9\x16\xb8\x9at\xe3-\xcdH\x22\x09\xe9\xeb\xa4\
\xd5\x0a\x92S\xd9^\xf2*L\xafr\xadK\x1c\x14\xac\
\x81!\xc9\x90+\xcb\xfc\xfc\xfc\xa5U\xb1\x9a\x07\xcb\x15\
\x04\xcd\x1b\x7f\xe3\xf6\x92\xd4!\x06\x96\xd1\x12\xab\x93s\
n\xdd\xbaU\xae\x9c\xe5\xf9\xf1\xb8\x9a\xdc\x92\xacEu\
\x94\xdf\xde\xde^x\xfa\xf4i\xf9~\x13@\x1eo[\
\xd1\xbc\x10^\xfe\x145UZ\x81y\xd3\xf8\xae\x13W\
\xfbJ\x06\xa8\xd5w\xb4o\xe9\x7f\xae\x94-\x03\x84\xf3\
\xd0\xfa\x87\x94\x9fU?Vy$~\xd6x\xb1<\x8d\
T\x1bi^\xb4\x05\x96<\x0f\xfc\x06/\x13\xdb\xd1C\
9c?\xb2\xf7\xb3\x16\x98N\x8b\xea\xc8\x96\xfb\x91x\
\xd4\x95%4\x5c\xeb\xa2\xc9H<\xcc\xcex<\x9e\x85\
\xd6\xedrk,W\xf8\x1c\xa1\xbc\xe9\xb4A_'_\
N)\x90\xd7\x94\x80G\x96\x1cC G\xde\x5c\x1ex\
A4\x00F\x8e\x07\x12\x8ci+P\x0a\x00F\xe0\xb1\
\xce\xcd\xcd\x99|\xac\xfc\xf0*\xad{\xf7\xee\x95\x00\x87\
\xc7\x8b!I\x0a\xd3\xdav\xc1\xff\x87\xfc\xcf\xce\xceJ\
o\x18\xbcN\xf0\xe0\x00\x9cQ\xe6\xba\xfdF\xab\x97i\
\xf3\xa0\xca\x04\x17\x93\x1c\x1f\x1fO\xce\xb1\xd5\xa6\xf1$\
\xbe\x96eo\xcdTH\xf5,m\xfc\x97\xd2\xa4<Y\
$\x09\x94\xa5\xed'\x92\xec\x9a\x9c\x94\xb4\x19\x13)\x8e\
5\x8b\x13\x94Y\x05\x9ef0\x18L\x0eeO\x91G\
6-\x1d\x07\x1b.\xa7\xa5\xbfstA\x0ePyH\
j;\xc9\x89\xf2x\xa3Z\x9f\xf5\x1a\x22\x9erDb\
<\x9e\x9f\x9f\xb7\x8a\xa2\xe8u\xf0\x1cY.\x88\xa5\xf8\
\xbd\xd6G*\xbc\x09(\xe7T\x8a'\xed\xb4@\xd9\xdb\
\xe0MI\x1a\xb8\xf4\x7f\xbc \x1a\xb7\x92HrhJ\
[\x03&\xf8\x80\x97\xf9\xf6\xed\xdb\xf0\xe0\xc1\x03\xf1\xec\
a\xe9\xb7D`\x89\xaf\xae\xaeN\xce\xaa\xa5\xef\xf0\x0a\
\xf2\xc2\xdd\x92\x85\x7f\x0a6\x8d\x09\xca\x17\xcf~\x05\xe0\
\x04e\xb6\xbe\xbe^\xd6\x8d\xa7\x1fJ\xa4\x95\xd9C\x92\
rK\x11^5\x06\xc6\x0f\x94\x05\xea\x1f\xda\x94\xee\xb1\
\xd4\xbey\xbe\x92\xe7Z\xb0}\x88\xda\x0c\x8f\x04\xc6R\
_\xd2\x80\x91\x03-oW\x1e\x9e\x02M^\x06\xfe\xbf\
\xf4\xdb\xe3-ju\x86u$\xc5\xc1\xe7\xd0.kk\
ke_\xa3\x0b\xb9r\xda\xdbKuyy\xf5\x907\
\x9eW\xd7Ia\x9e8Z\xdci\xea\xd2\x14\xbf\xca\x88\
k\xb5\xdb\xedN\xa7(\x8a\xaev+\xbeD\xd3\x02\x9f\
\xa6`\x99\xb2\xce\xeb\xe4#\xd14\xa6\xdfB\xa6\x15\x96\
\xcb\x8f+\x0dz\xc8:\x1d\xb8R\x9a\x1c\xe3\x07\xe2\xef\
\xef\xef\x97\xd3\xb2\x00\x98T\x16M)hm\x04i\x00\
\x0cn\xdd\xbaU\xca\xf8\xf9\xe7\x9f\x97^\xa1\xb7\x0e\xac\
\xb6\xc7r\x92Un%o\xf0d\x01p O\x5c\xed\
\x9bS\x0f\xa1\xc1@mj0\x81\xac\x00\x9a\xd0\xb60\
\x80\xc1\xdb\xec\xf7\xfb\x93\x83\xf15\xb0\x94\xe4\x97\xda\x88\
\xdfs)\x81\x9f4\xd3\x11\x89g\x18\x04\xe0\xb4\xca\xae\
\x85k\x8a\x94\xcb\xa1\xc9\xc0\xcbJ\x0d\xa9\x9c\xba\x0a\x09\
\x0f\x93\xe7\x03}\x0c\xfa2\x1e\xca\x9e\xd2=\xdc \xcc\
\xd13\xd3\xd2K\x16\x7f\xaf\x0c\x12\x98I\xc6\x0a'/\
\xb0J\xe1Z;\xa4\xae\xf8\xca\xa5\xf8G\x0f\xb3\x1dB\
\xe8\x96\x80\xc9O!I5`\x13\xd0D\xca\xf1`\xb5\
\xa9\x10\x0fy\xac\xc9 x-\xder\xe4\x92\xc6\xcf;\
\x80\x83\xf1\x1e\x12inn\xaeT\xacx\x85W\x0a,\
s\xadNP\x06\x00\x9a\xf8\x0eR*\x87U\xc6@\xea\
\x01@\xf3\xee\xdd\xbb\xe5\xb3/\xbe\xf8\x22H\xc6\x9b\xc5\
Kj/>h\xb0l\x08\x0a\xe0!\x1f\x1d\x1d\x95\xde\
\xc0\xd2\xd2R\xd6 k\xd2\x1f\x9a\xf6\xa5H6RC\
\xbd\x81\xa7\x0c\xf5\x85\xe0\x89\xc7\x0ez\xf2\x93\xc0#(\
\xef\x88\xa5g\x96\x02K\x8d\xdf L\xdbr\xd9\xa4\xf4\
\x96\x07\xcb\xfb9\x07\xa2\xa6\x1e\x89\xd5\xaf1\x1c\xef\x98\
\x85v\xa1\x87\xb2\xe7\x82\x1b\x07T\xfe\xff\xb7A^c\
B\x03\xb7P\x13\x03\xbc\xb8p\xd5\x1eg u\x8e\x1e\
f\x8c\xb1\x07\x80\xd9\xa3\xa7\x8f\xd0\xe3\xae\x9aZ\xfaV\
\xb8\x17\x8cs\xf3\xa8\x1b\x8f\xa7\xd1dM)\xa1\xe0\x00\
\x8d\xa6dY\xca\x0b\x0b\x0b\xe5\xe7\xf0\xf0\xb0\xf4>\xb4\
[\xfe\xa52r\xb9\xb9\x02B\x02\xc0\xfc\xc3\x1f\xfeP\
\x1e\x09\x86'\xffx\xebK\x1a\xf8\x00\xee\xf7\xef\xdf/\
-\xf3\x97/_\x96\xa7\xf8H\xc75J\xd6\xb8\x04\x9c\
\x5cf\x0a\x88X&\x00\x18\x00\x1a\x00\x1e(\x03^T\
\x8d\xc6\x86$\xfb\x7f\x16\x8ad\x85-\xc8\x8f\x17\x1a\xd3\
\x13\x99\x00<\xa1|0\xb6%\x10\xd4\x8c\xad\xc8V\xcb\
\x86\x04\x88R\xb2\xf2\xd1\xf2\xd2\xca\xa7\x19\x90\x9c75\
\x228\xb8K\xa0^\x17\x08\x22\xf3T\xb5\xf2\xc0\xb8\x83\
6\x01clkkK<\x121\x87$\xa3F\x03T\
-\xacI\xbeu\xd3r\x9a\x86\xd1\x92\xe2\xc7\xdbgZ\
\xf9TG]\xb6c\x8c\xdd\x0b\xef0=\x99I\x0a0\
\x15G\x0ao\x0a\x98Vx\xdd\xb4\x5c\xf1\xe6\x10\x07\x97\
\xdc\xceQ\xc7\x12E\xc2t\xa0\xe8\xf1(6\x18\xb8\xb9\
\xf9H\x83/(\xde\xf7\xeb\xd7\xafK`\xdb\xd8\xd8\xa8\
-/\xcd\x17\xdfi\x82\xe2\x07\x0fP\xf365\xe0\xa4\
\xcf\xe9{F\x9e\x0f\xb7R\xa1\xae\xc0\xdb\xc4=\xa6\xf0\
\x01\x00\xbd~\xfdzX\x5c\x5c\xbcpNm\x93~1\
m\xf0\x8d\xe4\xbd\x1a\xf65<\x18!T\xde4\x82&\
=\xcf\x96\x97#\xe5\xe5q\x00\xd5\xc0\x22%\xa7\x05l\
\xa9\xf4\x1a\x01?\xdaG\xacY\x1aZ\x1e\xe9\x5cZ\x09\
\x90R\xe5\x91\xf2\x85:\x87\xfa^YY)?tj\
\xd6\x1aW<_-\x8d\x97\xa6\x0dP9\xf9Hmk\
\xcdty\xe4\xb6\xf2\x09\xc6\x0ca\x93r\xa0>\x00\x1d\
Q\xdd\x899\x0b\x1ef\x87\xde\x1a\xae\x09d\x85\xe7\x80\
\x1cR\x93)\xd9\x1c\xd9\x9a\xca\xdb\x04\x94SqS\x16\
\xb1F\x9aw\x80\x0b}677\xcd\xb4\x92\xc5*\xe5\
\xab\xc9RT\x87j\xbfz\xf5\xaa\xdcSY\xe7H0\
I\xa6Py\x9b\xeb\xeb\xeb\xa5\x82\x7f\xfe\xfc\xf9$N\
d\xef\xa0xxd\x96\x7f\x1d\xa0*\xbe\xd9o5\xb9\
mdgg\xa74@\x00<\xf9\xd5wu\xca6m\
\xb2\xfa\x0b\x9ee\x8b\x8b\x86\xe8y\xb6\xfcLaK\xde\
\x5c\x05\xa7\x8d-\x89\x8f\xc5+\x07P\xb9\xa1*\x8dw\
\xaf\xdcZ[\xf1\xf1\xa9\x959V[L\xa0\xff\xd4\x9d\
\x9a\xb5\x006\x87\x9a\x80f\xae.\xd2xXa\xd3\x9c\
\x92mJ\x16?\x9c\x92-\x8a\xa2|\x87\xd9\xfe\xcf\xbe\
\xe8\xa7\x09y*\x9fZ\xeb\x92\x95\x92\x0b\xfe\xd6\xe0\xd0\
\x14\x90\xd4A-\xeb\x9f?\xc3m$0P\xf1\xa0\x82\
\x94u\xcey\xa6\xe4\xe7\x03\x17<LP\xbesss\
\xc9:\xb2\x06 O;33Sz\xae\xd0/\xdf\xbc\
yS\x86I\xd3-Z\xdf\xe3\x1efn\x1fE\xe0D\
/\x0d\x80\x06\xbc_\xf08\xd1\xea\xcc\xa5\xab\x00\xcd\x94\
\x02\xa6u\x81g\x0a/--\x95\xe0\xb9\xbf\xbf\x7fa\
\x8fj` U8\x0e0\x90d\xc8Q\xb2\x9a\xb2L\
\x8d\x8b\x14\xaf\x5cE\xcf\xcbh\xf5\x17kL\xd3g\xd0\
g\xf0Pv\xbemJJ\x9f\xd2\x87R\xbf\x8f\xc6^\
\x5c^F\x89g]\x99\xbci\xb5\xfeB\xc3\xeaz\x98\
9\xc6@\xddrD2+2\x1a\x8dZ\xedv\xbb\xdb\
\x01\xdd\x09\x83F\xba\xe7\xb0.\xa8y\xac\x84\x1c\x0fS\
\xca3G\xb6\xba\xf2\xf2\xb4)\xe5\xc4\xf9\xa5\x1a\x94O\
YH<S\x9d\xbe`\xdbH\xde\xbe}\xab\xa6\x8d\xca\
B\x0f-.\xfd\x9f\xc7\x8d\xd5\xfb\x9a\xcf?\xff<|\
\xfc\xf1\xc7\xae:\xb6\xca\xc1\x09@\xf8\xc1\x83\x07e\x99\
\x004\xf1=\xbbg \xe7\xc6\xb1\xac^\xdc\x9a\xf2\xee\
\xdd\xbb\xd2\xe3\xc4K\xa3=FB\xc8\xf0\x94\xeaR\x0e\
_z\x9e-|VVV&\xe7\xd9JG\xf3q\xfe\
\x1cX$P\xd3@P\xf30-O\xcd\x03\x9a\x1eE\
\x5cG\x9fhm\x9b\x02\x03\xfc\x1f\xdf#\xc3\xb8\xe4\xdb\
LR\xb2h\xf9\xe5(\xfe\xba\xe3\x91\xa6\x9f\xb6w\xea\
q\x08\xacY-\x8b\x0a\xe5\xb6\x12\x9e\xb6N\xb9\xaa\xe9\
\xfbV\xab\xd5\xeaL<L|W\xe3\xf1\x14\xac\xdfZ\
\x18\x0f\xaf\x0b\xc6\xc1\xe1\x01\xe5\xca\xa2=\xe3\xf9L{\
z-\x07\xd48Qe\x82\xdbH@\xf9\xe1\xd6\x8c\x1c\
\xbe\x1a\xc0K\x8a!\xb2}\x8e\x00f\xa0x\xef\xde\xbd\
kN\xcdZ\x83Hk7P6\x00\x9a\x00P\xaf^\
\xbd*\xa7\xb7r@\x8a\x87\xf1\x8f$\x83\xd4\xa7\x8aj\
\x0a\x1a\xea\x16/\xc2Fo\x0d\xbcN\xbcy$W\xa6\
\xa6T\xb7?b\x9f\xc1~\x03e\x00oskkk\
2;!y\x98A\xf0d8\xe8q \x8c\xca\xf5`\
\x91\xbd\xd3\x0c\xec\xd0\x02\xcb\x80K\x91\xa5\x985\x03&\
e@\x06\x01\xbc$\xaf\x94>\x03#\x04\xea\x97o3\
\x89\x0e\x0fQ\xfb\xf6PS\xb0\xf4\xc6\x09\x19\x1e\xa1\x14\
\xe6\x89\x93\x8aK\xff\x97\xc6v\x13\x8ad\xb6\x03<\xcc\
\x18c\xa73\x1a\x8d\xce\x8a\xa2\x10_\xd0x\x01(\xd7\
j\x0aS\xf00\xad\xd5\x9f\xa90\x0fXZ\xb2\xa4\xd2\
\xe4\xc4\xb5,r\xaf\xa5\x06\xde\x0e\xf5.\x83\xd0\xc1\xf8\
\xe0\xf6*\x08\xed7\xa6\x05\xef\xe4\xf5\xeb\xd7\x17\xf65\
j\x86\x91\xd4f\x96a\x80\x8a\x1d\xdf!nnn\x96\
J\x9d^\xd4\xabY\x94\xdev\xb3\x94\x17\xe7\x85\xe5\x87\
\xfc\xf1Z'(?(E\x00O<\x10!\xa7\xbf5\
\xa1:\xd62O\x8bS\xcc\xe85\x9f\x9c\x9c\x94\xca\x1d\
\xbe\x0b\xe3&\x13\xc9\x98\xe42i^g\x10fWx\
>\xde\xb2I\x00\xe85\xa4-C@\x92W*\x1bO\
C\xff\xc7\x15\xcb\xfc]\xa6V\x86i\x82\xa6T\xc6T\
xn\x9c\x90\xf9\x0eS\xebKV\x1c+m*\xbf\x5c\
y\xad4\xa3o\xe8\xac\xd3\xfe\x86.\x08\x95c\xb9\xe6\
\x80\xa5\xd6\xb1<is\xf9[a\xda\xe0\xc40~\xc3\
}\x0e\xf8\xc7\xc4\x22\x04\xcd\xc2\x92:\xa8\xd6\xb84.\
\x00\x09\xf7.=mh\x95QK\xaf\x01\x0a\x00&(\
\x05\x9c\x9a\x95\xca\xa4)(O\xfd\x82\x07\x07\x80\x04\x0a\
}uu\xb54\x0c\xf8\xf1c\x9e\xbee\xc5\xe7F\x0a\
/\xab\xd4\xc6\xe8\x11\xe1B!\x00w<H]\xe2;\
m\xb2\x8c*OZJx\xe95\xae\xb4Fc\x00>\
t:\x9c\xa7\x95<L$\xaf!\x86u\xc3\x8f\xc5\x93\
\xc0\xd0S\x16-\x8eG\xce\x94\xc1\xee\xd5'\x18\x8e\xef\
2\xd1\xcb\xd4dK\xe94\x89\xbfd\x9cq\xbe9\xe1\
Z\xdeu\xe9*=LM\x9fH\x94\xd2\xb3Vx\xa8\
\xc6F\xa7\xd3i\xb5\xdb\xedV'\xc68\xeet:m\
\xca0\xd5\x08\xd3\xb0\x12\x9az\x98MAS\xcb3:\
\x96zk\xa4\xd5\x83\xa7\xe3\xe66\x22\xe6\x85\xef.\xdf\
\xbd{w!\x8d\xd5\x195P\xd0\xca\xa2\xd5\x07\xca\x0d\
\xca\xf5\xcd\x9b7%Plll\x5cXQ\xea\x01]\
M\x06Jt\xd5'\x94\x19\x81\xf3\xe8\xe8\xe8\x92\x9c\xb9\
F\x0e\xff-\xf5\x01-.\xadc\x5cY\x0b2\x81\x8c\
\x00<\x9e\xe9\xda\xbaT\x17,-~\xf4='\xd47\
x\xf7xy8z\x9dA\xf0\x1e5oR\xea\x8b\x91\
\xbd\xc3\xe4\x1e\xa6\xc43\xc7\x93\x09\x09\x8fS\x0aK\xfd\
\xe6\xe3&\xe5a\xe27\xbe\xcb\x84\xbe\x80\x8b\xac<\xf2\
k\xf9jTG_\xa5\xa8I\xdf\xf2\x18J9y\xe6\
\xc8\xe2\xc5\xa3T\x1c\x1c\xf7\xd5\x98\x18\x8f\xc7\xe3\x11\x00\
\xe6\xa8\xddnwq\x83s\xea\xd4\x13\x8f\xa2\xcb\x013\
O\x9c\xab\x00K-\xae\xa5HS\x96`n\x07\x93,\
\x9f\x941B\x9f\x81g\x09\x1f\x9c\x1e\x0c\x8a\x17\xc0\xf9\
{=\x1e\x0dt\xf9'T7\x99\xbcx\xf1\xa2\xb4\xa4\
WVV.\xbd\xcf\xf4\x80?\xff-\xc9\x08\x00D7\
\xebC\xbe\x00\xd6x0y`\xe7\xbdj\x06\xa0\x05\x96\
Z<\x0f\x88\xe2\xe1\x01\xd0\x1e\x87\x87\x87\xa5\x9cx(\
\x82w\x9d\x80\x97\x9ax\x98\xc1\xd1&\xb4\xae\xc1\x18\x82\
rmoo\x97uN\xcf\xb2\x0d\x867\x18\x85w\x98\
\x12\xb8\xf2x\x1e\xefD#k\xa6F\x93S\x9aA\x90\
\xf2\x97@\xd3\xd2\x11E\xe2]\xa6\xd6\x9fx\x7f\xcc\xe9\
3\xd1y@\x83E9^\xa8\xc7\xd8\xf7\xf6U/\xbf\
`\xe8p\x8f\x01\xe2!\x8cW\xbd\xb6\x00\xc0<\xeb\x84\
\x10\x000/\x1d\xab\xa5\x09$\x85\xd7\x05\xaai\x00_\
\x9dx\x16\x7f\xad\xe36\xcdS\x8a+\x0d\xb4\x9c)-\
\xeb\xdd\xa5\xd4ay>\x96\x82\x08\x09+Q\xaa\xa3\xad\
\xad\xad\xf0\xe5\x97_N\xa6f\xf9\xb4\xafF9\x9d\x18\
\x09\xfa,\x96\x1f\x00\x09@\x13\xa7\xbc\xb42r\x00\x95\
\xf2\xcc1Zh\xf9y}\x14\xd5\x94-\x82'\x80\x0c\
\x07\xcf\xa6TG\x99j<,\xa2^'\xc8\x0eez\
\xf5\xeaUi\x10X}\x96{\x8e<OK\xa1\xa6\x14\
\xa47\x9e\x14\xc7\xf2\x12-\x03\x95\x97M\xcaOJO\
\xdfe\xd2\x15\xb3\x96\xbc\xfc\xbb\x8e\xa1uU\xc6\x14\xa5\
\x5c\xcf?5\xb6\xb4\xf1&\x8dK\xcewZ\x86(\xa7\
\xeaD\xadq\x8c\xf1\xac\xd3j\xb5\xce\xc0\x8a,\x8c%\
\xde\x5c\xb0\xff\x0c\xd4D>+\x0eW\xf4\x9et^\xa5\
\x1a\x9c\xefx(_\x8d\x17*\xde\xfd\xfd}\xf1\xdd\xa5\
g\x0aG\x1b\xe8Z\xfaT\x19\x01 \xbe\xfe\xfa\xebr\
\x0a\xef\xc3\x0f?,\x0f9ob\xfcx\xd2\xe1\xfbM\
\xa8\x0f\xbaE\x02o\xc1Oy\xe9V\x19Si\x03\xa9\
\xab\x82-\x86\xa1\x84\x8b=P\xa6\xbd\xbd\xbd\x09\x00\x81\
\xe71;;[k\xea\xb6\x89\x87\x99\x93\x86\x96\x15\xbd\
\xceG\x8f\x1e\x95\xf5\x8c\xa7$Ig\xd9\xe6\xe6\x95[\
\x0e\xae\xb3r\xd3j\xe1)\x83\x9a\xc7-\x1c\xaf\xb3\x00\
(\xa1\xcdWWW'G\xe6\xa5\xf2\xe4\xf9Y\xb2\xe4\
\x94\xd1C\xde\xd9 o\xda&\xe0\xad\xc9\x91\xe3\xe0Y\
\x06\x96\x956\xfc\xd1`\x1c\x8dF\xa3a\xa7\xddn\x0f\
\x100\xa1\x11S\xd7\x17M\xcb\xe3j\xe2]\xe6(\xf4\
\xdc|\xa2px\xb7\xc7\xe3l\xday\xa52Ev\x07\
!\x124\xe0\xe2\xe2\xe2\xe4X\xb7(x\xa9\x5c\x91[\
\xf9h\xf2\xf0\xb8\x05YU\xa9Y\xbd\x10ggg'\
\xfc\xfa\xd7\xbf\x0e\x8f\x1f?\x0e\xef\xbd\xf7\xde\xe4\xb86\
O=q^\xde\xbe\x84\xc0\x09\xf5\x02u\x86\xde\x1d(\
'\x00Q~\x85]\x10\xa6\xc4x\xd9%y)0\xf2\
\xdf\xb4\xbe$~\xb4\x0f\x80<\xd0~\x00\xa2\xd0\x86P\
\xa7\x0b\x0b\x0b\x93\x05C\x92'\xaf\xd5\xcbU\xd4i*\
..p\xa2g\xd8\x82\x17\xbd\xb9\xb9y\xe9\xaa\xb6\x5c\
%\xe5U\xae\xbc\x9e=\xde\x8e\x06j\x1e}b\x19\xa3\
\x5cf\xde\x87p;\x12?2\xcf\xea\x83\x1e\xe2i\xb5\
q9-\xf2L\xb3J\xce\x81w\x06\xcd\xea+\x16@\
\xd2\xff\xb9\xc3#\xcd\xe4\xa5\xcaFyB_\xeft:\
\xe7EQ\x9c\x96\xef0\xa5[\xc2\xbd\xae1\x17\xd6\x0a\
\xf3\xc6\xf1\x80\x8fW\xb6\x5cy=q\xebPJiX\
\x9d\x8f\x87A{A#\xd2)H+_M\x16>\xf8\
y^|\x1a\x97\x0f\x04\xab\xe3\x9d\x9c\x9cL\xce\x83}\
\xf2\xe4I)/\xb7\xf44\xf2vp\xad\xbct\x0a\x11\
\xbc\xb7\xf5\xf5\xf5\xd2\xc2\x07 \xe7^\xa7\xa6\x04\xa5p\
\xcb\xa3\xe0\xe5\xb2\xa6\xfdx\x1d\xe3i;\x12\xa8s\xef\
5|KSm\xde\xb8\xb120\xa1\x9e\xf1\xbd2\x18\
(o\xdf\xbe-\xfb\x005\xdcx\xd9S|\xbd\xf1\x0b\
e\xcfh`\xc6\x0a\xf7H\xa5\xb6\xd1\x00Q\xea\x1f<\
\xad$\x17\xe5\x07}\x0f>`\x18A\x1dY^\x9c\xa6\
\x8fRyN\x8b\xbcmoy\xea\x9e\xb8\x1e}-\x85\
O\xd3[\xd5\xf8a~\xd0\xbf\xabE?\xe5;\xccs\
P.\x98\x00\x0f&\xf66T\x0eXz,\xa8\xba\xe0\
\x9b\x13\xd73 \xa2\xe2\xa1\xd5!\x0b(RS\x05\x12\
\xe1\xc5\xd0\xd6\xfd\x91\x1a\x10D\xe6\x05I\xed\xa9\xb51\
\x07W)\x1dM\x0f\xde\xd3\x8b\x17/J\xe0\x02o\x93\
z\x9a\x9a\xdcV\xb8e\xe1k<p\x0a\x11\x0fT\x07\
\x99\xde\xbcys\x098%\xb0\xe4\xe1\xbc|R]\x16\
lj\xd6\x02\xcd\x94\x02(\xaa\x05#\x00<\xf8\xbe\x16\
\x8d\xdb\xba\xa0iy|\xde\xb8\x92\xe7\x80\x1f\xbc\xb3\x13\
<}0P\x008\x87\xc3\xa1h|he.\x94k\
\xbc\xa4\xfcCb\xacZ\xc0f)q\xad\x8f\xa5\x8c*\
\xad\xdf\x04bHB\x1d\xe1V0/I z\x95\xa0\
i\x81\xb9'm\x0e\x10r\xfe\x1e\x0fS\xfa\xad-X\
\xe5\xfa\xd7\xeb\xc1\xd2g\x9dNg\x14c,\xa7d\x87\
\xfc\xfa\xa3\x9c\x06\xc9\xad\x1cMa\xe4\xf2k\x02\xb8\x1e\
ek\x01\x83\x95N\x1a\xe8\x96\xf7\xe2!>(Ay\
\xf2\x0bj\xb5\x8e\x97*\xab\xe6ar\x85\xcf;\xa4\xa6\
D\xb9\xa2\x00\x05\xf1\xd5W_\x95\xff\xbf\xff\xfe\xfb\xee\
\xf7\xc3V\x1f\xf4\x9e\xe5J\xcbF\xbdNPV`\xe1\
\x1f\x1c\x1c\x94\xc0\x19\x1c\x9e\xa6\xc4\x97{~T\xb6\x94\
G\x22\xd5\xb3DxY4(W\x90}ii\xa9\x94\
\xbf\xae\xd2l\x0a\x96\x1a?*\x0f\xd4\xf3\xfc\xfc\xfc\xe4\
@\x87g\xcf\x9e]:zO\x93%\x0a^;\x97K\
\x93#0\xc0\x95>\xa9\xb6\xe5\xe1)#Q\x0a\xd7\x9e\
\xc37\x9e\xf5\x8c\xab\xdbsI\x03M\xaf\xfen\xea\x00\
x\xfa\x8e\xd6\xae\x96\xe1\x95\xe2\xefI\xab\x916\xab \
\xc9-\x85\x81\x91\xdaj\xb5\x8a\xa2(\xce\xc1\x5c\x1d\xd2\
#\xaaR\x15\x9a\x03TV\x1cMQx\x00/d\xbe\
\xdf\xf2\x0e\x14\xda\xd1\xf0\xea\xa0\xba\xf9h\x0d\xcc\xbf5\
\x19xZ\xe4\x0f^FQ\xed}\xf4\x10\xf7x4y\
\x83\xa0(\xa4\xb0\xa8\x9c\xb0\xc3\x7fS\x02\x85\x0fJ\x13\
<\xbc\xd5\xd5UW{\xe6\xd4\xbb\xf4\xbf&\x13]]\
{\xe3\xc6\x8d\xb2\x1e\xf7\xf6\xf6&\xab\x17SJ\xd0\xf2\
J%\xb9\xb4:\x92@\xd8R\x16\xf0\xc1Y\x05\xe8\x9b\
\xa0p\x17\x16\x16&{^s\x94`\xae\x11\x95\xcb\x17\
\xfb\x16\xc8\x09\x80\xf9\xe0\xc1\x83r\xf54\xdd\xfa\x13\x14\
\xefO\x1a7\x96\xd7\xa9)\xe7\xa0\x18q\x96\x97\x22\x85\
K\x86\xa3TO^B/\x93\x1fn\xc1\xe5\xb4\xd2{\
\x8caO\xd9\x9a\x92\x17\xdc\xb4\xb0&\xc0\xaa\x8d\xf5H\
\x16m\xa6\xda\xdf\x9bG5%;*\xa7dc\x8c\xa7\
\xf4\xce?K\xa8Txn\xda\xdc\xd5\xa8\xb9qB\xcd\
w\xae\xb9\x9d\xd8C\xd2\xc0\xd3\xbc\x17+-({z\
\xe1w*O\x09P,\x8b\x99w\xb2\xa8xR<\x0f\
Mia\x99@\xd9?}\xfa\xb4\x5c(\x82\xa7\xcah\
\xf1\xa5\xdfZ\xb8e\xa4Xrq\x8f\x13\x80\x1c\xaf\xbf\
\x02\x85F_KH\xed\xa6\xc9\x85@\x11\x94\xf7\x9aR\
|Z\x16^6\x0e\xa4\x00\xea\xf0\x01\xe0\xec\xf7\xfb\x13\
\x03\x00<:\x9c\xf2\xd6\xc6U]\xab<\xf5\xcc\x8a\x0b\
\xf2\xad\xac\xac\x94S\xf2o\xde\xbc)\x17a!Ea\
\x0b\x0a'\x09\xfcR\x1e\x037\xfc-%\xc9e\xe0\xed\
l\x8dU\x8f\x22\x96\xca\x03c\x01\xc6\x01x.\xd6\x9d\
\xaf<\x8f\xe0\xf0j\xa7E\x1e`\xcd\x01\xe5\xd4\xb8A\
\xf2\x1a!\x96\xbe\xe1aM\x0c\x04\x1c\xcf\xd5\xb6\x92a\
\x09\x98\xf4\x12Z\xc9\xb2J\x09\x96\x128'\x8e\x97w\
\x13~\x1aPiVJ\xdd\xceiY\x82\x9a\xf2\xb5\x14\
3^\xe1upp \xe6%\xe5\xc1\xcb\x90\xb2N%\
`\x94@\x91\x83\x09\xffH\xb2\xec\xec\xec\x84\xdf\xfc\xe6\
7\xe5\x22 P\xf2\xfc}\x9cf\xbd\xe7\xb6A\xaa\xdf\
q#\x02\x8f\x84\x03\xe0\x04E\x86+\x1a\xa1\x9e\xe9{\
&KYqO^+K\x10\x80Tj\x1b^\xaf\x5c\
y\x87j\xba\x16\xc1\x13\x80\x1e\xdf\x1dB\xdd\xd2\x95\xcc\
Z=h\x94S\xdfZ\xd9h\x9e\x00\x9aP\xaf\xd0w\
A\xbe\x97/_\xaa[P,>Z\xb8\xc7\xc3\xf4(\
v\xcb\xa0\x94\xc24\xfdh\xd5\x1d\xe67\x1c\x0e\xc5\xe3\
\xf2R\xe3\xd2+[S\xd2\xda&U~-\xdc\x8a\xeb\
\xcd35;`9`V_\xb0\x0c\xaa\xe2\x8f;\x03\
\xce\xc7\xe3\xf1\xb0\xd3j\xb5\x0e\xd1\xe2\xe7\x96\x99\xf7]\
\x91\x17\xb8x\xa5M\x1b|\xad\xf0\x9c\xb4|\xeb\x84\x97\
\xbf\xd6Ir\xa6F\xb8\xe1B\x09\x14!(E\xbc\x00\
XJ\x97\x92\xcbcmi\x9d\xdb\x02D+.\xed\xf0\
\xe0e\x80\xb2x\xf4\xe8Q\xe9\xd5\xe1\x96&M\xe6\x94\
w\x90\x92A\xabc)-z\x9dx\xba\x0d\x82\xe7\xf6\
\xf6v\x09H!\xa1TS\xca<2oF\x8a\xcb\xc1\
\x93\xc7\xe5a\xd4\x0b\xc5m*\xe8u.--\x95\xe5\
\xa0gE{H\xab\xb7\x1c\x1e\x9c`<\x81Lw\xee\
\xdc)\x0d\x93\x17/^L\xeaT\xca?\xd5g\x0b\xe5\
z1\xaf\xcc\x96a\xa3y\x95\xdc\x0b\xd6\xfa_\xc1f\
d\xe87\xfe\x0fc\x18\xfa??\xc8\xa0\xaeq\xa8\xe5\
\xa7\xc9f\x91\x15'\x05ZZ\xb8\x07\xa8r\xfa\x9d\x94\
\xd6#\xb3\xc7\xcb\xe5\xe1\x95N\x18\xb6Z\xad\xe3N\xa7\
\xd3\xd9\x8f1\x16EQ\xc0\x9f\xd2j\xe5\x87\xb1\xe70\
\xb7(\xc7\xea\xe0\xc0\x9a\xb2\xdas\xf3N\x81r\xae\x87\
iu\x92\xd4\x80N\xc9\x15\xc8!\xeb0\xd0\xa4\xeb\x92\
\xa4\xfcR\x1dWS\xd0R}k\xf9\xf1tH\x9a\xf5\
\x07\xca\x01\xb7w<x\xf0 \xdc\xbf\x7f\x7f\xe2\x85h\
md\xb5\x95%k\x8er\x8f\xcc\xab\xa3\xe0y\xfb\xf6\
\xedR\xb9\x81\xd7\x09\x0a\x0e\x00_\xf2\x04yYSr\
z\x8d\x17\xcb\x88\xe2m]T\xef\xb7\x01<\x8f\x8f\x8f\
\xcb\xe9\xd0\x85\x85\x05\xd5\x00\xd4\xf2\xcc\xe9\xb3)^\x81\
\xd4\x03\x18|P\x97\xd0\x9f_\xbdzu\xe1\x0cd\x9e\
\x86\x03\x94\xc4\x0f\x0fl\xb7\x0c,\xe9YJ\xd1\xf3\xb8\
)\xdd\xa3\x8d\x03\x8d\xa0}\xe0\x03^\xe6\xde\xde^\x96\
.\xe3\xe5\xd2\xc6G\x8e\xa1\x9e\x1b'4|\x87\xe9\x89\
c\x85K\xf5\xaf\x19\xb1\x1cK<y\xb2\xf4E\xaf\xd7\
;\x891\x1eu\xba\xdd\xeeA\xab\xd5*b\x8c\x117\
|K\xfb25\x01$!\xb40\x1e\x9e\x03\xbe^\xe0\
\xf6\xf2K\xc5\xb7\xde\x03Y \x9f\xabdR\xbc\xf0\x1b\
\x17\xaa\xa0\x82i\x92G\xca;\xb2,l\xadm\xbcV\
+\xf2\x05\xf0y\xfa\xf4i9%\x05\xde&(\x0e\xa9\
\xdfi\xa0/\xc9\xed\xa5\x1c\xcb;V\xab\xe4\x00<\xa9\
\xd7yttT~\xf8\xd4\xa2\xc7H\xe1rX\x80\xc8\
\xc3Sq\x0a2]\x0b\x9f\xad\xad\xad\xb2\x8e\xe7\xe7\xe7\
\xcb:\xc6EB\xa9\xfe\xad\xe5\xd3\x14H!-\xd4%\
\xc8\x02\xe0\x09\xff\xbf~\xfd\xfa\x82\xa7l\xf1\xe7\xf9k\
u\xab\xa5\xb5\xca\xe1-\xbb4&r\x0dx\xe8Cx\
\xc14=\x94\xdd\xe3%z(\x07|\xeaR\x13\x0f\xb3\
n\xb9\x90r<\xccT\xbaTx\xb5\xe8g\xd0n\xb7\
\x8fAC\xf5\xa5U\xb2\x96\xb5\xd4$\x8c\x0b\x9f\xab\xbc\
\x9a\xe6\xe9!\xab\xf2\xad\xf0\x9c\x01\x8b\xe4\xe9\xc0\xe8]\
\x9e\x9c\x9cL.\xf8M\xc9\x93\xa2\xd4 \xe7u0\x0d\
\x0f\x8e\x13(\x09P\xe8P.\xf04\xef\xde\xbd\x8b\x9d\
\xf3R\x1a\x8f\xa1\xe5%\x8f\xd1#\xf55>e\x0b\xde\
\x1b\x94\x01\xc0\x1f\x94\x1e\xbd|9\x0a\xa7\x01q\x8f\x9e\
\x97\xc7\xd3\xb78@H\x80A\xbf\xe9{N<\xcf\x16\
\xe4\x06E\x8d\xaf\x1e\xa4\xf2\xe7\xd4\x9bEZ|\xc8\x17\
dx\xfc\xf8q)\xd3\xb3g\xcf\xb2\xf8rp\xb5\xfa\
\xa2\x06\xc4\x9a1\xc8\xdbM\x8a\xc3\xf9Da\xb6!U\
W\xd0\xefq\xeb\x0dx\x99\x16\xc5\xcc\x13|\x9ax\x98\
9\xe4\xd5\xdf\x96\xa1Q7_\x0e\xc0x\x86@N\xba\
\xe03\xb4\x8aV\xab5\x881\x1ewb\x8c\xdb\xb4\xc1\
\xf9\xa1\x05^\xe0\xc8i\xc8\x5c\xde\xb9yx\xd2\xa6\xc0\
6\x92\x1b\xe1s;\xa9\xa6(\xbd\xd3E\x94@A\xc3\
\x80\x02Y\xf6\xf7\xf7\x93\x8a^{&\x85kq<\xde\
e4\x16\x02\xf1\xf2YJ\x1e\xfa\x1b\x80\xcd\xef\x7f\xff\
\xfb\xf0\xfc\xf9\xf3r\xab\xc7\xda\xdaZ\xb9\x05\x05O\x07\
\xe2\xf9k\xc6\x9c\xd6N\x9e\x01,\xd5\x8bFQ\xb9\x06\
\x0b\xca\x82\xe7\xd8\xe2\xb4(nM\x92\xdaH\x03P.\
\x8ff\xcc\xe6|\xe3\xff\xa0\xa4\xe1\x03\xb2\xe39\xb6\xf0\
\x0d\xe0E\x0f0\xd1\xea%\xe5\xed\xf2>\x93\x8a\x0bu\
\xf7\xf0\xe1\xc3\xd2s\x07\xd0\xd4\xee\x8c\xe4u\x11\x04\xa0\
\xd2\x14\xa1\xa4s\xa44R\xddje\x93\xf2\x91\xe2Z\
\xdf\x83\xc1\xa04\xb6\xf0,d\xbeW\xd5\xea\x1b\x120\
ku\xef-\x07M\xeb\x01\xc2\xa6\xc0[7\xbdV\xdf\
Z=Y\x86\x92F\xb1:\x96\xb4:.6\xb6\xdb\xed\
\xfe\xf9\xf9\xf9n\xa7\xd5j\xed\xb4\xdb\xed()\xa3&\
\xc0\xd5\x04h\xa7\x1d\xe6\x95\x91\xfeFO\x07\xaf=\xcb\
\x05z\x09,s\x14:\x12^\x9c\xfc\xf6\xed\xdb\x0b\xd6\
\x13\xf7:4\xf2,\xdc\xd2\xb6xH\xf5\xc3\x15\x8ed\
\xf9\xf2xA\xb0\x90y\x1a\xf4\xd4@\x99CYWW\
W\xcb\x83\x0e\xe8\xb5X\x92\x8c\x16\xa5\xd2\xa4xx\xfb\
\x12z\xc4\xb8\x85\x82zv\xf0\x0d\x00\x0a\xca\x10\x14\xa4\
v\xfc\x9d\xa5\x1c=\x06\x0d\x0f\x97\x80\x80\x86\x01\xa0\x83\
G|xx8Y\x90\xb3\xbe\xbe^\x02X\xea\x8a?\
I&\xcf\xec\x8a\x06N\x90\x1f\x18\x1c\xd0\xd7_\xbdz\
U\x1aOR\x5c\xc9\xe8I\xcd\x0ah\xa0-\xd5\xb7T\
\xc7<\x5c+W\x14V6{\x08/\x98\x86\xf2C\x9b\
H{\x81\xb51\xa3\xc9cQ\x13\x90\xf3\x18\xc8\x7f*\
\xd2t\x91dh{\xf9\xa1^\x04|l\xb5Z\xa7\xc3\
\xe1p\x0f<\xcca\xab\xd5* \x10\x15\xb2\x07\x1c\xa4\
\x0c<a\x1e\x9e9\x1e\x81\x97r\x81:\x92\x93m\xbc\
\xf9j\x9d)\xe5uj\x8a\x0e\x06\x12|@\xe1\x02p\
\xe7X\xb8R\xd94e\xeaM\x1b\x84\xe9F\xceG\x02\
\xce(x\xa3\x9a\xc7\x1a\xc8T-\x94\x1b\x948|\xc0\
\x0b\xe27zx\xfa\x84\xe6)\xa7\x8c\x98\xd4\xf3T=\
\xa1\x07\x0a\xbf\xc1\x0b\x05\x0f\x02\xfe\x07\x90\x02\x8f\x1a\xca\
F\xc7[\xaa\x0d9\xe0\x05c!\x85\x14nyA \
\x07\x18+\xe0\xe1/,,\x94\xca\x1bO\x13\xa2\xb3,\
\x9a\x97\xa9\x81|*\x0e\x1f\x13PO\x1b\x1b\x1b\xe5\xaa\
\xe4\xcd\xcd\xcd\xa4\xfc\xc1\x98b\xd3\xca+\x95\x85\xcaa\
\x19/VZ\x8d$\xb0\xe3\xfd\xd135+\xa5\xd7\xbe\
\xb5z\x91\xca\x94C\xd3\xf60\xa7Iu\x0c\xe8T\x5c\
R\xdeb4\x1a\x0d\x8a\xa2\x18\x94\x87\xafWs\xb4\x13\
\x17\x94\xdeZ\xe2\xc9\xb8.0\xe6\xa4\xcd\x01d\x0f\xa5\
@\x99\x1f\x03W\xc7\x88\xa8\xdb\xc10\x0d(Y\xbc\xef\
\x92+\xf0\x94\x02\xb1\xack)n`\x9e\x88\x042\x1a\
X\xf28RY\xa4\xff%C\x82\xf2\x03\xeb\x1b\x94\xf8\
\xbbw\xefJ\x8f\xf3\xce\x9d;e\x9dh\xd6\xa4$\x97\
\xe6={\x00*\x174\xb5)@\x04\xcfP\xad\x12\x9d\
\x9d\x9d-\x8d\x02\xf08\xc1\xc3\x03\xf0\xb4@S\x02\x1f\
\x0b\x1c\xa5>\x90\xea\x87E\xb5\xba\x16\x146\x00:(\
o\x00N\xf48SFV\xeeX\xd7\xca\x0aF\xd1\xfd\
\xfb\xf7/\x00fH\x18\x15\x85\xb1`H\x03T\xad\xef\
{\xc6\x82V\x9e\x1c\xe3:\x90\xbe\x89\xc7\xe5\xf1\x05@\
\x16yA\x93S\xca\xe8\xfa\xb6\xc8c$Zi\xf9o\
\xcd\xc8\xe1\x94\xa3\x83\xd1`\xac\x0e^\x1fv\xbb\xdda\
g4\x1a\x8d\xab\x03\xd8\xdb8\xfd\x98\x22M\xa1zi\
\x1a\xe0\xe3\xe1\x9d\x1b\x8f\x86i\x8bOrd\x09\x86\xd5\
/\xe5K\xf9\xe2\xbb1\xf4.\xb5t\x96\x87*\xf1\xd5\
\x0c\x91T\x87\x93\xc0\xdaS\x07\x96\xa2\xb5\x8c\x00|\x06\
\xca\x03,\xf0\xd7\xaf_\x97^\xe7\xca\xcaJy\xcf&\
(\xf4\xea\x8cG5\xef\x14\x80\xf3ri\xb2\xe5\xf6o\
+\x1d.\xb4\xc1\x85C\x00\x9e\xf8.K\xba\x96H\xf3\
\xea\xf8\xb7\xd4\x07\x0a6ei)K\x9a\x06/<>\
88(A\x13\xea\x9c\x82>O\xeb\xf9\xed}\x06\x04\
y\xbe\xf7\xde{\xe1\xf3\xcf?W\x81\xd0\x1aW\xb4.\
\xa4E \x96\xf7\xc5\xf9z\xda\xbf\xe9\x98\x82o\x18\xe7\
\xe8e\xee\xef\xef\x9b\xe9x\xda\x5c]\xc4e\xf5\x18\x19\
Vx]\xf2\xea\x0fi\xcc\xd6\xe5\x95+G\xf5:h\
\x0c\x1e\xe6`0\x18v\xce\xcf\xcfO\xc6\xe3\xf1a\xbb\
\xdd\x9e\x09\xc2\xb4Dn\x06)\x9a\x16\xa0}\x1b\xfc\xb4\
\xbd\x98Z\x9eV\xe7\xb3\x140\x1f\x9c\xa1:\xa4\x80{\
\x97\xa9rY|5\xf9\xb8\x8cVX`\xd3\xac\x9a<\
Z\x9cB8\x0f\xd4j\x03*+(>P\xe2\xb8M\
baa\xa1\xf48o\xdc\xb8q\x0185\xe5\xa5\x91\
\xa5\xccB\x83W\x01)\x85\x86\xf5\x03m\x0c\xc6\x11\xb4\
w\xcar\xb6\xc0\xdf\x03\xac<\x5c\xfb\x8dy\x01p\x82\
w\x0f^'x\xf8\x00d\x81\xcd\xbe\x04\x87\x01-\xc9\
\xa4QQ-\xe3\xbf{\xf7n\xe9\xf1~\xf5\xd5Wb\
Z\x0a\x86\xbc\xde0\xdc\xdb\xd7=\xe3\xd2\x03z\xbc\xbd\
\xbc}/V\x0b\x804/S\x1aO)0\xd6\xf2\xf3\
\x186\x96'/\xc9\xcf\xe34\x01/N\x1e\x90\xe6\xf5\
\x9eKVy+\xbdrzvv\xb6333\xf3\xcd\
}\x98\xddn\xf7\x0c,]\xb0\xe49`Z\x8a\xb1\x0e\
\xd5U@^\x19r\xe5\xf5(~NZ\x19\xb8\x85\xef\
\x89C\xf3+\xc8\xbb\x1c\xbc\xfe\x87z\x97\x1a?\xce\xc3\
\x93\xa7\x05\xe0<MN{q\xf0\xf7\x1e\xd1\x16\x8d\x85\
B4\x0c7\xaa\xe3\x99\xaf/_\xbe\x9cL\xd7B\x9d\
ie\xe7yI\xf9\xa7\xa8N\xbf\xe5\x80\xc7\xeb\x14\xbf\
\xb9\xf7\xa6\x01\x8e\xf6;&\xa6i\xf9\xffR_\x90\x9e\
\x81\xe2\xc6\x95\xbf\xe0\xf9\xdc\xbcy\xf3\xc2B\xac\x5c\x8f\
\xc3\x92\x93\xc6\x81\xb6\xbc}\xfb\xf6\xe4:6I~\xec\
\x1f\xd8'\xb8'\xea\x01\x03kl\xf0\xba\xf1\x02\xad\xd6\
\xdf,\x9dJ\xbdL<\xcc@\x8b\xab\x01D\xaa\x7f\xd6\
\xf5\xccB\xa6\xa77M/\xd4C\x91\xac7\xb1\xf2\xae\
c\x5cT\xc6\xec\xa8\xddn\x0f\xdf\xbcys\x0e\x80y\
\xd8\xe9t6gff\xee\x04'\xf2{\x15NS%\
\xe4\xe9\x00\x9a\xa2\xf7\xc4My7\x91\xec\xed\xa9\xa3t\
S\x16\xaeV\xd7x\x90\xf6\xce\xce\x8e\xca3\xa7c\xd6\
\xb1\x04-@\xf5\x1a\x04\x5cF\xedz0^\xe7\x81(\
\x05\xab=\xc1\x98\x80\xb6y\xfd\xfau\xa9`\x1e>|\
X*\x1bm\x7f\xa1\xf6\xdbc\x1845\xf2<F\xa8\
\x94\x17N=\x83\x81\xd0\xef\xf7U\xef\xc9\x02\x0b\x09\x00\
8pq\x10+\xd8{A\x00\xce\x83\x83\x83\x12<\xc1\
\xab\xbfu\xeb\x968\x1d\xee\x01k\xa9\x9c\x9cp;\x15\
x\x9a\x00$0\x16\xb4\xbe\xa5\x8d\x05\xcb0\x0d\x89\xa9\
l*\xb3d\xe4Hi=\xfd\x87\xf7o\x1a\x86\xb7\xd1\
\xc0\xf8\xe7G\xe6\xa5\xeaL3\xeey9\xa4p\x0f\xf1\
\xba\xb4\xbc\xb2\xbayx\xf9\xf1r\xd0\xf1n\x8d\xf3\x5c\
Y`\xacU[\xaf\x8e[\xad\xd6\xce\xcf\x7f\xfe\xf3Q\
\xb9\xad\xa4\xd7\xeb\xbd\xe8v\xbb\xdf\x83\xfc<L\x9bz\
\x899V\x91\x96.7\x8e\x174\xa8\xe5\x8a\xef1\xf9\
\xf1[\x1a\xe5\xd4\x8b\x04\x18\x81\xad\x8c\xc5%\xe6)\x80\
\xe5T\xa7N-\x03\xc0{\xa6\xb0\x15\xd7\xea\xc8\x1c\x80\
%\x00\xb5\x06<nIy\xfa\xf4i\xd9\xc1A\xa1\x83\
\xd7\x09\xffK7\xa3H<RJ\xcf\xab\x185\xd2\x94\
\xac\xf5,\x92\xbb%\xa1O\xe0\xa5\xcc\xfc\xe2a\x09\x00\
\xb8\xdc\xc1\xf04-\xb0\xa4\xf1\x8bj\x95/\xbe&X\
__O\xd6\xad\x05l)\xa5\x0be\x87v\x84\xf2\xe2\
\xc1\x10)C\xc1\xa2B\xd8\x86\x92\xfa\xe6\xf5*\x81f\
\xc8\x1c#\xbc~\xe8\xf7\xc9\xc9I\xd9\xd6\xd4\xcb\x9c\x06\
I\xfa#\x07\xdc,\xc3#\x15\xae\x85\xd5%\xce\x8b\x1b\
\xc8Z\xbe9`\x89i{\xbd\xdexnnn\xaf\xd5\
j\x95\xab\xd0:\xedv\x1b\x00\xf3\xf9\xcc\xcc\xcc\xb8(\
\x8av\xac\xa68r\x14t\x13\xb2\x14\x90\xc7\x8b\xf3\xa6\
\xab\x93\x96*\xdb\xa6\x1e\x86%\x07\xadg<`\x9do\
\xe0\xd6\xda\x22\xa5\xe0\x83\xa2(\x82\xd2\xa1<\xc6Ld\
7h\x84\x84\x97\x18\x982\xa6\xd3\xb4R]p\x9e\xfc\
\x7f\xad.\xa8\xc7\xf9\xee\xdd\xbb\xc9\xde\xc2\x95\x95\x95\xc9\
\x96\x14\xab\xbeR\xd4\xc4P\x94@Iz&\x01*\xd4\
\x17\x1e\xa2\x0e\xdf\xe0\x85\xec\xef\xefO\xae!\xe3\xb2\xe1\
\xb7\xe5\x8dZ2\x04\xc3h)\xaa=\xa68M\x0a\x9e\
f0<W^_)/\x88\xc7\x812\xdf\xb9s\xa7\
\x04K\xdc\x9f\xc9\x01]2\x08\x82\xe0%K\xfd\xc9#\
\x9f\x14W3b\xb5~\xed%i\xc5\xace\xd4Z\xe1\
)\xf2\x82\x9b\x15\x97\x93\xe5\x84\xd0\xdf\xd3&\xcflG\
N=a?\xefv\xbb\x05\x00fQ\x14\xe5\x99\xa4\xe0\
anw\xbb]\xf00#f\x8a\x80\xd9\xa4\xe1\xbd\xd4\
\x04,5\x8b\xdf\x929\x074\xd1\xc3l\xd2!%\xd2\
\x14#\xdfw\xc9yY^\x16\x8f\xa7\xc9b\x0dz\xef\
\x00\x08\x02\xf0I<4\xbe\x92\x85\xa8\xe5o\xc9 \xc5\
\xc3\xd9\x00<8\x00W\xd8.--\x95\x9e\xe7\xc2\xc2\
\xc2\x85k\xc5r\xf2\xd2<\x90i\x91\x046\xb4\xae\xf8\
\xd1|x\x0d\xd9\xe1\xe1\xe1\xe4L\xdb\x94\xd7\xa0\x017\
/\x1b\xf7<\xf9\x07\xf2~\xf5\xeaUY\xbfw\xef\xde\
-\x8d\xbc\xd4\xc2\xab\x1cO\x90\xa6\x05\xde\xb7o\xdf.\
\xa7\x83\xbf\xfe\xfa\xebK\xbc\xb1\xcd\xa5\xfa\xe4|-O\
R\xe2\xeb\xed\x0bRY\xa3\xf3\x06\x11.#\xbe\xcb\x5c\
\x5c\x5c\x9c\xac\x98\xa5\xfc\xbd\xbc<\x94\x027)\xdcj\
G\x8fW\x97\xe3\x8cy\xe2z\x0e\xda\xa8Cx\xcaO\
\xb7\xdb=\x18\x0e\x87\xaf!\xac\xf3\xab_\xfd\xea\xe0\xe3\
\x8f?~\xd3\xe9t\xce{\xbd^\x0f\xac\x1b<\xce+\
\xd5\xa1R\xd4\xc4\x22\xf2(\xa4i(-\xabl\xdc\xd5\
\xf7\x02\xb3\x06J\x16\x98\xe1\xed\xf4\xf0\xbf4H(?\
-\xcf:\x96\x9b\xd6\xce<LR2\x9a7(\xc9j\
\x0dL\x8cG\x15\x14W<T\xd9I\xdb/$BE\
\x8a{\x1e\xb7\xb7\xb7K\xb0Y^^.?\xe0\x81\xe2\
\x02\x16\x9e\xa7&3\xcfo\x9a\xc0\xa9y\x82\x9c\xf8\xe5\
\xd7\xe0A\xc3\xb8\x05\xf0\x02e\x0b\x1fm\xfa28\xdf\
Yj\xf1)/\x00M\xf0\xe4\xa1\xbf^\xbf~\xbd\xfc\
\x80\x92O\xf5\x05o9\xe93\xf0\xb8\x1e=zT\xfe\
~\xfe\xfc\xf9\x85>\x93\xf2,%/\xd3\x1aS\x12\xd8\
i2\xd6\xd5\x8f\x923\x82\xbf\xa1\xaf\x82q\x00\xfa\x00\
\x0c!h\xd7\x14/O\x9e\x92\xec\xd3\xa4:\x06Qn\
\x5c\xc9k\x8c\x8e\x83Hr\xcb\x1a\xab\xd7!\xbd^o\
4\x1a\x8d\xde\xb5Z\xado\x00\xf3\x17\xbf\xf8\xc5\xf8\x83\
\x0f>8l\xb7\xdb\xfb\x8b\x8b\x8b7wvv.x\
\x98\xe1\x0a\xc0\xb1\x0e\xf0\xa4\xe2\xd6\xe5\x97\x22\xf42=\
\x9b\x89y>\x16\xb8\x052\x10\xe1C\x8f\xc0\xa3\x03\x96\
{\x1cH\x1e\x83\x86{\x0f\xd23\x1a&\x81\xa4\x15W\
\x22\x1a\x97\xaf\x90\xa5J+\xd5\x07\xb8\x82\xe3\xf9J`\
\x1c\x8d\xe3\xb1\xe8\xf4$\xf4\xf1\xbd\xbd\xbd\xc9~HP\
\xc6x4\x1bnQ\xf1\xf6\xfdiZ\xfb\xb9D\x8d\x07\
\xf08\xc1{\xc6\xed7\xf0\x010\x03\xe5\xab\xa5\x95\xc0\
Rz\x86$y\x9d@\x00\xd0\xe0\xc5C\xbd\x82'x\
\xeb\xd6-\x15\x90\xea(\xaeP\x19\x09`\xe4\xbc\xff\xfe\
\xfb%\x0f\xf44\xb5\xfe \xf5Y*\x83\xd7\x19\x90\xe2\
\x15d\xaa\x5c\x1a/\x12\x0f\xfe-\xc5\xa5\xdf\xfc\xc8<\
\xcf\xa1\xe2Z\xd9y\xfd4\xa5?E_\xd7H{\x7f\
\x99CZyfggA7\x9c\x0c\x87\xc3\xb7\xb3\xb3\
\xb3\xe5\xe5\xad\xe5\xdc\xd4x<>j\xb5Z;33\
3712\xde\x8b\xd9\x14\xcc\x9ax\x93)\xaf\xa7N\
\xbe\xb9\x80\x8b\xd6|\xaa\xc3r\x19%\x99\xb5i\x0d\x9c\
b\x03KR;\xa4 \x18\x9eOpz\xb2\x9c\x0f\x97\
/\x08\xc0)Y\xe54\x5c\x02(\x89/\xe7-\x91\xf7\
(B\xcdx\xb0\xca\xc6\x9f\xa3\xe7\x09\xdf\x07\x07\x07\xe5\
\xd4&\xb43\x1e\x0d\x07\x9e\x12\x0eF\xef\xc2\x96?\xb5\
\x22A\xab\x18\x06:\xee\xef\xdc\xda\xda*\xcb'y\x8e\
4\x9d\x04\x8c\x1a\xa0j\xc0\x0a\xfd\x17\xbc?\xe8\xc3\x1b\
\x1b\x1b\xb5\xf5\x01\x95\x83\x13\x187\xeb\xeb\xeb%8\xe3\
\x05\xd4\x96'\xa9\x957(\xd3\xaa\xd2o^\xd6\x1c\x83\
X\xfa\x0e\x8e\x99\x89\xa2\x9a\x9a\x85v\xc4\xc3\x0c,~\
V\x9dq\xf9\xb9\x9c)\x99R\xf5\x99C\x96\xa7\x9e\x0a\
\x93t\x1b\xf6\xf9\x90\xa8_\x8f\x81O\x09\xf4}u\xb0\
\xc8qQ\x14;\xff\xf6o\xffv\x16\x100\x8b\xa2\xd8\
\xedt:\xafz\xbd\xde\x9f\xa1@\xb9\xf7b\xe6\x0c\x04\
\x0f\xe0y\xf2\xf4\xf2\xaf\x1b7\x92c\xcd\xc0\xca\xcb\x01\
\xff\x9c\xe9\x01<\xd5\x07\x94\x80G\xbe\x945\xad\x95%\
(u(\x0d\x1cIN)\x7f\xcd\xd3\xd3:\xb7ER\
\x5cI\x06M~+Om\xd0\xe37\xde,\x02\xdf\xa0\
\x88\xf10\x81\x95\x95\x95RaY\xabm\xb5Y\x80?\
\x15\xc5\xca\xf3\x04\xe0\x04\x8f\x0f\x0c\x00\xe8[\x00\x9c\xd6\
\x14f\xc8\x00K\xe9Y\xa8\x0eu\x7f\xf9\xf2eY\x97\
\x0f\x1e<\xb8$\x9b\x94\xb7U\x0e\xfe\x1c\xcau\xf3\xe6\
\xcd\xb2\x8d~\xfb\xdb\xdf\xaam-\xc9\xa6Q\xaa\x8fj\
\x80\xea\x19{Z_\xd5\x0cC\x1a\x86\xdbL\xa0\x1fB\
\xdb\xf1\xf4\x1a\xff\x14\x90\xf32\xa7\xc8\xabc\x9a\xf0\xd2\
\x00]\xd3/H9Fv\xae\x8c\xa0\x93\xe7\xe7\xe7\xc1\
\x99\xdc\xfc\xc5/~Qz2%\x22\xf6z\xbd\xcdN\
\xa7\xf3\xac\xd7\xeb\xfd\xa8 /\xf5\xe9\xf5JM\xbc:\
Ix\xaf\xb5U'\x9f\xa6\x8aK\xf20=q\xa5p\
OC\xa1wIW\xc4!i\xe0\x98\xea\xc4)KQ\
\xea\x8c\xdc\x82\xe6\xcfR\x83\xd3\x02\xe5 L\xb3z\xac\
Y\xc9\x83M\xd5\x89\xb7l\x12\xd0\xe2Y\xca\xd0\x16x\
P:x5\xa0\xa4\xe9\x1d\x92)\xc5\xfamz\x9d\x92\
\x12\xc7|\xf1\x92f\xbc\x07\x13\x81\x93\x03bH\x80#\
\x07\x0d\x0bXqA\x10\xfc\xff\xf0\xe1\xc3Ku\xc4\xe5\
\x96\xcaay5`\xc8\xaf\xae\xae\x96m\xf2\xf6\xed\xdb\
\x0b\xf2\xe5*v\xa9\x0fX:\x87\xc7\xf1\xae\xa2O\x19\
\xe6\xda\xd8\xc2\x05@\xf0\xb1\xa6\xd7\xad\xdfu\x01\xea*\
(Ggy<[tj<\xfa0\xc7X\x83g\xd0\
\xcffffvc\x8c\xaf0\xbc\x04\xcc\xd9\xd9\xd9\xcd\
\xd1h\xf4e\xb7\xdb-b\x8c\xb1 \xf7bz\xd0[\
*\xac\x15\xde\x04l\xa7\xcdO\x22\xaf\xf7\xdc\x14\x941\
\x1f\x18\x0c\xf4\x90\x02\xaf\xf5\xea\x95C\xe2#)Ck\
\x10i\x03\xba\xee\x8d.\x1e\x10\x96d\x09L\xc1\x14l\
:V\x02c\xcbK\x95\xd2\xe07zc\x00\x9a`\xd0\
\xe0\xad#\xf4\x02f.\x8bU\xb6\xab\x22\xa9\xfd\x0a\xf6\
.\x19\x00\x13\x14\x00x\x9d \xff\xbbw\xef\xca\xf7d\
\x92'\x96\xe2\x97\x92\x05\xea\x8d\x82\xe6\xa3G\x8f\xdc\xfd\
\xd9k\x10\x82\xd7\x0f\xa0\x09\xe5Hy\x93Z{H \
i\x8d\x05\xca/\x18\x0bPB\x03\xdd\xc0\xfb8\xbe\x8f\
\xb6\x00\x93\x97\xd3\x13\x9e\xd2\x09\x9epM\xf6:\xe4\xc9\
C\xd3Ou\xf7`\xa6\xea\xab\xddn\x17333;\
\xc7\xc7\xc7\x17\x01s<\x1e\x9f\x84\x10\xf6Z\xadV\xd1\
\xedv#?\x84\xdd\xeb\x01^\x15\xb0\xa4\xc2r\xf8\xe7\
\xa4\xc5g8\x1d\xc7\x97\x99{\x95\xa24`\xf17(\
\xb2\x82,J\xb1\xd2\xa6\xf2\xf3\x02m\x8e\x82h2\x88\
4@L)#\x0e\xc0\xdc;\xcc\xa9w\xceW\xe2\xa9\
\x81\x05\x12]m\x8b\x87\x92\x03x.,,\x94\xe03\
77'\x9eb\xa4y~u\xc14\xc5/\xd5&t\
?'(\xe0\xc3\xc3\xc3\xf2V\x10\x5cQ\xcb\xc1Q\xf3\
\x22%\xb9$`\x85\xfa\x02\x0f\x10\x0fp\xcf-+%\
^_P\x8e\xf5\xf5\xf5\xf2\x9d\xe9\xfe\xfe\xbe\x09\x98\x9a\
\xcc\x16\x90H\xfd\xa3N\xfb\xf1~\x97\xab\xbb\xd0\xcb\xc4\
w\xea9iy\x99\xe8o\x0d|<\xbc\xb4x\x7f\x0a\
\xefT\x03\xcc\xe0,\x8fdD\x91\xb5\x0b\xc5\xd9\xd9\xd9\
a\xab\xd5\x9al\x8a/\x01\xf3\xc6\x8d\x1bgo\xde\xbc\
9l\xb7\xdb'333\x0b\xb8\x01\xbc\xce\xc2\x1fo\
\x9c&\xa0\xc7)\xa7\x03\xd7Q\xb6MVbiV-\
\xfe\x0f\xca\x16\x17\xfa\xe4(\xd7\x9c\xce)\xf1\x93\x06\xb1\
\xe5\xed\x05EaX\xde\x9b\xc7J\x97\xeaD\x92\x9b?\
\x93\x0c\x10\xab\xfc\x92\xfc)\xd0\x94\xd2\xe3\xb8\x806\x03\
\xa0\x01e\x8d\xa7\xf1\x5c\xbbvm\xb25\xc8\x0b\x9e\x1e\
*\xd8\xaai\xae\xc4S\xe5\xe7|\xa0/\x03`\xa2\xc7\
\xbc\xb7\xb77\x99\xda\xd4\xc0QR\xba\x1a\xa0\xd2\xdf\xe0\
\x15\x81\xa7\x09\xf5\xc2\x8f+\xe4\xfc,\xb9\xa5\xdfP\xdf\
`\xb4\xe0\xfb=O=hm\x8e\x94\xf2Lx{\x86\
\x1a\xba\x8b\xa7\xd3\xbe\x91\xa0\x9f\xd1\xd5\xfa\xb9\xf9zu\
p\x13\xc0\xbbj\xb0\x0cJ9\xb4m\x7f^c@\x8a\
\x87c\xa4\xd7\xeb\x9d\x0d\x06\x83\xfd\x99\x99\x99\xa3I~\
\xf0\xe7\xa7?\xfd\xe9x8\x1cB\xe0>\x1e`\x8dJ\
\x813\x92<\x00\x8b\x9aV\xa4\x94\xafG\x96T\x5c\xe9\
\x7f\x89\x1f\xfc\x8f[\x0d\xb4\x01\x96#\x17%\xa8k\xb0\
\x94a@h\x06\x84\xc5#\x95&%\x93\x04\x0aV}\
\xd0\xced\x95\xd1R\xe2\x5c\xa9je\xb4<\x06\xceG\
\x1b\x1cT\x0e\xeb\x06\x0bM\xe1K\xb2\xd0g\x1c8_\
\xbe|Ynw\xe8\xf7\xfb\x17\xf62\xf3:\xd4\xca\xac\
\x91f\xdc\xe4\x8c\x0b.\x03\xddR\x83\x97t\x17\xe4$\
\x1fo=I\xf5\xc2\xcb\x06\x80\xbc\xbd\xbd-\x9eJ$\
\xfd\x96\xe4\xd5\xfa\xe1\xda\xda\xda%\x19\xad>\x96\xe2+\
\xc5\xf1\xd6\xb7\x94\x97\xd6\x8e\xbc\x9c\xd6X.\xaa#\x09\
\xc1\xe8\x90\xc8\xab\xcb,\xf2z\xe7\x1a\xbf\x9c\xfe\xac\xa5\
\xd7\xda\xd9*\x07\xd7E9z8ed\xf7z\xbd\x93\
\xd1h\xb4\xb3\xbc\xbc<9\x8b\xb2C2\xde\xedt:\
\xaf{\xbd\xde\xddP)\x03\xdc{\xe8\xad\xf8&\x95i\
yR<\x5c\x1b`u\xf2\xf5\xc8l\xf1Iy\x0a\xd1\
\xf0\xb2\xf0\x90u\x0905\x8f\xc4\xe3\xb1q>\x9aL\
|PF\xc7rzM\xd9I`\xac)\xecT\x9dY\
\x0aU\xeb\x0f\xd2o\x9e\x7f!,*\xd1<\x05\xad\xbe\
\xb56\xc1\xcf\xe1\xe1a\xf9n\x10\xda\x15\x14\x1cxA\
\xb3\xb3\xb3e\xda\xa6\xfb\xc5r\xc9\xf2\x94\x90@&\x90\
\x15\xcf\x85\x05O\x93\xbe\x92\xd1\xbcH$\xa9\xcf\xf04\
\xd0\xbf_\xbf~=\xd9\x22Q\xf7D \xa9-\x80\x9f\
\x05\x90R?\xe7<\xb41\xc2\xe3X\xe3P\x02[\x89\
\xacx\xd63\xa8\xc3\x1b7n\x88W\x7fY\xe5\xf0:\
,\x96n\xf1\xf2K\xe9[K\xc7\xd7\xa1\xe8\x5c\xf0\x93\
\xcb3\xfc\xf1\xf5\xc5QQ\x14\xafB\x08\x97\x01sa\
a\xe1mQ\x14O{\xbd\xde_\xc4\x18[\x08\x98\xa9\
J\xf0\x00K\x13\xeb\xc3\x0b\x84\x92\x82\xb6\x14s\x8e\xdc\
\xd80gggb\x9c\x14\x00H\x84Sbx\xa5\x9a\
\xc4\xcf\x02I\x9e\xaf\x05\xa4\x1a\xf8\x06E\xe1\x05\x87\xf2\
\xd2\xe2\xa5\x80[\x02V\x8d\xa7\x96\x9e\x87s\xc0\x93\x00\
V\xabS^\xbfZ=y\x14E\xc1n\xf7\x00%\xb7\
\xbb\xbb+\x82g\x9311-*\xd8jZ\xbc\xbak\
ss\xb3\xf4\x0a5\xb0\xd4<K\x1e\x87\xfe\x86z\x80\
1\xf4\xfe\xfb\xef_\xb8\x86\xcd\xaaW\x0b\xdc\xf0{a\
a\xa1\x04\x12\xf0`%J\x19\x99\xbc\x1f\xa4\x0c%^\
o^p\xf4\xc6\xd1@\x14\xfa\x13|\xa0\x1fi\x87\xb2\
s\xb9SF6\xa5\x5cC\xdc\x936\xc78\xf1\xc6\xe5\
q\xac\x1d\x0c<nN<\xf8\x9e\x9f\x9f\xdf\xeet:\
/~\xfa\xd3\x9fN\x16\x98L\x00s<\x1e\xeft\xbb\
\xdd\xe7333E\xc1\x96\xd9{\x85\xca\x05\x8e\xdcB\
\xe4\xc4\xf1\x82\xa5E\xd4{BK\xc6\x0b\xe0\xa9\xe7\xf4\
\x0a/\x0fy<2/\xb8y\xc2\xbdq\xa5\xbc-\xc0\
\xe3`\x94\xdb\xb6\x9ae_([\x114\x00L\xc9\xcf\
\xf3I\xed\xc1\xe4i)p\x82\xc76\x18\x0cJ\xd0\xc0\
\xed\x1d\x8b\x8b\x8b\x97N\x15\x9a\x06\xa5\x00\x88\x1b\x00\x14\
0\xf0\xd8@\x90\x11@\x0d\x80\x93\x1a\x89R\xdd\x05c\
\x9a\xbd`\xd3\xd7\xc0\x0f\xf2x\xf2\xe4I9\x9er<\
\x0e\xad\x9e\x01\xe0o\xdd\xbau\x090%\xafW2\xa8\
\xf93\x0f\xb8Y\xe1\x1a\x00\xa6\x801E\xd0\x8fpO\
&x\x99\xd2\x22A\xcb\xeb\xa5qr\xf2\xf6\x80\xad\x17\
\x08\xbd\xc0\xaa\x85q\xb9\xf1\xbd.\x7f\xa6\x8d\xf3\x14\x7f\
.\xf3\xcc\xcc\x0ct\xaa\x97\xf49E\xc2\x93\x87\x0f\x1f\
>:99\xf9/\xdb\xdb\xdb\x13\xed\x80gVF\xc7\
\xfb\xc0i)d\xef\x87\xcf_\xd7\x9d\xcfN\xc9\x1d\xab\
\xa5\xf2\xb8\xac[\xe3\xe1\xc9\x13\xfe\x07\xab\x18:\xfe\xfe\
\xfe~\xe9\x85h\xc4\xeb\xd7\x92\xd5J\xa3\xa5\xd3\x06\x8f\
\x06.ZYi\xb8\xb5b-\x07 \xb9b\xb7\xf8X\
\xe5\xa0q\xac\xf8V\x9e\x94R\x0aD\x1b\xac8c\x03\
J\xef\xf0\xf0\xb0\x04Oh\x7f\x04$k\x7f\xa7%\x83\
\xc7P\xca)\x13\x05N\xf0\x88\xe1\x7f|OKA\x91\
\xbf\xe7\xb4<Q\x9a\x06/\xa3\x06\x83\x11o\x90I)\
3K\xa1bz\x00\x11\xbaM\x86\x96\x87\xf7QMo\
i\xbaM\xa2\xd4X\x97\xbe\xb50\x0f\xe0\x86\x0a4q\
\xa1\x16\xd5E\x96\xfc\x1e\xca\x01\xb2\xba\xe9S34\x9e\
\xb6\xe0\x04\xd8\x04z\xb4.?\x0dS\xaaC\xd7\xc7w\
\xee\xdc\xf9\xbf\x07\x83\xc1\xff\xfc\xaf\xff\xfa\xaf\xc7\xc8{\
\xe2a\xfe\xf2\x97\xbf<\xff\xc1\x0f~\xb0\xd7j\xb5\xf6\
\xba\xdd\xee\x1a\x9e_\x88\x0b\x7f\x9a.\xdd\xd5\x94\xd4U\
S\x0a\x0c\xbd\xf2\xd0\xad%^+\x8d+\x83Xm#\
\x81\x0e\x0f\x0a\x08\x14\x07\xf2\x0c\xc2t\xa0\xe4\x11X\xf2\
\xf2\xf4\x94<\xde\x96D)/\x80\x0f\xec\x9c\xba\xd1\x06\
D\xa1L\xdfJ2iii>\x96w\x11\x05O\x83\
\xd7y*\x0f\xceW\x024\xca\x83nS\x81>\xb0\xb5\
\xb5U\x82\xc7\x8d\x1b7\xcaw\x89V;\xd2r\xf3\xbc\
$\xf2*=\x9e\x07|\xc0\x0b\xc6EAo\xdf\xbe\x0d\
/^\xbc\xb8T/X\x16\xee\xd1Ir\xc0\x07O\x02\
\x82\xfe\xff\xc1\x07\x1fL\x14\x9e\xd5&\x9a\x8cH7o\
\xde\x0c\xf7\xef\xdf/\xebQ\xcb\x9b\x8f)m\x1cH\xe1\
Z\x7f\xb0@\x90\xcb\x98*C\x0alC\x05\x98\xfd~\
\xbf4d\xc0\xa0\xc1K\x1a\xa4~\xa2\xd5\x83&\x87G\
\xbfh<\x9b\xe8qo\xff\x94d\xb4.\x8d\xe6c\xd0\
K\xc0\x13\xea\xb9\xd7\xeb\x9d\x9f\x9e\x9e\xbe9>>>\
\xba\xf0\x9c\x09\xbf\xd7n\xb7_\xe1\x91x\x05Y1\xe7\
\xb5B4\x8bK\xf2\xfe\xa4J\xf1~<\xfc$\xf9,\
\xb9%\x8adJ\xd6\xbaS\xd1\xdb\xf0\xa0 \x004\xc1\
\x22N\x0d,\x09\x105K\xc9KVz)L\xabg\
\xfe\xbf\xe6]p\x92\xbc\x0f\xc9S\xe1\xcf4\xaf\x83\xc7\
\xe3\x83G\xe3\xad\xd5\xb3&\x13\x97\xc1R\xeet\xcc\xd0\
\xff5/\x0c=O0N-\xa5\xa9\x85i\x1f+N\
\xaaO \xe1\x16\x94;w\xee\x94G\xdd\xa1\x92\xf2\xe8\
\x04\x0a4\xbc\xdc;;;\xe5v\x13~C\x8d\xa7l\
<\x9fP\x1d\x94\x0d\x00/Q\x14^\x01\xf0\xbe\xab\xd5\
\xbbTO\xdas\x8d\xa8\xbe\x92\x0e\xfa\xf0\xf0\xc24\xd0\
Opj\x96\xeai\xaf\x1c9\xfd\x84S\x0e\xa8z\xf5\
\xab&\xa7G~mF\x91\xc7\xcd\xcd\xb7:Gv\xd0\
j\xb5\xde\xfc\xf3?\xff\xf3\x85\xd3\x22.\x00f\xaf\xd7\
\xdb\xea\xf5z_\x82;\x8aa\xde\xed%)\xe1,\xeb\
&\xb7`\x1a?I6k\x9a\xd6#\x1f\x86#`j\
y\xa5\x80%V'\xfat\xbb\xddr\xea\x88\xdf~b\
)\xca\xa0L-yI\x93K\xfa\xe6\xff[\x96\x9a\xc5\
\x8f\xa7\xd7\xc0O3\xb8\x02\x03\x95\xa8x\xcd\x12 J\
yhrh\x00)\x01]\x0a\x005\xd94#!\xf5\
\x81\xbc\xc0\xb0\x02O\x02\xfa\x8b&\x93\x94.\x15W\x22\
\xeb\x19\xdeI\xf9\xf0\xe1\xc3\x0b\x8a\xda\xaag\xcd\xd8.\
*O\x13<B\xbc\x1d\xc9+\xa7T\xdf\xd07\xc0\xeb\
Z]]\xbd\x10\xa6}\xa7\x9eIcA\x03\x96\xba\xe4\
\x19\xefA\x19O\xa7\xa7\xa7e\x7f\xc0\xab\xd4\xbc\x9f\x1c\
\xca\x01G\xab|\x16\xbfT\xfa\x94\xdc\x9e\xbb\x8a\xad>\
$\xe5\x89\xfd\xb6\xd7\xeb\xf5\xbb\xdd\xee+\x88N\xe3\x5c\
8]\xbd\xdaZ\xf2u\xbb\xdd\x1e!\x98\xe2\xa2\x05P\
\xf6\x16\xf2[\xbf\xb50\x0f\xaf\x9c\xb4\x85s\x0b\x8a\xc4\
7\x95G4\xde\xcfY\xf9Db\xc1\xa2w\xb9\xbb\xbb\
{!\x5c\x02\x0d\xad,\x16\x7f\xab\xacA\xf0\x8a\xa4\xbc\
y<+\xbdU\x0f\x1c\xf8\xa4\xffS\xe5\x92\xe2he\
\xd5,Z)o\x0b\x84\xb5\xfe\xa3\xb5\x91D\x96\xd2\xd3\
\xdaH\xaa\xf3\xa2\xba\x01\xe4\xf5\xeb\xd7\xe5\xf8\xbbu\xeb\
V9\x15g\xdd._G\x81\xa4\xc2\xb1\xac\x00\x947\
o\xde,\x7f?{\xf6L\x5c5.Qd\x0b\xa1\xf0\
\x03\x86\x00\x94\x0d\xc0\x0e\x009\x08\xed\xe5\x911T\x8b\
\xe8\x80O0\xea\x9f\x83\xac\xf6,\x08\xed+\xb5\x9b\xc7\
\xe8\xb4\xdaC\x02o-\x1e\xfd\x7f8\x1cN\xbc\xcc~\
\xbf/\xdep\x94\x0bPR\x9e\x9e\xfa\xb7\xf2\xb1\xc6\xbc\
E\xde\xb1\xe6Y\x8c\x9a\x0b\xf2E5\xe3\xd3n\xb7\x0f\
c\x8c_\xf38\x17F\xde\xf1\xf1\xf1\x9b\xd9\xd9\xd9g\
\x9dN\xa7\x8d\x8d\x89\x0c,\xf24\x8e\xa5\x5c\xeaZA\
9\x96U\xca\xe2J5|$7\x97\xe4\x10\xf2\xc5C\
\x0a4\xefR\x92\xd7\x92%8\xa6\xe6\xa4\xb4\x1e\xb2\x80\
H*\x9b\xa4\x884\xcf\x22\xb0\x01\xc0\x81\x95{\x17\x5c\
Yp/F\x8b+y?\x5cV\x1eV\xb0M\xfbR\
\x5c+\xad\x16\xc6\xe5LyQ<\x1f\xe8/\xd0o\x9e\
?\x7f^Nc\xa2\x92\xa4\x9eY\x0ad<yIi\
\xb8\xb2\x02\xd0\x5c[[+\xbd\x9b\x82y\xdd4\xbdU\
/\x81\xb4\xe5\xf6\xf6\xf6\xe4J0O}k\xb2\xa2A\
J\x17\x81\xa4\xda&'\x1f\xafq\x1d\x85iW\x0bX\
\xa5\xf4)}X0/Sz\x9e\xabK%\x1e\x1e\xd9\
\xa6\xa9wrd\xd1\xf2n\xfa\x09\x95\x938777\
899\xf9\x82\xe7y\x010\x7f\xf6\xb3\x9f\x9d\x8cF\
\xa3\xcd^\xafwF\x85\xc5)\x1eM\xc8\xd4\xc9/\xb9\
\x94\xd30\x9e\x0e\x96\x02\x1fO%\x86JY\xe0{\xcc\
\xdc\xf2\xcc\xce\xce\x96V\xb4\xf4\xee25\xa0\xacN\xe8\
\x01YO\x995^R=\xf3\xb8\xd2{\x19\x0d,\xa2\
\xe2mH$\x01\x0d}&\xe5\xc3\xe3\xf1\xb8V\x98\x96\
&\xa5l5\xcb[3\x1a\xb4\x0f\xcf\x1b\x09\xc7\x1fx\
\x16\x9b\x9b\x9b\xe1\xf3\xcf?\x9f\x9c(D\xa7_\xad2\
h$\xc9\x982\xc8`\x0c\xdc\xbf\x7f\xbf4\x00\xad2\
\xf32I\xfd\x03\x14\xff\xee\xeen\xf9\xad\x95\xdf\xa3\xbc\
\xa1\x0f\x82\x97\x89\xa7\xe1\x14\xca\xe2\x9d:\xfd\xfb*\xc6\
\x9a\xc4#U\xef4\x1c\xbdL\xd0+\xfc\x1a\xc6h,\
\xe2\xf1\xeaPKnM~-<5\xc6Ra\x1e\xcc\
\xf1\xe8\xef\x14a\xbdU\xb3\x1d\x07\xc3\xe1\xf0\x80\xc7\xe1\
s;E\xab\xd5z;;;\xbbK\x03qQ\x82&\
\xbc\x16^\xf7\xa3\x15D\x0a\xf7T\xae\x15\xee\xadHT\
\x14\xd89S\x03\x8d~\xd0\xbb<99\xb9t\x0b\x8c\
\xd5\xe9<\x9d:%\xb3U\x1f\xd2\xb7\xf6\x8c{\x07V\
\x5cK6\xc9\x1b\x0c\x8eY\x0a\x0dP4>\x1e\x10\xf5\
\xc4\x8d\xccs\xd3\xbcE\x8bOJ\x16\x1e\xc7\xaao\xe8\
?0\x16\xf7\xf6\xf6\xc2\x17_|Q~\x0e\x0f\x0f\xb3\
<HJ\xb9\x8a\x06\xf3X^^\x0e\xf7\xee\xdd\xbb\xb0\
\x08($\xbc\x1b\xcd8\xa0\x0b\x80R2Z\xe5\xc0\xc3\
\xf0#y}\x22\xf5K\xce\x87\xf7\xe7\xc8f@\xa4\xf4\
\x5cq\xe7\xec\xa7\xe5\x0a\xdfJk\x8d\x7f02\xa0\xce\
\xe8\xf9\xc5\x96^\xb2\xf8\xa7\xc2\xbc\xe0Fy\x5c\x15\x1e\
\x04\xb6\x07\xd3\xa2\x1c\x00\x0e\x15\xd6UkM^\x1d\x1e\
\x1e\x1e\xf3\xb4\x97n\x88\xee\xf5z\xcf\xe7\xe6\xe6^\x87\
\x10nG\xe2\xa2\xa25\xe3\xa5\x9c\x06\xf2\xc4i\xb2\xad\
%'\xaf\x14\x80a\xe7\xce\x99\xf6\x98\x9b\x9bK\x1eR\
`)\x99h\x9cP\xe3\x91\xa5\xc8\xdc\x9e\x12\x12\x00h\
y\x00)\x99\xac\xe9\x15\x1eG\xe2c\x01\x8a\x947\xe7\
\x95J\xc3\xf9\x17\xe4\x9d\xac&\x8bU>\x9e\xa7\xe6}\
I\x0a\xbe S\x9eR=B\xf8\xfe\xfe~\x09\x98\x00\
\x16\xf8\x8e3(\xc0`\xd5an8\xc8{\xfb\xf6\xed\
R7<{\xf6\xecR\x19y\xf9,/\x1at\xcb\xf6\
\xf6v\xb9h\xe7\xc6\x8d\x1b\xa6\x11\xa4\xd5mH\xac\x94\
\x95H\x92\x95\x93w\xbc\x84\x04\x18\xe7\x00\x97W\xaf\xe0\
\xd5_Pn<\x98]\xe3=\x0d/\xcfKu\x0c\xb7\
\x5c^\xda\x85\x18)}n\xe9\x9f\xa2z\xfd177\
7\xee\xf5z_\xfc\xfc\xe7?\xbfT\xa1\x12`\xbe\x98\
\x9b\x9b\xdb\xe2\x99\xe0a\xd2\x1e\xd2\x14\xa6\xd7\x9a\x91\xc8\
R\xc0\x9e\xce\xd64\x9f@\xac\x1a\xabsr\x92\xbc\xcb\
TY$%\x9b\x03\x8c\xbc\x9d4\xb0\xe0i5\xef\xcf\
\x92AS\x04^\xa5\x22\xf5)\xe9\xaa,+?\x0b`\
i\x1c\xc9\xe0\xa0y\x16\xca\xfeN\xcdH\xf1\x90\x06\xc6\
u\x0c=\x0d\xd4\xcf\xcf\xcf'g\xd8\x82\xb7\x81\x97]\
\xd3U\x84)\xb0I\x81\x92\x04v\xc0\x7f}}\xbd\xdc\
DO\xf7hZ\xde4\x7f\x86\x9f\x83\x83\x83\xf2nK\
\xf0\x10\xad[MR\xf5\x83\xdb`\xe8\xc6\xfe\x14\x00\xa4\
\xda&\xa5S4\xbd\xa6\xe9%K_i\x00\xab}\x83\
\x97\x89g\xf4jG\xe6i2\xe6\xf4\xc3\xba xU\
@\x8dzX\xbb\x14C\xe3i\xf5\x07<\x5c\xa4\xd7\xeb\
\xc5\xd9\xd9\xd9g\x12\xbfK\x80977\xd7/\x8ab\
\x0f\x1a\x81\xae\x82\xc3\xed%(d\xaa`\xde\x83\xa6\xb5\
F\xf3v\xda\xd4\xb3i\xe7\x03\x9eb\xa7\xd3\xb9p0\
\xbd\xc5\x13\xf7K\x81\x05-Y;\x96\xe7'\xf1My\
D\x9e\xb4!\x01\xce\x9e\xbcR\x1e\x1a\xe7\xcd\x15h\x14\
\xa6\xc8$P\xe3\xf5U\xb7L\x5c\xd1\xf0t\xd4\x98\x91\
\xea\x8e\xa7\x91\xca\x15\x99w\x18\x05\x8fRk'\xcf\xbb\
H\xfa?\xf7:q\xb0\xef\xec\xec\x94\xe0\x09\xc0s\xe7\
\xce\x9d\xc9{F\xa9=<\xe3&5\x1e\xc0\xbb\x01\xcf\
\x16\x14\xf7\xe6\xe6\xa6h\x90x\xfa&\xe8\x16\x00\xcd\xa3\
\xa3\xa3\xc9\x14\xa3f,i\xf2\x83\xce\xc1\x85?\x00\x98\
V{h\xfd\xc2\x1aS)\x80\xb4\xcaG\xff\xf7\x82\x94\
$\x1bO\x8b\xfb2\xf1]\xa6d\xc87\xf5\xf8\xbc\xe0\
\x96CM\x81:\x0a\xd3\xcd)\xa3\xd0\xe2\x87\x04\xf8\xd6\
\xeb\xf5\x86\x83\xc1@<\x9c\xf8\xd2$\xf0/~\xf1\x8b\
\xe2/\xff\xf2/\xbf3\x18\x0c~\xd4\xef\xf7/d\x14\
\xab\xf7q\xf4\x5cU\xed\xa3\x91\x16\xd7\x93\xde\x1b\x9e\x92\
\xcd\xca\xdb\x22\x8cC\xdf\xe9jr\xc5\xea\x9d\x0a\xde7\
\x98\x8ao\xe5\x17\x1cS:R\x1ci\xa0y\xbe-@\
\xf6\xb4o\xaaL\x94\xa8\xd2Jm\xdb\xb1H\xf3\x0e-\
\x1e^\xcbT2l,eN\xd3Y\x166\x7f\x0e}\
\x85_\xb4\x0cc\x10Ot\xb1xR\xb9pU-=\
\x09\x86\x1eC\x97j#\xaf\x11\x86\xf1\x00\x94AaC\
\x1f\xa7\xc7\xd3i\xde\xa4\x16\x06 \x07\xb2\xaf\xad\xad%\
\x8d%\xa9\xfe1\x0d\x80.\xf7\xb6R\xe5\xb1\xfa\xbb\xf6\
\x1d\x85\xf7\x8fu\xc6\x9a\xd4o\xa5pm|\x80\xb1\x01\
\xed\x0b\x86\x02\x18.\x92\x81\xe5%\xa9\x9e\xeb\x18\x08\x96\
no\x0a\x96P\x0f\xb8\x88R\x03KIF\xab,\xc0\
\x13\xb7O\xae\xad\xad}\xf1\xe2\xc5\x8b\xff\xe9\xe9\xd3\xa7\
\xafy\xdcK\x1ef\xf8f\xe0\xfe?\xcb\xcb\xcb\xc5\xdb\
\xb7o#}\xa9\x8f{2\xa5\x0d\xa3u\xa62<q\
\xeb\xf2\x93\xa8\xa9U\x1d\xc9\xe5\xbb\xa0\x1c\xd0\x8a\x95\xf8\
\xe2\xa5\xc2\xd0\x81q\x05 \x1f\xb4<\xad\xa5\x94%\xef\
\x8e\xf3\xd0\x06\xbd\xe55\xf2\xf2\xd1\xd5\xd0\x94h?h\
\x02\x98\x16I\xde\xa2\x95\xa7Uw\x96\xd2\x93x\xa4\xea\
H\x02MK6\xa9\x1d4\xfe\xfc9\xe5-\x01\xa4\x05\
h\xd4\x03\x05\xb0}\xf6\xecY\xa9Xn\xdc\xb8Q\xbe\
s\x04E\xa3\xd5\x03\x97\xc1RF\x05\x9b\xce\xbev\xed\
Zx\xf4\xe8Q\xf9\x1b/\xa3\xe6\xf1%o\x9b\xd6;\
\x1ef\x00\x1e\xf2\xf5\xeb\xd7/\xc4\x95\xda\x97\xd7w\xa8\
\xdec\x82\xa1*\x91\xd4\xef\x0b2#\xc2yi\xffk\
y[`\xa9\xc5M\x81\xaa&\x07\xad\x7f<2oy\
y\xb9\xfc\xa0\xb1\x902|r\xc6*\xaf3)\xbd\xd7\
\xd0\xaa\x93'%0\x0e\xc0H\xd3.\x8f\xd6d\xb4\xfa\
NQ\x1d\xa6\x01\xf5\xb7\xba\xba\xfa\x1f\x9f}\xf6\x99o\
J6|\xf3\xdem\xa7\xddn\x9f\xce\xcc\xcc\xccQ\xcf\
\x08\x0fa\x06a\x9b*FI`N^\x0b\xc1\x0b\x84\
u\xe5\xe32\xe1jY<8]\xb2\xfcp\xea\x96\xde\
\xa2\xa0\x81\x95\xa7\xa3\xa5\x14\xadE\x12xhyk \
.\xc9\xaf\xf1\xb4Hk{\x0d8\xa4\xba\x92\xcae\x85\
q\xf9S\xf15\x90\xd3\xe2h\x80b\xf1\x91\x8c\x19\xce\
+\xc5\xdf\x8aC\xc3\xc1\xb0\x03\x10;99)A\x13\
\x94\x02\xdd\x8a\x90\xf2\xbc<\x14\xbf\xb9\x0e\xa9\x04\xe6\xdd\
\xdd\xdd\xc9;D\xa9LR\x7f\xc3\x0fx\x87\x98V+\
\x93\x947\x12z\xbb<\xdck\xd8X\xfd\xdb\x02\xb1T\
\xb8\x06\xc2)\x92\x80T\xaa\x07:5\xcb\xdf\xeb\xa5\x0c\
$+,\x87\xbc:\xc9\x0b\xe0Z<\xef\x0aY\xaf|\
\x18^]\xaa>\x18\x0c\x06\x9b\xadV\xebT\xcc[\x0a\
\xfc\x97\x7f\xf9\x97\xc3\x18\xe3\x1bn\xa9\xe1{Lj\x95\
qK\xa9\x0eY\x85\xf0\xc4\x95\xc2%\xf9\x9a~(\xd1\
UZ\x92L\xb8\xd0\x87\xd6Uj\xbf\xaa5\x00%Y\
<\xdf\xb9i\xb5g\x9aR\xc18x{?\xf4\x19\x9c\
\x8a\xc6\xd5{Ry\xb8\xc7\xe1ik\x0b\x14$\xe0\x90\
\x80\x96{m\x9a%j}8?\x9e\x9f\x16G\xe2a\
\x81\x22/\xab\xc5G++\x12x!\xfb\xfb\xfb\xe1\xcb\
/\xbf,\xc1\x93.\xe2\xd3\xfa\x9dw\xac!\xe1\xa1\x06\
\xb7n\xddJ\xd6\x9d\xf6\x0c\x08\xb7\xc9x\xf2\xe4\x14\xc9\
\x01#\xbc~R\x86\x8d\xd5\xbf\xf9\x98\xd2\x0e'\xe0\xb2\
HiS:3G\x0fP>\xb8\xcd\x84\xde7*\x91\
U\x0fMI\xd23\xa9\xb0\x5c\x03\xc2{\x8e8'\x0b\
\xa8\xe1\x19\xe8\xec^\xaf\xb7wzz\xfa\xd5p8\x14\
\x8f\xb1\x12=\xccV\xabu033\xf3\xd9\xdc\xdc\xdc\
cp\xef\xa9@\xb8\xb8@\x9a\x96\xcd\x01\x01M\xf0\xba\
\xfc\x9a\x02\xb6'=\xc6\xc1[\xea\xe1C-iJP\
\xf9|\x1b\x89\xe6\xe1\x04C\xd1\xf3\xb4\xdc2\xd7d\x94\
\xf2\xb3\xbc$M\x1e\x0f\xc0\x020>~\xfc\xb8\xbc}\
\x82\xa6\x87~\x02\x0a\xfa\xb3\xcf>\xbb\xc0\x93+#K\
>\xad\xfcA\xf0\x86Sqx\x5c\xa9\xee\xacv\xd0\x14\
o\xc1N\xdb\xe1y\xf2\xfc8\x0fK\xa1\xf3\xb4\x1a\xc0\
\xe2T\xbaex@{\x80\x11\xf7\xe2\xc5\x8b\xd2\xf0\xbd\
w\xef\x9e\xab\x1d8i\xed\x12\xab\xf7\x99\xe0\xc1\xce\xcd\
\xcd\x95yI\xb2X\xfc\x8b\xea\xf4\x9fG\x8f\x1e]\xda\
\x90\x9f\x92\x05\xd3\xe3\xf8\xa47\x0bY\xca\x92\xa6\x0d\x89\
~\xa8\x85[\xc0)=O\x81\xad\x87''\xdcf\x02\
e\xa7\x07AH|=\xba@\xca\xdb\xd2\x95^\xfd\xe2\
\x19{V{I\x87\xc7\xd4\xd5\xff\xd8\x0ehh,.\
.\xbe\x19\x8f\xc7\x9f}\xfa\xe9\xa7~\xc0l\xb7\xdb{\
KKK\x9f\xf6\xfb\xfd\xffR\x14E\xa4\xc2\xe0\x82\x17\
\xfa\xc2U+\xa4\xb7\xa3J\xbf\xad\xf0\xa6\xe0(\xf1\xcb\
\xe9,\x91\xac\x96\x95\x00\x13*\xdeZ\xf1()T\xaf\
rN\xc9\x18\x18\xd8\xa5\xcak\x81\xb3\x87b\xb5R\xf2\
\xfa\xf5\xeb\xa5WI\xa7\xa7\xf1\xe8.\xba\xe2\xda\x1aD\
\x5cy\xa5\xc01(S\xb7R\x1c\xad\xbe5\x83\x22%\
'\xe5\xe3\x19\xecRZJ\x16Xz\xe3[a\xf4\x9b\
^\xb1%\x01\x93\x17@%\x80\x81\xf6_]]-\xbd\
\xc4g\xcf\x9e\x89^dTf\x18\xf07({\xbe%\
\xc6\xab\x1f n\xb5\xd2\xf1\xd2JY\x8b4cI\x02\
EK\x86\x5c\x90\xe3|\xac<<F\x15\xd4\x9d\xf6\x0e\
W\x9398\x8ck\x9a.\xa5\x93,\x1e\x1e\xa3P\x92\
\x0f\xe3\xe0\xfbK^W\x1e\x99$\x9e8}\x0d\x06\xe4\
\xd2\xd2R\xb1\xb2\xb2\xf2|4\x1a\xfd\xbf\x1a\x0fqJ\
v<\x1e\x0f\xc6\xe3\xf1\x8bV\xabu\xc2\xdd{P\x82\
0\xd0\xb4S9x\x01\xbd\x82{\x1b\xc1K9\xfcr\
\xf3\x8edZF\xf2\xb4\xc1\xba\xf6\x1eL\x1d\x14k\xd3\
\xf2\xe8\xact<\x9c\xc7\xe7q\xac\xbc\xad\xf6\xa3\xbc\xc0\
x\xc0w'\x9c\xf0\x02r\x89\xb8\xa2\xa4\xe1\xfc\xb9\x06\
H<\x8e\x14W\xe3g)m\xfa\xad\xdd\xf9X\xb0\x83\
\x05\xa4r\xd08\x85\xf3&\x11M.L\xab\xa5\xe7$\
\xc9\x8d|@A\xbcy\xf3\xa6\x9c\x01\xc0\xe9\xd9T]\
Jm\xc4\xeb\x03=\x80\xa5\xa5\xa5r\x1ch\xed+\x81\
-\x12^\xb2\xcd\xeb\xde\xaa\x1fJ\xd2U|\x96A\x93\
\x1a\xff\xbc\xbf\xe7\x1a\xf7\x16x\xa6\x002\xc7p\x0d\x95\
\x97\x19\xabii>\xc6s@\xdc\xebE\xa6\xc2s\xf2\
K\xc9\xa9\xe9\xdc\xdc\xf6\xe4\x84\xfd\xb6\xddn\x0f\x07\x83\
\xc1\xd6\xf9\xf9\xf9\xae\x16W\x04\xccO?\xfdt|~\
~\xfe\xa6\xd5j\xbd\x04EX\xb0)\xb4\xd4\xd9\xb2\xa9\
\x82\x7f\x9b\x95\x9e\x92\xcf\x8a\x9b\xca\x8b\x1e\x95\x87\x84\xcb\
\x9da\xd0\xe7\xe4]\xa7|)P\xcd\xc97\x05\xb0\xfc\
7m+\x5c\xd2.\xe5A-\xc2`L{i\x80%\
\xc5\xe1\xff\x07\x06\xf2)\xe0\xe4a\xd6%\xc8\x92%n\
\x81\xb0tx\xbb\xc6O\xcaSk\x9f\xc2\xf0\x8c\xb9\x1c\
t|je\xc4go\xdf\xbe\x0d_}\xf5\xd5\xa5\xbc\
\xad~\xc9\xeb12\xef\x19\x14\xda\xca\xca\xca\x85\xeb\xb6\
R\xa0G\xe3\x81g\xb8\xbd\xbd]\x02\xb9\xd6w\xad\xb3\
D\xf9;\xcc \xccDp\x90/\x94=\x99\xfc\x7f\xed\
^K\x09PSiy\x1dJ\x94*\xab$\x03\xe8\x1e\
<SW\xe2\xe7\xa1\x5c]\xdcD\xf7j}]\xca\x83\
\x1b\x02<\x9f\xdc|\xd1\xc3\x04\x9d\xdd\xeb\xf5vNO\
O?\xefv\xbbGZ9\xd5\x8do\xbd^\xef\xab\xb9\
\xb9\xb9_\xcd\xcf\xcf_\x92\x9ez\x99\x1ek\xb4n\xc5\
i\x95g\x01nJ\xa1Yrzd\x0f\xa4\x13\xe3\xb4\
,\x8d\x8b\xc7\xe0\xc1\xa0\xb7\xe4\xd4\x06%\xff\xf6\x0e\x12\
Kn\xe9\xb7\x94_*OI\xb6\xc0\x0e\xa5\xe7\xbc\xf0\
]o!L\x13k\xed!\x01\x9d\x05\xa0\xde8\xdao\
\xed[\x02\xc0\x94w\x13\x98W\xca\x81K\x03\x09\x8b\xa4\
\xfa\xb0<V)}\x14\x80\x9az\x9at\xdf\xa25F\
8/MN0\x1c\xf1*2\xab|R\x1b\x82\xc2\xdf\
\xd9\xd91\x8fz\xd3~S\xc0\xe4@\x18\x1c38R\
\xd9R\xf9Y\xfaK\xe3k\x81\xae\x96\xc6j\x13J\xa0\
\x9bq\xbf|*\xae\x16\x96\xa3\xb3\x9b\x82\xb0W\x1f\xa3\
\xce\xe5\xdbI\xea\xca\x87\xfd\xa3:\xdd\xa7X^^~\
\xd5n\xb7\xff\xdb?\xfc\xc3?\x5c:Cv\x22\x83\xf6\
`4\x1a}\xb5\xbc\xbc\xfc_\x17\x16\x16\x0a>\xfd\x8a\
\xdbKr\xc0\xccK\x92\x050\xed\x06\xca!K\x01\xd1\
\xa3\xf2B\xb5\xd0\x07\x80\x03\x0f|\x88\x99[\x1cBb\
\xaa\xd4\x22\xab\x8e\xac\x01/\xa5\x0f\xcaT\x92\x06\xb0\xf8\
\xce\x88\x13\xd4\x0f\x84\xe3]\xaa\x9aB\xd0@\xcf2z\
(Y\x80\x18\x8c)\x1b\xc9\xcb\x90\x9e\x07\xe1$\x1e\xce\
_\x03-\xcd@\xb0\x00T\x22\xad\x5c\x96r\x95\xeaE\
\xf2\xa6a,omm\xb9\x8e\xbf\xd4\x0c0\xe97\xbd\
\xa3R+?\x7f\x16\xc8\xc2\xc2\xba\x14\x95\xc3\xd7-\xe3\
\x91\x87{\xbc@\xa9?K7\xf7X<x\xbe\x9e\xb1\
JI\xd2#x\xf5\x9b\xe4eN\x13\x00\xa9\x0c\xd6\xef\
TY\xacv\x88\xcc0\xc7\xb53u\xe4\x94\xf2\xc5\xfe\
_\xbdFx\xb5\xb0\xb0\xf0Y`\x97FSR\x01s\
ww\xf7h8\x1c\xbej\xb5Z\xc7\xa0\xf0x%\xd0\
-&\x5c\x08\x0fy\xad\x8di\x80\x9e\x974KK\xa3\
H<\xa8Xy\x97P\xf1\x87\x87\x87\x13~\xde\xfaH\
\x81\xa4\x05\x9e9\xe0*)\x0d/@k`\x81\xef\x8c\
$y\xaa\xa9\x0e\xb1\x9fh\xc6\x88\xe5\x89\xe5<\xb7f\
@\xac\xb8\x92\x1c\x9a\x8c\xd6G\xaa\xb3\x94a\xa0\xe5%\
\xfdO\xbf5\x8f30@\xd7\xda\x13\xf7Nj\xc6H\
\xaa\x9c\x9c'\xb4o\xb5\x09<YF)=\xc8r|\
|\xd9\xd0\xb7\xc6\x05\x05\xbb\xd4\xd1\x9c\x1e\xbd\x22\x01`\
\xae\xd2\xf7\xc4\xd5\xca\x91J\x13\x94q\x843\x80x\x5c\
^.\xb8xu\xb3F)\xfd\xa1\xa5I\xe9Z\xfe\xfe\
2W_Kq\x8b?\xbe\xbf<\x1d\x0c\x06\xaf\xcf\xcf\
\xcf\xc5#\xf1\x90\xd4^\xf5\xf3\x9f\xff|T\x14\xc5\x9b\
V\xab\xf5\x15\xdd\x08\x8c\x1fl\x94\x82\xed\xc9\xcc\x11\xd6\
\x1b\xee\x19\xa84}\x93\x8f\x94\xb7D\x05Y\xe0\x00\x1f\
z\xc8z0,Z\x09\x9c\x9aZ\xa4|0s\xde\x9e\
4\x1ay\xda4\x12\x8b\x9e\x13\xed\xe4\x92w$\x81\x81\
\xf6\x9b\x93\x96\x96?\x0b\x09\x00\xe4\xe9\xbc\x00H\xc1A\
\xe2\x93Z\xa0\x93\x02w\xed\xc3\xe3J\xef'\xa5z\x89\
\xcc\xa3\xa7\xe5\xe9\xf7\xfb\xe5E\xce\xf4\xfa\xb9\xe00\xe4\
\xb4\xbcB\xd5\xf60.pZV*\xb76\xa6a\x1c\
\xed\xef\xef_X\x5c\xe8\x05\x91\x90\xf0rR}\xa0\xce\
\x98\x93\xd2G\xe6\xad\xe6\xbe\xbb\xb4t\x85\x15\x1e\xaa\xd5\
\xb2\xda\x05\xd3\x16\xa5@\xad\xae\xac\x96\xfc\x9e<\xa4\xc5\
>^y\x221\xa2\xe8'V\xdbI\xaa\xc3.\xb6\x07\
\x83\xc1\xd3\x17/^\xa8\xef/\x83\xb6\xad\x04iqq\
\xf1\xd7!\x84\xff\xe3\xf8\xf8\xf8\xcf\xf6\xf7\xf7;\xb4\x90\
\xd4\x8a\xf1v\x04\x8f\xf2-\xae\xe8\xd4\x1e\xce\xd3Rv\
\xb9\x0dI\x0f>>88\xc8.CL\x9c6\xa2)\
d\xaa\x00\xb9\x22\x88\xca\xd6\x11O>V\x9e\x81)^\
\xec\xc4\xd0\xf1\xf8;\x93Xy\xdd\xd7\xae]+\xeb\x89\
O\xed\x17\xc6\x94\xa8U\x9eB\xd8T\xee\x01C\xab,\
\x94_\xaa\xfd4\xe0\x8f\xe4\xc4\x10\x8d$Y\xa3a1\
\x07\x01\x9c-\xe3\xc1\xfa_\xaa\x7f*\xf7\xd6\xd6V\xd9\
^\x1b\x1b\x1b\x97\xca \xb5IJf\xe0q\xfd\xfa\xf5\
\x92'\x8e\x8b\x94\xf1\x81\xff\x03\x80\x83\xd7\x8b{E\xa5\
z\x94\xfe\x0f\x95n\xb2\xa6t\xb5\xb4\xa9\xff%\x90\xf4\
\xa6\xb1\xc25\xfeu\xf4 \xd6#\xe8f\xf0\xd0\x17\x16\
\x16\xca\xfa\x97\xbcu\x89,\x83\x88?\xcf\x19o\x1e\xb2\
\xf8\x81~\x95\xb0\xc6#\x8f\x14\x8e:k0\x18@\x1d\
\x8d\xd7\xd6\xd6~\xdbj\xb5\xfe\xcf\x7f\xfa\xa7\x7f\x1aZ\
2\x9a\xf3\x16\xff\xf8\x8f\xff\xf8\xaa\xd3\xe9\xfcjff\
\xa6\xcfW\x9d\x85j5\x16\x9ef\x93\xa2\x9c\xc6\xd7\x0a\
\xe8\xb5d\x9a\xe4\x1d\x8c\xa9?)\x1c\xcf\xd1\x84\xc6\x84\
\x01.\xe5\x97S?\x92e$\x0d$m\xc0\xf1\x8bi\
\xb5\x0efY}\xa9Uyt\xf0\xe0\x8bx\xad\x1db\
\xf5.\x0b\xdf\xa7\xa4\xca\xe2i\x07\xe9\xb9\xf4\x9b\xd7\xbf\
\xf6<\x1a\x9e\x97\xe4\xd1Y\xfc\x22;\xea\xad`\xdbA\
@\x91\xf3\xe9Q\xab\x7f\xf0\xfc\xf8\xd4\xab\xb5\xe8\xc7\xfa\
_\xe2\x0bJ\xf5\xc5\x8b\x17\xe5\x22 \xed\x0eNI.\
M^\xa8\x0b\xf0pp{\x09\xafoKF\xeb\xd2z\
\xed\xc4,\xfc\x1f\xeb\xd9\x03@V\xff\xd7\xc6\x9e%\x93\
v\x194\xd7Y\x81\x8d\xd7\xd4\x02 \x89Rz\x12t\
3\x00'\x1e\x85\x98\xd2\xa1\xb9$\xa5I\x19s\x96\xbc\
\xd6\x07_\xfb\xa4\xde\x11{\x89\xcez\xcc\xcc\xcc\x9c\x8c\
\xc7\xe3\xff\xe8v\xbb\xff\x91L\x97x^t:\x9d7\
\x9dN\xe7s\x00\x04\xedJ!O%5\xb1F\x9a\x02\
aSK\xc8R\x0e\xd5qJ\x93C\xe9\xa7%C\x8e\
e\x9aJk\xc5\xa5\xcf\xa5\x01+\xe5M\x9fI\xe7:\
\x16l1\x0a(L\xdcL-yd<-\xff\xd6\xc0\
@\xfb\xf0\xe7R\xfc\xd4Ti*\x0f\xcb;\x92\xc0\x9d\
S\xc1\xa6l\xad}\xcd\x92\xbcZ\x9dI\x1f\x9aV\x9a\
\xce\xa5y\xe3\xed(\xd18+7G)\xe2\x18\xb1\xe4\
\x94\xde\xaf\xc6\xea0v~b\x8d\xd5\xe7\x91\x07\xd5K\
V_\x93\xf8\xe6\x8c\xb3\x14y@\xaf.y\xf5\x895\
5+\xd5y\x13\x194\x99\xa6\x01n\xd2A9\x9e\xbc\
-\xa3\x02\xea\xa5\xd3\xf9\xff\xd8\xfb\xf3 \xb9\x8e\xeb^\
\x10\xce[\xfb\xdaU\xbdT\xef\x0b\x1a;\x9a\xa0Hj\
\xb3D\x8a\x8bl\x7fO\xa4B\xa1\xe7o\x22\x9eg\x89\
7\xf1fb\x22\x14\x8eqX\xfew\x22f^P=\
3![\x1b\x05\x89\x16hq\xb4<=\x8d\xacga\
l\x8b&-q,YRS\x5c!\x82\x04@\x02\xc4\
\xbe4\xd0\xe8n\xf4\x82^\xaaz\xa9\xedN\x9c\xcb:\
\xedD\x22\xd7{oU7\x80\xfaETtW\xdd\xdc\
of\xfe\xf2\x9c<y2d\xc7b\xb1\x19B\xc8\xe9\
x<^P\x95E\xe9{\xaaZ\xad\x8e\x87B\xa1\xdf\
E\xa3\xd1\xbd\xf9|>a3\xea* \x0at\x95\xc7\
\x16\xca\x0bl\x85\x1b3\x19D+\x9fzt\xdch4\
\xbaq\xee\x92v\xc8.*\x87\x0c\xbcI\x8a]\x99\xdb\
\x8cj\x8e7!\xb0\x7fEaU\xf9\xc9\xc0\xbe\x1f\xba\
\x0f\xb0\xe5\x04\xc2\xa4-\xf6De\xe1=\xd7\x85M\xa9\
BmFu\xeb\x066Ge+\x9b xu\xe0\xa5\
#\x03O\xf2T\x91\xa4\xe8;\xaf\x0c\xa2\xdfY\x92\x07\
\xd2\x5cZZ\xe2ZY\x9a\xe4\x83\x80\xf7O\x93\xb2h\
\xf1\xc1\xa6\x01\x93}>\x9f\xdf\x98\xec\xd9~\xc5\x02\x9f\
\xd3\x12\xa6\xac/\xf1\x08MF\x222Re\xdf\xbfL\
2%\x8cV\x83\x1d\x03\xb2>'\x03/\xec\xfa\xfa\xba\
3G\xa1:S\xa6\xaa6!\x1d\x1eD\xe5\xd5MW\
\x14\x0e\xad\xf0u\xb6:t~\xb7j\xeaX\x98\xab\x83\
\xc1\xe0z$\x129\x1b\x0c\x06O\x8e\x8e\x8e*\xbd\xf1\
(oy\xee\xe8\xe8\xb8\x94\xc9d\xde\xc9d2\x11 \
\x056s L\xf8\xb0\x90\xad\xc6E\x93\x00[)\x15\
Di\xc8^\x90\xc9G\x05\xe8\x88@\x92\xab\xab\xab\x1b\
j\x037^\xf4\xdd\xc2\x8d\x84\xa9\xfa+JG\x14\x9e\
=Z\xc3\x8b\x0b\xed\x94H$nz\xaeZ\xfd\xcb\xde\
\x0b\xefl$\xfd\xbf\xea\xec\xa4\xecl\xa4,OQ\xba\
l\xbe\x22B\xd2\xa9\x0f\x0b6]Y\x9f\x97\xf5cY\
\x19\xd9\xf2\x02I\xcd\xce\xcerI\x8e\x97\xaf\xa8\xdc\xf8\
ni\xed\x82\x8e\xa4\x8c\xff\xc3\xbc\x82\x96\xbb&\x12\x1f\
\xfd\xaeTd\xc9\x03OU\xa93^Di{Y\xb4\
y\xd1\xa2\xe1o:\x06@^\xe7bU\x19L\xf2c\
\xc1\xdbZ\xf2\x92\x0f\x12&\xf0Y<\x1e\x0fe\xb3\xd9\
\xe9P($t\x87wSYT\x01FGG\x8b\xb6\
m_\x0e\x87\xc3\xe7\xd3\xe9\xf4-g2\xed\x9at\xa1\
j\x007\x03n\xab\x03\xcf]\xae\xac\xac8/\x81u\
d\xc0B\xa7S\x9a\x12\x99,\xac\x8e\x1a\x96\xfd\xab\x93\
\x86I\xfe\x16\xe7\xe6\x07\x84\x8a4\xe9p\x22\x02\xe0=\
W\x91\x86\x0e\xd9\xd1y\xb3qM\xc8S\x94\xae\xa8\x9e\
\xba\xd0\xa9\xb3\x8a$y\xe4\x05\x7fa\x82]^^\xde\
86&#h\x9d\xdf\xf1X\x91\xce;BX\x8c%\
>\xfd;\x0b\xf67\xdc\xff\xd4\x99\xe8u\xfa\xb2\x9bt\
\xdc\xa6\xcd\x8eE\x939\x93\x97\xbf];g\x88W\x7f\
\xb9Y\xd0\xeb\x94\xc1t\xbe\xd6%\xe1\xda\x95[\xdc\xb9\
\xc3\x0d0\x1d\xd4\x08\xc6\xe3\xf1\xeb\xeb\xeb\xeb'\xd6\xd7\
\xd7\x17u\xe2\xab\xaf\x03x\xbf\xd0\xa7\xb2\xd9\xecX>\
\x9f\xdf~\xf5\xea\xd50k\xde\x8b^\x7ft^\x86\x17\
\x22\xac\x87J\xd5\xed*\x0eU\xb1@\x96\xb8\x88\xc0\x8d\
i\x91S\x07\xd3\xfcD\xf9\xeb\xb4!;\xd8Tqy\
\xea^U<\xd1\xea\x8d\xfd\x1d\xda\xa5\xa5\xa5\xc5\x19\xb0\
\xec\x0d\x16:\xf9\xc8\xca\xabjOQ8\xb6mx\xcf\
x\x93\x19K\xeelXzq \x0a+\x02K\x1c4\
\xb1\xe9\x80\xf7\xbe\xd9\xef\xbc\xb2\xf0\x08\x0b\xcfA\xf2\x1c\
R\x88\xfa\x02\xef=\xd85Kj\xd1\x02\x86HT\xf0\
@\xd8\xb4VK\x97\x94Pz\xe0\xa5\xaf\xa3\x0a\x15\xa5\
-\x8a'\x0b\xcf\xc6\x15\x85\x17\xe5\xa5\xf3\x9b*?\xf8\
\x0b\xe3\x0e\xe6+\x902i\xafN^\xd2\xa5\xe1U}\
,\xaa+\xaac-\xear{\xaf\x1cBI\x97\xe5\x8e\
\x8e\x8e\xb3\xe1p\xf8\xf0\x81\x03\x07\xa4\xd6\xb1\x08-\xc2\
\x0c\x06\x83W\xc2\xe1\xf0\xb1h4Z\xb1m;\xcc\x92\
\xa3l%\xea\x85\xe4x\x13\x99n\xc7\x12A6\x08t\
\x7f'\xb5U3\xb4A>\x9f\xbfi\x92D)\x13\x07\
\xac\x09\x19\xb3\x93\xac\xe8/[\x1fU\x18^x\xd1w\
Qx^<\xdd<`\x95\x98\xcdf\x1d\xb5,\xef\xca\
'\x19Dub\x89I\xb7>\xaatu\xc2\xcaV\xff\
\xa2\xb2\xa9&\x19\xd1\xf8a\xd3\xd5}\xa6\xb3X\x12\x91\
'\x00\xc8rqq\xd1\xd9\xc7\xa4\xc7\xbal\x12\x17\x11\
\xb6U\xdb\xae`I\x8c~\xce\x02%L\x98[d\x96\
\xa7\xecw\x96d\x89B\xb2S\xa5k\xaaqQi\x88\
x\xda\x1c\xde_\xaf\x04\xc6\xfe\x06m\x82\xc7\x00\xe1]\
\xd0{\x99^\x08\xc8M\x1a&\x8bb\x9e\x84i\xda>\
,p\x8f;\x12\x89T\xc3\xe1\xf08!\xe4=\x22\xf1\
\xeeCC\xa9\x92\x05<\xfd\xf4\xd3\xeb\x95J\xe5|8\
\x1c>\x93N\xa7m\xb6\xb0P\x00\xbc\xbc\x94\x85\xee\x84\
\xa4\x03\x93\x86\xd2\x99\x80t\xd2\xe5\xfdNK\x97\xec\xc0\
D\xf7M\xb2\xf8\xb22\xd3i\xb1e\xe4\xfd\xce{&\
\x1b\x942\x88&\x0aU\x1a<)\x88\x0d\x0b\x03\x95\xf6\
\x18\xe5\x86\xa8x\x12\x8a\xea#;\x12\xa2s\x13\x06\xd1\
T\xff\xf2\xd2R\xddL\xa22\xf21\xf9\x88\xe2\xeb\xa8\
cyq\xd1\xe0\x86\xd7\xee\xec;R\xfdf\xd5\xee\xc9\
\xe4\xb5+\xdb\xbe\xb4\x04\x08\x93\x1aH\xba<\x8fb,\
hU\x9bH\x8b!\x8a\xc3\xfe\xcf\xfb.\x8akJ\xc6\
\xa2\xdfE\xda\x0f\x15t\xeaF(U\xbb\xc8e\x9e\x17\
\x98\xcc\x9d\xb6\x81\x10\xe1\xb7:\x16\x01\xfd\xa9\xa6\x8e\x9d\
*\x16\x8boW*\x95y\xdd\xb8Z\x12& \x91H\
\xbcgY\xd6\xaf\xd7\xd6\xd6F.^\xbc\x18\xa2W\x9d\
\xb4\x13\x03\xde`\xe1\xfd\xc6B\xd4\x90\xb6\xc6\x81z\x13\
\xf0\xd2\x90M\xe2\xbc\xf2\xa3t\x89>c\xe9tE\x9e\
mx\xf9\xf1\xa0#1\xf1$\x17\x9dN$S\x13\xda\
\x1cu\xac\xee\x02\xc5\xa2<\xfd\xb0\xe1\xe9\xf4i\xe3\x0f\
Q\x99U\xaa3U\xdb\x98\xf6\x116<\xef\xbb\xe8\x7f\
\xd9\x84\xe8f\xd2\x13\xc51\xb9JOF`\xa20\xbc\
:\xa2\xa4\x06y\xf3\xac\x13u\xc9\x93P\x0bI\xb6\x0c\
\xbc\xbe\xc6\x92\xa8\xecH\x01\xaf\x9f\x02)\xc0\xb8\xe4\xf5\
s\x95\xd4G\x18\xc2f\x7f\xd3\x89/\xaa\x1b/\x1c/\
?\xaf\xd2\x13]\x06\x16x\xc14O\xca\xd4M\xc3\xa4\
l\xaa\xb9K\x95&\xad\x8euS&\xf6w<{\x09\
m\x90J\xa5*\x9d\x9d\x9dg-\xcbz]W\x1dK\
L\x08\xb3\xb5\xb5u\xaaT*\x9d\x0c\x87\xc3k\x81@\
 \xc5\x1e%\xc1\x01\xc6\xab\xa0\xa9t\xc3B\xf7%\xe9\
N\x94&\x93*\x1b\x96\xb6\x8c\x15\xbdx\x18\xe0\xd06\
<\xeb\xe1zAF&\xbc\xffE\x7fyi\xf1\xe2!\
P\x12\xa0\xaf{\xe3\x95\x03\xbd\xbe\xb0y\xb2\xe0=\x17\
\x95\xd3\x8f\x05\x94j\x82\x92\xb5\x8b-P\x0b\x8b\xea\xe4\
\xa6\x0c\xb6DS\x22\xfb\xdd\xa2\xf6|xqx}\x97\
\xfd\x0d\xd5x\xac!\x9b\xe9\xa4\x85\x92\x82\x88,y\xf1\
\xe9\xe7*\xbf\xb0t\x1a@\x98h\xb5.\xebk*)\
\x8f(\xd4\xa6\xecs\x934\xeb\x0d\xd9\xbb\x80\xf6\xc1\xbd\
\xcc\xc5E\xb1\x9dK\xbdH[W(!\x82\xf3\x97\xaa\
~\xa3\xca\x07\x0dTC\xa1P\xa9Z\xad^\x0e\x04\x02\
\x17t\xd5\xb1DW%Kj\xd6\xb2\x95J\xe5\xb5L\
&\xf3\xb3\xae\xae\xae*\xab&AU\x88\xcc\xc9\xb3\xac\
2\xb2\x89A\x15W'][C}%K\xd7\xaem\
@\xa3\x03\x07TW\xb1\xb0j\xfb5x\xa5\x95\xad8\
$oR?6\x1f\x22Q+\xf1& \xdd4M\xf2\
dW\xd1\xbct\xf0{&\x93\xb9E5'\x1bT\xbc\
\x81a3\xeaN\x9e\xc7\x1b\xd13\xb7\xcfm\x8e\x93\x01\
\xd1\x07\x17\x0f\xbc\xdfe\xcfDR\xa4i]1-^\
^\xf4o\xb6@uL\x87\xc5}L\x99\xe3\x03\xf6\x1d\
\xf2~\xa7\xef\xa7T\x116\x1b\x17\xdbM4.\xd8\xbe\
\x06eF7|\xbc|X\x92\x13Aw,\xf0\xea\xa4\
C\x9c\x22\xa8\x16N\xec{3\x99\xc7\x08c\xcc\xc5z\
`2\x85l.\x15}D\xf5b\x7f\x83\xfe\x82\xb7\x1c\
\xc9\xc2\x9a\x02\xea\x0f\xf5\xee\xec\xec|\xa7X,\xfe\xf4\
\xe8\xd1\xa3\xb3&\xf1\xb5\x09\x93\xbc\x7f\x83\xc9\xe9H$\
\xf2\xcf\x89Db\x19*\xc4\x9e\xd3\x82\xd5(\xac`t\
\x89\xcf-\x91ym4\xb7d\x95H$\x1c\x22\x5cX\
X\x90v\x0a\xbc\xd6\xca\xad*\x81h\x10\x10\xbb\xfaU\
\xa9\x8dx\xcf,\x89[A\x99\xba\x91\xcd\x93p\xa4\x00\
\xde\xea\xbb\xa5\xa5\x85l\xdf\xbe]\xbabd\xd3\xb09\
\xaa1\x1a<\x22\x95\xbd\x1b\x11Y\x88\xe2\xa9\xc8\x82%\
\x1b\xf67Qx^\xbe\xa2\xf4u\xe2\xaa\xca\xaaSv\
\xf6\x7f\xdc\xc7D\xc2R\x8d\x0f\xd1s\x940y\xefQ\
\x96&\x8e%Q\xffd\xfb\x22\xcc?\xcb\xcb\xcb\xb78\
\x0f\x91\x8d\x09^\x99x\xe3\x83\xfd\x9d\x17W6&U\
c\xccT\xf24\x9d\x03\xe9\xf0 \xd8\x00q\xb0\x06]\
\xaa\xb4y\x8b\x0f\xb7s\xa9\x0cVM\x85\xcf\x12\xa6\xdb\
rb\x9a\xe83 \x16\x8b\x15B\xa1\xd0[\xe9t\xfa\
\x8d\xb1\xb11\xa3{\xe4\x8c\x08\xf3\xd0\xa1C e\x9e\
K$\x12\xef\xb6\xb6\xb6\xde\xb2\xf2\xa3\xef\xc9\xe4\xad\x1a\
T0id\xaf\xa4i\x9a.\x1e\x19\xa1U\xb1\xb2\x17\
\x86R\xa6\xdb\xfc\x88\xa6:GE\x8c\xb2\xc1\xad\x9b\xa7\
\xac\x1c8\xc1\x8aV\xee\xf4o\xd0\x1e\xd9lv\xa3]\
xjV\x1a\xec3Q\xbb\x8b\xe2\xaa\xc8\xd3\x96HF\
<\xf2a\xc3\x89\xe2\xf2\x08\xc9\xe6H\x22\xbc\xfcxP\
\xd5A\x96\x8f\xea7\xd13\xa2p}\xc9+\xa3\x08\x16\
\xb5\x87\xc9S\xa9\xdb\x12\x955\xef\x99h\xe1\x04d\x89\
\xfe\x9c\xd9p2\xb2\xd3!.\x1d\xb2\x94\xc5\x93\xfd\xae\
\x22K\xafs\x1d\xdb\x86\xb6\xc4\x00\xc8d>\xaa\x07Y\
\x12\xaa\xbf\xe8j\x03t\xf2Fu,\x082\xe9t\xfa\
\xea\xfa\xfa\xfa\xef\x92\xc9\xe4\xad\xe7k\x14\xd0\xde\xc3D\
\x00Y&\x93\xc9_\xad\xae\xae>411q\x8b\x97\
\x17\xf4\xce\x81\xd7\xfa\xd0\x05\xe6\xadPX\xf0\x06\x88h\
@\xd5\x834E\x937\xd6\x13\x0d}d\x83\x9c0g\
2\xe9\xf2\x9a\xa8fd\x92\x18\x8f<d+>\x9dx\
\xa2\xbf\xa24\x08\xb5\x87\x89{\xda\xa2\xf7\x8c\xe9\xb5\xb5\
\xb5\x91\xee\xeen2>>.\xcc\x93\x17\x8fp\xf6\x0c\
y\xea\x1a\x8bcl\xa1\xd3\x1e\x16\xc7\xf8B7.]\
^^\xfd\xd9:\xf0\xda\x90\xbd\x02\x8b0R\xb3iY\
\xd8\xb4Dy#Xm\x11\xfd^\xbdJ\x12\xec\x02D\
\xb7LD\x83\xd0\xe8v\x05i\x18\xcf\x18\x8a\xe6\x10\xdb\
\xd0\xf8G\x16_\x04\xb6_\xea\xc43i_7\xef\x82\
\xedC0/\xa1zRg\xde`\xd37\x9d{M\xea\
\x81w\xe8\xd2\xfc\xa1\x9b\x9fl\xce\x82EB&\x93\x81\
\xf9\xe7\x5c>\x9f\x7futtT\xdb\xd8\x07a$a\
\x02\xae_\xbf\xbe\xbc\xb6\xb6v\x8e\x102\x9dJ\xa5n\
\x19\x04(e\xf2\x0aLC\xb6\xf22i\x5c\xb7\xe0\x0d\
^Y>\xbcc$:\xabj\x1d\x83\x09Y\x19uV\
\xd7\xbc\xe7\xa2\xc1\xefv%,J\x03\x07\xa2H\xe5F\
\xff\x06\x1f\x900;;;7~\x93\x11\xb4h2U\
I$*i\x8a\x95\xa4DaU*SQ\xdel\x18\
\x9d2\xe8,tL>\xb2\xf8\x84!\xe3*u \x9c\
\x96t\xab\x8cG#Q;\x9b@w!\xc2\x96\x93\x17\
\x97\xfd\x0e\xf3\x8e\xe8\x9c/\xdb\x8fe\x92\xa1\xac\xcf\xcb\
~\xd3]\x0c\xcb\x16\xc2\xb2\xb0\xc4P\x02\x94\xc5A\x02\
\x81\xf9\x9a\xe7\x9cB\x96\x86\x1fs\xb1,\x0dV\x85O\
|\xda\x03&\xef\xcf\xe3\x0b\x85B\xe1l0\x184\xda\
\xbb\xdc(\x9bi\x84C\x87\x0e\x95\xc2\xe1\xf0\x89l6\
\xfbz6\x9b\xad\xb2\xb7\x09\xd85\x1f\x90<o7:\
\x8d.\x9a\x0c\xbd6\x98\x09x\xe4\x0e\x9d\x8aw\xa7\x9c\
,?\xbc\xc9D\x15G\x96\x86hE\xac3HuV\
\xe6\xeco&\x93\x85%\xf1\xb6##`X\xe5ut\
tp\xc9RTf\xdb\x85$-\x22:7\xc4\xa6\x93\
\x86,\x9el\xefQF\x9a\xb6\xc0\xf7\xad*=\x99\x8a\
\x96\x95\xf6D\xf5\xab\xd6\x1cT\xb3\xc7\x0ft\xc7\x18\xdd\
G0\x0d\x9d\xb8l<\xbc\xe6\x8b\x0dC\x03\xdd\xf9\xf1\
\x9e\xe9\x90\xa5)\xf9\xa9\xf2\xd0\xc9\xdbD#\xa4\x03Q\
\xff\x11\x01\xda\x15O6\x98\xe4e*)\xf3~\x13\xa5\
\x81[Y\xacfAg\xce\x14\x95\xdf\xaa\xa9c\xe3\xf1\
\xb8\xdd\xde\xde~\xd1\xb6\xedW\xda\xda\xda\xb4\x5c\xe1\xb1\
0V\xc9\x92\xf7\xaf\xfc:\x9bN\xa7_O\xa5R\x9f\
\xa1\xaf\xd1A\xc0K\x00q\x9f5|\x11\xa99n\xc9\
\xa0N\xfb\x93\xbc2\x88@\x97\x0d\xea\x81\x16\x86&\xe5\
\xa5\xa5L\xfa\x88\x89n\x19\x08\x87\x1cX\x95\xa3mp\
\xae\x92M\x83'\xd1\xa9\xf2\xe2\x95\x0f=\xb2\xf0\xfc\xe8\
\xf2\xf2\x06\xc2\xcc\xe5r\x8e\x83oQ\xb9\xd94x\xe4\
,kw\x1e\x19\x8b\xfa\x1b1T\x97\xcb\xc0\xb6\x9f\xa8\
L\xbc86\xa3V\xe6\x91\xaa(/\xdewUX\xf6\
\xdd\xf3\xc2\xc1;\xc5-\x17\xb7\x13\xaa][D\x8b\x16\
H\xa2t\xd1\xf0Cux\x1d\xfe\xbfq\xe3\x06\x99\x99\
\x99\xb9\xa9\xbf\xf2\xfe\xaa\xca\xcb\x96M\x95\x06\xaf/\xaa\
\xe2\xa9\xfa\xaf\xa8\x8en\x88J\xd5\xdf@\x22O&\x93\
Zj\x7fY^\xb2\xdfee`\x7f\xe3\xb9\xc2\xd3\x85\
l\x8e\xaa\xb9\xc2\xb3[ZZ.W\xab\xd5\xa3\xa3\xa3\
\xa3\xb7\xae\xc24`,a\x02\xda\xda\xda\xf2\xeb\xeb\xeb\
g\xc2\xe1\xf08L~l\xc5p\x80\xb0.\xaa\xbc\x10\
\xa1h\xd2\x10\x85u\xf3L\x04x\x81\xb8\xca5\x89o\
\xd5\x5c\xe5\xb1R\xa6\xc9\xea\x88\x9d\x00\xd8\xffE\xbf\x99\
\xaa\x93t\xd2!\x9c=%\xfa7]\xcd@,\x16s\
\xf61A\xca\x94A$}\xa9\x08\x84\xb7\x88\x10}D\
\x06=:\x1f\x91\xb1\x0d[N\x9b\xe3\x8c\xddD\xd2\x94\
\x1d+1\xc9[\xf4]T\x1e\xab\xe6\x90\xc2d\xec\xf1\
\xde7\x1a\x0f\xf1\xc2\xca\x88\x1c\xed\x00t\xf2\xce\xe7\xf3\
\xb7\x5c\xe0.\xd3\xa2\x98\xf6\x7f\xd3\xb1\xa3;\x16D`\
\xeb,[Xx!*tR/\xbb4B'/\x93\
8\xb2\xf2\xc2;\xd7=w\xab[6l\xf7h4:\
\xb3\xb2\xb2r\xbcZ\xad\xce\x12\x83\xb3\x974\x5c\x95l\
tt\xb4\x1a\x8f\xc7O\xb6\xb7\xb7\x8f\xb5\xb5\xb5Ux\
{\x96\xf4\xd5<4\xbc\x90\xa6\x8e\x0aC'\x0d\x93\xf2\
\xd0\xf7]\x9a\x96\xc1bn\x0b\x97\xe5\xeb\xb6n\xba\x83\
\xd6d\xa5m\xaan\xb2)\xb5\xa1\xceD\x01\x03\x02\x08\
shh\xc8\xb8~\xf4\xef,\xd1\x89$\x05\x96\x8cd\
DI\xc7W\x91\xa4,\x9c\x8a\xccx\xf9\xf0 [p\
\xca\xca`R6\x19i\xe9\xf6K\xd1\x82\x09\xd3cU\
\xb2\xb2w\x86\xff\xe3\xc1u\x15\x96\x96\x96\x1c\xe9\x92\xd6\
\x00Y\x8c\xeaSTf\xd1wU\x1c\xd31\xa2J\x97\
\x06\xaf\xbdM\xc9\x92\xf7L\x94.\xccm\xb2\xab\xbfh\
\x98jaL\xe6\x7f\xab\xb6\xf5\xe5\x860edY\x9b\
\x9b\xec\x9e\x9e\x9e\xb3\x81@\xe0\xe5l6\xbbd\x9cA\
\x0dnT\xb2\x0e\xc2\xe1\xf0\xe5h4\xfaV,\x16\xfb\
o,\xcb\x0a\xf2V\xc5\xf0\x22\x808Yo\x0d^I\
\x8f\x17\x9fG\x84\xbc\x97+\xfa]\x94\x0f\xbe@\x5c\x14\
\xd8.\x9cvC\xfdy\xf7\x86\xb2\x13\x84\xa8nl\x1c\
\xa2P\xcd\xaa\xd40\x08\x1d\xb5\x98h\xc2\xa6\xe3\xe2>\
\x13J\xd2\xbc\xf4\xd8\xdf\xa0Ms\xb9\x1c\xe9\xeb\xeb#\
W\xaf^\x15\x86\xe3\xb5\x95\xa8\xdc\xbc0&\xe9\xb2\xed\
+\x0a\xc3\xfe\xc6\x8b\xc3\xcbG\xf4\x1d\xcb\xc6\x1a\xd8\xd0\
$\xad\x93\x8e\xe8w^\x9a,d\xea/\xd5$\xa7z\
\x86s\x81J\xe2a\x9f\xf3\x16\x9al\xfavM\x1d;\
==\xad\x5c\x14\xd2\xef\x8b\x1d?\xb2:\x89\x16b&\
\xa4\xca\xf6\x95z\xc3$\x1f\x98\xdb2\x99\x8c\x96Sv\
\xaf\xe5\x97\xcd5\xbc\x05\x92\xd72X5ul\xb5Z\
\xad\x86B\xa1K\x81@@\xeb\xa2h\x11\xdc\xc9\xbe\x84\
\x90\xaf\x7f\xfd\xebk\x95J\xe5t\x22\x918\xc5:1\
 \x94ZV\xe5\xc8@\xb6\xba\xd6\x0d+[\xd9\x9a\xfc\
\xce\x02\xa4K\xa8\x1bk\xecc\xdai\xd0\xea\xcb\xe4\x90\
0/\x1c;HM\xd4>~\xac\x98M\x08A\xb5(\
\x81\xe7\xad\xad\xad\xa4\xb7\xb7w\xa3]d*:V\xa2\
\xe4\xfdU\x85\x11-NX\xb22\x91\xcc\xd882\xef\
+\xb2\xfeh\xda\xa7d\xe5\xd1U\xfb\xda\x8c\x95,\x9b\
n\xcdA\xb5\xf0\xda>Y\x9f\xa2\x9fA\xfa\xb4\xb6I\
\xd4\x1el\xff\xc6\x09\x94'q`8\x98\xe0\x17\x17\x17\
\x9d\xf4\xd92\x99\xfc/\x1aK:\xe3\xc9tLz\x95\
\xd2\xfc\x0e\x0f\x84\xc2\xbb`\xda\xb4\x9c:\x90\x8d\x01\xd6\
I\x85\x1f\x8b\x0b\xe4\xa1D\x22\xb1\x5c,\x16\x8f\x94\xcb\
eW\xd6\xb1\x08\xd7\x84\x09e\x89F\xa3'[[[\
\x7f\x15\x0e\x87\xab\xa2U+\x14Vu\xf8\xb9^b\xbe\
\xee\x04/\x8a\x8fN\xd6M\xadcy\xe5\xe0\xede\xba\
\x81\x88\x98\xdc\xaa\x88\xd8\xb0\xaa\xc9\x84\xf7?\x9e\xd7\x93\
\x85\xe5}\x87\xb6E\xd5\xacl\xd5.{\xc6\x12!\xfd\
\xbfL\xe2T\x91\x8d\x88\xb8UqtILg\x1f\x92\
\x97\xaf\xcc\x8b\x90\xaaL\xec>\xaa\xaa=`\xc1\x08\x93\
\xa8\xca\x8b\x93\xec\x1d#\x90\xd0x\xef\x93\xb7\xe0\x81\xff\
!\xfft:\xcd\xcd\x1f\x91\xcf\xe7\x1d\xe9\x92\xed\x1f:\
\x0b=Y\xff\xd6\xad\x9f)\x11\xebj\xa7t`\x92\x8e\
,,j\x88\xd8\x0b\xa6\xfd*\xa7nz\xac:V4\
\xdeu\x01iUknL3\x99\xccl,\x16{\xf5\
\xe9\xa7\x9f6>{I\xc3\xb5J\x16p\xfc\xf8\xf1k\
{\xf6\xec\x19kii\xf9\xef\xaf\x5c\xb9\x92\x83\xc1\xc5\
68\x88\xfb\x85B\xc1\xb1\xc4b/\x9e\xa6\xc3\x11\x17\
\xd2\x11\x9b\x06Om&\x8b\xcf#M\x0c\x8bn\xf0\xd0\
\x97\xa6\x09x\xf9\xa1\xbb<\xde9U\x19Q\xa8\xc0[\
\xad\x8bT\x962U&\xd1T\xf7\xd2\xbf\xe1w<\xff\
\x96\xc9d\xb8\x84\xce\x96\x81\xce\x0b\xfa\xcc\xae]\xbb\x9c\
4\xae^\xbdzSYD\x12!\x91LH\x22\xa9\x85\
~\x87\xac\x8a\x8d\xdc\xbc\xd7!,3/?YY\xd8\
x\xb6\xe2\x18\x0d+\xed\xd1\xc4*\xab\xa3\xac\xee\xa2\xf0\
\xa2v\xa2\x7fG\x7f\xa3\xaa\xb8D\xa0r\xc4\xdfh-\
\x93h\xa1\xca+\x0fL\xe0\xb4'\x1a\xde\xbb\x9e\x99\x99\
!sss\xd2\xb1\xcf.\x9cx\x7f\xd9\xffycR\
%\x8d\xb2\xf9\xf3\xde\xb1\xee\xbbS\xfdn\x02Y\x1a\xf8\
\x0cH\x05\xef\xad\x9d\x9f\x9fw\xdd\xe7t\xf2\xe4\x85\xb5\
(\xef>\xa2\xf8\xa6yA\x1dP\xd8\x09\x87\xc3'B\
\xa1\xd0\xbb\xc4\xa5\xb1\x0f\xc2\x8b\x84I\xc6\xc6\xc6\xaa\xc9\
d\xf2\xe5\xb6\xb6\xb67\xd1?!\xdb\xd0\xa8\x8eA\x97\
r\xa2\xca\x99\xae\xbct\xc3\x9a\xa4\x8baae\x0b\x83\
\x15\x06:\xcf\xa0IU\x06\xd1\x84\x02\x04\x8cj^\x1d\
\xc8\xca-\x1b\xf8\x84\x92\x02,\x0d\x7f\x98\xa2\xdfX\xc9\
S\xf4[\x95\xb9\xe1\x9eWVQ\xf9\xa0-r\xb9\x1c\
y\xe0\x81\x07\xc8\xf0\xf0\xb0v}\x89\x80\x10DD\xc7\
\xfb.\xca\x87M\xd7\xd60\xa4\x11\xf9ve\xa5I\x91\
\xc5\xaa\xca5\x1eO*UI\xab\x22ISFZ\xd8\
F\xd0Wa\xd1(\xd3\x8a\xc8\xfa\x16\xdd\xd6x>\x92\
\x0d#J\x13\xff\xe2\x02[$\xd1\xc2\xd8\x1c\x1f\x1fW\
\x96M\xd6wy\xe5\x15\xf5W^\x1dy\xe9\xcb\xc2\xf3\
\xe0'Y\xba\x9dCA\xca\x04\xc1\xc6\xaa\xf9|\xf6\x9a\
\x97\xceX\xa3\xd3\xa0\xcf\xac\x8b\x04\x08\x932\x00\xf9\xa3\
\xba>\x14\x0a\xad\xa5\xd3\xe9\x9f}\xe5+_\xb9UU\
h\x08O\x84\x09x\xea\xa9\xa7n\xa4R\xa9\xcb\x99L\
\xc6\xc6\x95$[\x09\x9cPqR\xe5\x851i$:\
\x0e\xfb]49\x88\x9e\xb1\x1f\x8b\xb2\xd4\xc2{\xf5d\
Do\xd2A1m M/\xe9\xd0\xe9\xf1\xfe\xb2\xf5\
\xd5\x09\xaf\x22$Y:x\x1f\xaaH\x12\x97\xbd\x07L\
\x07$\x89\x81\x81\x01g\x85\xcb\xeb\x0b2\x89H&%\
\x88\xfe\x8a\x88\x85UW\xb2d\xa7Ru\xca\x88K\xe4\
5H\xa4\x06&\xcc\xfe\xaan\xbf\xd6!QU]\xa0\
\x8f\xa2!\x08\x0b\x1dB\xa1\xcb\xcf\x1bG\xaa\xf1\x84\xd2\
%}\xac\x85}/SSS7\xf9\x8e\x15\x95\x85\xd7\
?DeQ\x91\x1e\x1b\x867FD\xe1\xdd\x92\x19\xef\
\x99\xac\x0f\xf3\xdaK\x07x\x9d\x1b\xbb\xa8w37\x99\
\xcc\xcd\xb4t)\xea\x1f\xa6\xf3,\x84\x07\xe9\x12\xea\xd1\
\xde\xde\xbe\x18\x08\x04\xce\x1bW\x82\x03\xcf\x84iY\x96\
\x9dJ\xa5~\xdb\xd3\xd3S\xc2\x06\xe7U\x0e\x9d\x19\xc8\
`\xfabt\x08\xd6\xa4\xd3\xd85\xabXxy\xac\x1b\
<U<]X\x82c&~K\xd82\xc9S\xf4\x5c\
g\x82\xe0\x85\xc5\xbdjUX\xd1sR\xdb\xcf\xec\xef\
\xef';w\xee\xbc\xa9-d\xf5\xb0\x99\xa3#\xbcv\
1\x1dx\xec\x84\xca~\x97\x11\x17a\xa4AY\x1c\xb7\
\x1f\x99T\xc9\xfe\xc6\x96\x8b\x1d\x0b\xa2\x89\x1c\xbe\xa7R\
)\xc7\xef\xafH*\x93\xbd\x1b\xfa9|`,\xe9\x8e\
U\x04\x10&,\x9eD.\xd2VWW\x1du,\xab\
\x01\xd2\xe9\xdf&aUcA\xa7o\xb3uSAE\
\x96\x22\x98\x0a\x1c\xbc\xb4A\xe8a\x0d\x80\xbc\x0a2\xaa\
\xb0\xe8\xa0B\x16\xc6\xb4\x0cx=]\x22\x91(\x0f\x0c\
\x0c\x9c|\xe3\x8d7\xb6\x06a\x92\xf7\xf7\xa1\xdeki\
iYF5\xa6hu\x81\xd6X\xa6P\xadF\xbd\xa4\
A\xc3\xaa\x19\x1a\xc0\xaa\x96g\xe8c\x92\xbe(?\x94\
2u\x9c\x19\xa8\xcam+\xbc\x91\xe8\xa8\xbdD\xe1d\
\x13\x03\x0b\xfa`\xba\xa8s\xeb\x92\xe6\xe0\xe0 \xd9\xb3\
g\xcf-u\xe4\x11\x00\xbb\xc8\xe0\xe5mR\x0f\xa2\xf1\
\x1ee\x12\x8a\x1b\xc2c\xc9\x8fW\x1e\x95\xc4(+\x0b\
\xaf\x0el\xdd\xd86$5/;0\x9ee\xaaDQ\
{\xd2qP\xfb\xa0\x1a\x7f\xec\xfbL$\x12\x8e\x84\xcb\
\xeb70\x8f\x5c\xbdz\x95\x5c\xbat\xe9\x96<-\x85\
{G\x9d\xef\xba\xd2\xb3(\x0c[\x06\xb7\x04h\x1a\xd6\
kZv\xcd\xe6\x04>\xb4\x01\x90(\xac\x97\xbc\x08\xf5\
\xce\xf1b\x0b\xd9|eZ\x06\xbc\x8d%\x95J\xadZ\
\x96u\x22\x18\x0c^\xd7.\xb0\x04\xbe\x10\xe6\xcb/\xbf\
|\xad\xad\xad\xed\x17\xdd\xdd\xdd%Z\xf5J\x03\x09\x93\
>\x8bh\xda\xe8\xf5\xfa \xd0\x0d\x17\x90%O\xbd\xa8\
Z\xdd\xe9\x922\xaa t\x0ee\xab\xf2\xe5I\x0c\xb2\
\xc9@4\xb9\xaa\xca\xcbK\x17\xe3\xa2k<Kp\x93\
\x08\xaf\x1c\xa2\x898\x1e\x8f;wf\xa2\x01\x11[^\
\xd1\xbb3!-\x1d\xb2a\xdb\x85\xf7\x9b\x88\xc8U\xe5\
5!5:\x7fY9u\xd3\xe2\xc5\xb5\x18\xd7\x81\xc9\
d\x92\xb4\xb7\xb7\x0b\xd5\xb1D\x83(\x11h\xdb j\
\x07\xf6;\x96\x85>\x93\xc7\x120H\x96\xe3\xe3\xe3\x1b\
\xd2\xa5h\xa2\x15\xb5\x89LjV\xb5\x19/\x1d\x9d\xb8\
\xa6\xcfL\xc3\x9a\x8c\x05\x99\xea\x16\x9e\xc1;\x83\xf1\x0c\
\xfd\xa0\x9edI(\xf7\x87\x96\xc0\x1d\xa4\xaa\xbc,\xac\
\xda\xb9\xf0B\xa1\x00sI\xb9\xaf\xaf\xef\xbd`0\xf8\
\xabH$\xc2\xf7\xcao\x08_\x08\xd3\xb6\xed\xd9x<\
\xfeRkkk\x19\x0a\x8c\xec\xceV\xca\xae\xad`x\
/W\xf4]#o\xcfamj\xefR\xa5BR\xa5\
\xa1\x13\xd6\xa2\x8e\x99\xe8\xc6\xd1\xad\xa7\x8a4U*5\
\x15A\xf2\xd2\x85\x0e\x0a\x93\x22\xab\x96\xe5\xd5M\xb5\xd2\
\x87\x89\xb2\xb5\xb5\xd5\xd9\xcf\xa4\xe3\xc9\xdaEDp&\
m\xc6N\xda\xec\xef\xec\xa2C\xf4\x97\x9d\x80U\xa4\xcc\
\xfe/\xaa\xa3*oU|\xb6\x1e<\xb2\xc7\xffa\xb1\
\xd2\xd3\xd3s\xd3\x1d\x96\xb2~!\x22\x1d\xbbv\xe5\x16\
{A\x03\xaf\xdctY \xdfl6\xcb\xbd\x84\x1d\xc6\
\xe6\xe4\xe4\xa4c\x19\xabS\x06\x1d\xe9P7\x0dQz\
,\x01\xeb\xc0\xeb8\x97\xc5\x91-\xdeu\x08\x1c\xb7\xd6\
\xd8c&n\xca\xa2\x02\xedl\xdd\x8f\xf4 <\xccE\
5\xefE\x95D\x22q*\x10\x08\xbc>66f\xde\
\xb0\x1c\xf8B\x98\x87\x0f\x1f\xae\x84B\xa1\xe3\xd9l\xf6\
\xd5\xee\xee\xee\x0a+I\xd2`\x09\x93\xf7r\xddt\x1a\
/@\xb2\x84\x17\xe7\xc5\x9aW\xb7\xe3Z5\x1f\x9d\xbc\
\xeb\xbfx\xe9\xa8~\xe7\xa5O8\x03\xd8\xcd\x84\xc2K\
\x8b\xfd\x8b\xe5\xe2\xdd\x90\xce\xe6\xafC\x9a0\x88\xb6m\
\xdb\xe6L\xdc\xb2:\xb2i\xb1\xed-\xeb[,q\x88\
\x88\x84\xad\xa3\xea\xdd\xf0$&\xb6\x8e\x22\xb2\xe4-0\
t&8\xd5_\x11\x81\xf3\xca\x06c \x9dN;*\
Q^\x99h\xe8Hf\xb0\xd2\x07\xc2\x14\x11*\x9b\x16\
\x8e\xc5\x8e\x8e\x8e[&k\x08?==M\xce\x9f?\
\xbf\xe1\x06OFR\xb2\x05\xa1\x8et\xe9\x96@\xdd\xc2\
\x0f\xb2\x94\xa5\xa3\xd3\x97\xf0\x7f\xde^\xa6\x9b\xb2\xc8\x80\
d)r\x85\xc7\x9b+T\xc0\xa3$\x91H\xa4\xda\xd9\
\xd9y\xde\xb6\xed\xdf\xbc\xfd\xf6\xdb3F\x89H\xe0\x0b\
a\x92\xf77\xe9\x8f\xb6\xb7\xb7\xbf\xd8\xd9\xd9\x19\xc0s\
y\x22+<\xde\xb9,\x918\xee\xf6#\x82\xe8\x19N\
\xf6\xf4\xde\xa5Ig\xa4\x9f\xdb\x8c*A\xb4_\x05d\
)2\xdbw[g\x9e4#\x9a0X\xb0\xe4 \xab\
/K0\xb6\x86\x7fV6\x1e\xefw\x04H\x18{\xf7\
\xee\xbd\x85\x84Y2\xe2\x95\xd5\xe6X\xd0\xb2$\xc1#\
5\xf6\xbb\xc5\xb9\xe5\x84MOT~\xb6|\xbc\xf7$\
*7a\xde\x93h\x8c\x88\xca\xcb\x8b#\xaa+[\x96\
d2\xe9\x18\xfb\xe0$\xa6\xeak\xa20\xa4\xe6\xac`\
yy\xf9\x96~!j3\xfc\x0e\xef\x1c\x08\x93\x9eH\
!\x8d\xabW\xaf\x92S\xa7Nm,\xc6ec^&\
\x09\xd2\xf5\x17\xbd\x13\x91\x14-J\xcf\x8f\xf9l\xb3\xc0\
\xcb\x1b\xf72\xd1\xa6\x83\x1d\xe3^\xcao3\xeaX\xfa\
w6=S\xe39\xe0\x16X\xa4\x01\xd1wvv\xbe\
g\xdb\xf6\xaf\xc6\xc6\xc6\xf8\xd2\x9b\x0b\xf8F\x98_\xfd\
\xeaWW\xaa\xd5\xea\xbb\xc9d\xf2\x9d\xce\xceN\x1b\xc5\
b\xb6!\xe9#\x08~u\x12\xb7/\x0cA\xef]\xb2\
\xcf\xea\xd9\x91\xad\x9aj\xb6^j\x0f\x95t)zf\
\xba\xea\xb6j\x96\xb2*\xc3\x1f\x9d|\xf17\x18\xa4;\
v\xec \xfb\xf7\xef\xbf)\xacHRc\x7f\xe3\x11\xaa\
H\xe2g\xfb\x8f\xcd\x91\xc2T\x93\xaa\x88\xa0\xd8\xb0<\
IV\x96.\x1bV\x96\x0e/_Y\x9b\xb1\xbfC\x9b\
\x03Q\xf5\xf6\xf6\x0aW\xfd\xbaR\x99M\xf9x\x15\xd5\
ET\xc6X,v\x93\xe6\x05\x08rjj\x8a\x5c\xb8\
p\xe1\x963\x9d\xbc\xf6\x90\x91\x9bl\xa1h\x22-\x9a\
\x8c\x19\x1an\xe6\x13/s\x9b[\xd8\xb5\xab\xbfL\xa5\
LUY\xf07\xd4\xb0\xa1;<\xdd\xf8:e\x8eD\
\x22v{{\xfb\xd5\xf5\xf5\xf5\xd7:::&]\x15\
^\x00\xdf\x08\x13\xca\x1b\x0e\x87\xdf\xee\xe8\xe8x\xa1\xb7\
\xb7\xb7\x0ad):\x9a!\xbb\x19}#1\x8f/\xde\
\x84T\xe8\xbdK\xbf\xd3W\x01-\xc4\xfc\xc8\xd7\xe6\xec\
\xa1\xd1\x90M\x0c\xa2g2i\x94\xfe\x1d\xde)\xb6\x1f\
+\xdd\xc9 \x22`R[\x81\xee\xda\xb5\x8b\xdcw\xdf\
}\xc2\xb0&\xe4\xc0#@U\xd9\xd8\xbc\xd8\xf4Yb\
e\xcb(\x223\xb7\x93 /\x1dU{\x8b\xf2b\xdb\
\xa7\xbd\xbd\xdd\xb1R\xe6\x1d\xe5\xd0%J\x1a\xd0\x1f\xe6\
\xe7\xe7\xa5\xef\x88%=\xf8\xa0:\xd6\xaa\xed\x8f/,\
,\x90\xcb\x97/;\xa4\xc9.\x1c\x88\xe1\xb6\x82\xa8\xcc\
\xa6cBT\x1f\xa2\xa9\x85\xd2\x85j\xbc\xfb\x91\x8e(\
,\x1ap\xba\xd9\xcb\x14\x81\x1e\xdbh\x85\xed\xb5\xbc\x84\
\x22K\x90.\xd3\xe9t\xb5\xbf\xbf\xffx \x10\xf8\xe7\
\xd1\xd1QO\xae\xf0X\xf8\xd3\x0a5\xc4b\xb1\x95\xce\
\xce\xceuB\xc8\xb6R\xa94x\xe3\xc6\x8d\x00JQ\
l\xc3\xc0@\xb0j&\xc5:\x03\x9a\x85jp\xe8\x86\
Eo&KKK\xc2#/*5\x8a\x89\x8aB4\
\xd8T\x9erL~\xe7=\xd3\x91fLV\xdal\x1d\
\x93\xc9$\xe9\xea\xea\xdap\xa5&\x9b\xc4M\xde7\xf4\
\x0f\x98@\xbb\xbb\xbb\x1duK>\x9f\xbf\xa5\x8c,\x11\
\xea\xae\xf6i\xf0\xa4Q\x9d8\xba\xe9\x11\x8e\xca\x9b\xfe\
\x0e+\xed\xb6\xb66\xa7\x9e\x08\x90\xda\x81p\x80(x\
\x90\xb5\xa3\xaa]\xd8\xbaF\xa3Q222\xe2\x18\xfb\
\xd0\xab~\x1d\x92\xe4\xf5\xb5\x99\x99\x19r\xf6\xecYg\
\x5c\xf1\xd2\x11I\x800W\xec\xdb\xb7\xcf\xd9G]_\
_'\x13\x13\x13\xe4\xc4\x89\x13\xe4\xda\xb5kZd)\
[\xe0\xe9\xc4\x95\x85\xd7\x0d\xc3\x83\xe9\x1cg\xaa5\x13\
\xa5eJ\xde\xecw\xbc\x18\x1e\xc6\xb5\xe8\x22\x0d\xd3|\
aLCz\xe8 \xc6+\xf1\xdb5\x07\xeb5\xaf>\
\x95\xe1\xe1\xe1\x13\xa9T\xea\xbb\xaf\xbe\xfa\xea\xaf''\
']\xdfL\xc2\x83\x9f\x12&\x19\x1b\x1b\xb3+\x95\xca\
\x1b\x99L\xe6\x07\x03\x03\x03\xf30\x89\xc2*\x13\xadf\
\x11v\xed(\x02\xac\x08d\xae\xe7d0\x91 Ea\
\xe1\xc5\xc1D\x01\xe5\xc3\xfb.\xeb\x0d^Y\xa0\xe3\xc0\
j\xcb$\x8eN>\xaczJ4\xa9\x88V\xda\xa2\x0f\
\xfb\x9cp$L\xde_6?\xd1d\xc4\xfe\x8eN\xda\
\x1fy\xe4\x11\xf2\xa1\x0f}\xe8\x16\xebM\x93\xfb\xf3D\
\xaaM\xb6\x0c\xc4@\x1a\xd4Y\xb8\xf0\x08\x99\x95N\x89\
D\xa5\xc8\xab\x03/]U\xb9D\x8b\x82\xbe\xbe>G\
\xba\xa4\xcf\xc3\xc9\xca%{\x06cizz\xda!z\
Q\x9f\x11\xa5\xd5\xdb\xdbK:;;\x1d\xb2<\x7f\xfe\
<9|\xf8\xb0C\xbe\xb22\xc8\xdaK\x15^66\
dc\x84\x17\xcf\x14\xaa\x05\x8f\x1fi\xc9\xd2\xd1\x99W\
d.\xf3\xdc\x0a:8\xdf\xe1\xb8\xe5-\xb8t\xd3\xc5\
\xdf\xa0\x8c0\x07uuu-\xb7\xb7\xb7\xff\xb2X,\
\xfe\xe3\x91#G|\x9f\xd4}%L\xc0\xb3\xcf>[\
\x8aD\x22o\xe4r\xb9\x7f\xec\xef\xef/\xc2\xe0\x11\xb9\
\xccC\xef?2\xc9\xcc\xeb*K&\x05\xe2\xed\xde\xd0\
\xd8:\x87\xc3u\xf2s[v\xd5m&^W\x8f\xb2\
U4\xd1\xd8\xffR\xad\xcc\xd1\xdb\x0fMH\xa2\x09\x87\
\x85\xa8L,\xa0\x8dv\xec\xd8A>\xf8\xc1\x0f\xde\xb2\
\xc0\xe0\x95\x93\xd7>\x16#\xe5\xb1\xeaT\xde\xef\x22\xc8\
\x08\x95\xa7:\x15\xc5\xa1\xfb\x17o\x22\x17i5\xd8\xbf\
2\xad\x87\xac\x0c0\x0e\xe8k\xd6\xd8\xf6\xd2i\x07\xfc\
\xe09I\xda\x91>\xaf\x9e\xbc1\x05ReWW\x97\
\xd3\x8fN\x9d:\xe5H\x96x\xbe\x97.\x8f\xac\x0cl\
\xd9\xd98\xaa\xc5\x1c\xaf\xbdd\xf1\x89b\xd1B\x5c\x8c\
]Yz\xbcyI\xc7\xa1\x85\x972\x01\x11\xc1<\x8d\
\x06@\xb2r\xaa\xcaM\xabbE\xe57\x05\x08^\xf9\
|\x9ed\xb3\xd9\xf2\xd0\xd0\xd0\xb1@ \xf0\xf3\x83\x07\
\x0f.\x18'\xa4\x01\xdf\x09\x93\xbcO\x84\x17C\xa1\xd0\
K\xd9lv!\x93\xc9l\xecY\xf2\x1a\x83}\xa6\xea\
|:\xd0\x8d\x0f\x13\xb0\xc8\xd0\xc7\xa4Cy%M\x8b\
rd \x93\x96\xdc\x90&\x9b\x0fq\xa1V\xd2\x89\x87\
\x84\xc9:|\xe0MP\xa2tDR\x0b\x0dh\xa3\xa1\
\xa1!\xc7Y{GG\xc7-y\x89&2\xd9dj\
\x0b\xf6\x22YR\xe3\xfd\xe5\xc1k\xffu\x0b\xb7e\x83\
vT\xb5\xa5.\xd0\xe1\xf5\xc2\x02\x7f\xbe\x92\xbdo\x98\
+@\xba\xbc~\xfd:9s\xe6\x8c6Y\x8a\xd2c\
\xe3\xa8\xc8R\xa7\x8c\xbc4\xfd\xee\x0b&q\xdc\xa6\xaf\
+\xd5!\xf0b\x0dzQ/[\x90\xf2\x80\xf3\x9c\xea\
V\x12]\xe0\x98E-e&\x93\xc9\x87B\xa1\xb7\xab\
\xd5\xea\xdb\x96e\xd5e\x10\xd6\x850Q\xca\xec\xec\xec\
|\x0e\xa4L\xbc\xd2\x8a\xb7zC\xabY\x99\x85\xa5[\
\xa2\x92\xad\xb4\xf0\xe5\xc9\x0c}D\x93\xac\x9b\xb2\xa8\xc2\
Z\x02\x97y:\xf9\xa8:\x9d\xc9D\xa23\x89\xf0\x9e\
\xd1\xfedy\xcfY\xf2\xe1\xa5#\xfa\x9d-+\xact\
\x07\x07\x07\xc9\xfd\xf7\xdf\xef\xfc\xe5\x85\xe7M\x8e2\x02\
d\xc3\x88$A\x11\xd1\x12\x81D\x22B=H\xd5d\
\xf1\x83e\x00\x82\xda\xbf\x7f\xffMn\xf0\xdc\x10%\xa6\
777\xe7H\x97\xbc\x85\x93\xa8|V\xcd\xe0h\xc7\
\x8e\x1dN<\x90.i{\x02Q\x99x\xe5\x15\xe5\xc3\
\xcb\x93\x07Y\x19yi\xba!K\xb7\x04\xebW\x9f\x11\
\x8d\x05Y\xbe(e\xa2\xf7%7\x92+\xed\xd5\xc7\x14\
\xa2\xfc\xd6\xd6\xd6\x1c\xcbi\x90.\x07\x07\x07\x8f\x05\x83\
\xc1\x17:::n\xf5\xc8\xef\x13<\xdd\x87)\x03%\
e~6\x93\xc9t\x15\x0a\x05G\x92\xc4\x03\xd1LX\
\xa7\xe2\xc9dr\xe3e\xea\xae,\xddv\x22xq(\
\x11\xc9\x06\x8fm`P\x22\x9b\xf0\xd9g\xbc:\xe2A\
^\x95\xcf]7+D^\x18\x8bs\xc7%\xfb?\x1b\
\x97%\x18\xfc\x8d\xbe\xe2K\x87\xc0m\x83\xfb:\x09\xa7\
\x0f\xc0\xc2\x22\x97\xcb9\xc6\x03\xd0o\xde{\xef=i\
;\xc8$M6O\xf6\xbb\xac\x5c\xbc\xb8\xbaP\x11,\
\xdb_L jC\xba\xbcmmm\x8e\x15rkk\
\xabp\xf2\xd7\x99\xdc0\x0cL\xaa\xb3\xb3\xb3Z^x\
\xe8\xef\xf0.\xbb\xbb\xbb\x9d\xbf\xef\xbc\xf3\xceM\x96\xb5\
\xec{\x90\x95I\xb50\xa4\xc1\x1bC\x22\x09\x94\xf7\x1e\
,\xe6\x8eU]\xf8E\x96\xb2\xb9H\x87\x00uA\xf7\
k\x9c\xa3\xdd\x90%-]\xaa\xc2\xea\xfe\x8eg\xfa\xad\
\xf7\xf7W\xf3\x96e\xbd\x15\x0c\x06\xdf\x1e\x1d\x1d\xf5\xd5\
\xd0\x87F]$LR\x932c\xb1\xd8\x1b\xb9\x5c\xee\
\xb9\x81\x81\x81\x12\x90\x13{_&6\x04\xfc\x86\x07e\
E+{?@\xbf<$LY\xfan\xa49Q\x1c\
\x91DE\xc3\xa2\xee\xcc\xf4\x136\xc7\xb8\x84\xce\x93\xfe\
\xdfd\x85M?\xc3\xfd_\xb4\xb0\xd4\x9d\xdcx\x12\x82\
\xaa.\x18\x06\x06_KK\x8b#!\x0d\x0d\x0d\xdd\x94\
\x1e\xaf\xfc\xb2w \x92\x16ea\xd8\xf2\xea,\x16x\
i\x89\xb4 l\x1c\xf6\x7f\x9d|Dyg\xb3Y\x87\
,\xbb\xba\xban\xf1i\xac+i\xd2ax\xd2\xa5L\
2\xa4\x91J\xa5\x9c\x05\xe2\xf1\xe3\xc7\x1d\xb7w6\xe7\
x\x94n\xbf\xd4\xe9{\xec3^\x1cU\x7fw3'\
\xf9)=\xd6\xa3\x0c\xaa\xb0\xb0 F\xe23M\xd7\x8b\
t)\x02\xcc\xdf\xb8w9<<|4\x16\x8b\xbd\xf0\
\xd4SO\xd5M\xba$\xf5$L\xf2\xbe\xb8|)\x14\
\x0a\xfd\xb6\xa5\xa5e.\x93\xc98\x84)\xb2\x8aEB\
\x15\xad\xbaE\x13\x8c\x9bN\x83\xf7\xbd\xd1\x96\xb1^:\
\x12\xef\xb9\xdb\x0f\x10\x0e\xaaf\xfd\x1c`DS\xe5I\
\x0c\xd5Rt\xda\xac\xb4n28x\x13\xa4\x88\xf8\xe8\
\x09\x15\xda+\x16\x8b9G\x22`\xf2\xe7\xa5\xa9S&\
\x9d\xbaZ\x0au\xac%\xd8\x97\xe1I\xae\xa6\x13\x07\xbd\
\xe81\x91\x04y\x0b\x00\x90\x12\xb6m\xdb\xe6\xf8\xeb\xa5\
\x17g\xba$\xc9\xcb\x0f\xc6\xee\xcc\xcc\x8c\xe3\xac\xc0R\
X\xd4\xb2\xe9---9N\x09\x80pyR\x9b\x09\
Y\xaa\xdaCVG]\xa2m4Y\xfa!\x8d\xe9\xe4\
\xa3\x93g\xcdG\xabQ\xba\x16e\xa3\xe1\x17a\xa2\x90\
\x05\xe3?\x93\xc9\x80ty\xc4\xb6\xed\xb7\xea\xb5w\x89\
\xa8+a\x82\x94\x19\x0e\x87\x0fwuu\xbd\xd0\xdf\xdf\
_\xc4J\x8aV\xef\xf0\x8c\xb6\xa8\xf5\xe3\xc3\xc2\xa2\x1c\
\x15\xe8\x1e%q#i\xf2\xc2\x8b\xd2\xe1\x91&z\x00\
\xf2\xab\xdet~\xbc\xc5\x08['\x95\x04\xc8JVx\
c\x09/}\x9d\xc9\x9c%\x1f\xd5;\xa4\xff\x87Ok\
k+\xf9\xf0\x87?\xecH\x9b\xbc\x81\xc9J\x11l\xbd\
d$\xa7\xdbN\xa2\xb0,I\x8a\xda\x96W\x06z\x01\
\xa9Z\xb0\xf0\xfe\xb2\xe5\x83\xc9n\xf7\xee\xdd\xce~!\
Z=\xea\x10%\x9b\x16\x9b\xf7\xd4\xd4\x94s\x0cD\xb4\
\xe0\x95\xd5\x11\xfa\x0e\x8cE\xda?,a\xde\x93J\x22\
d\xdb\x8b\xed;\xa2\xc5\x97\xa8/\x88\xfa\x9djl\xf9\
9Vy\xed%\xfa\xcd-L\xcb\x8a\xd6\xb2&\x8e\x0c\
\xd0\x05(\xbd\xa0\xf4\xd2>\xf8\xfb\xea\xea*\xee]\xbe\
\x1d\x0e\x87_8p\xe0\xc0\xa2o\x0d#@]\x09\x93\
\xbco\x81w)\x1c\x0e\xbf\x94\xcdf7\xa4L\xd1\xe4\
D\xdfza\xd2)t:\x1e\x02/\x88Vy\x1a\xe2\
\xe5A\xa3\x9e*\x11\xab\xa62\xd6Qa\x88\xd23!\
M\xd9\x0a^%i\xb1\xcf\x90\xe4uH\x93'm\xf1\
\xe2\xaa`\xd7\x8e\x08e\xb3Y\xe7\xd0\xfb\xc7?\xfeq\
\xc7\x98E4I\xf2\xea(\xcb\x93\xf7\xee\xe9g\xb6@\
\xe5mk\xf8\x93\xe5M\xea\xbc\x89\x9c\x8d'\xfak\x09\
.\xd6&\xb5\x04\xfa\x95c\x00\x00PMIDAT\
c\x1b;w\xeet\xaeO\x93yY1i\x1fH\x7f\
aa\xc1q,\x80\xfbI*\x09\x8d\x97\xae\xce\xc2L\
%\xad\xf2\xd2\xe7\xa5!J\x9f\x97\x0e\xfd\xdd\xedxw\
Kp~\x91\xa5\x9b9B\x04\x98\x9b\xe1\xa3\xe3.\x0f\
\xd3\xa7\x09S4\xbeM\xca\x82\x06\x86\xf0\xc9f\xb3\xcb\
 ].,,\x1c\xad\xb7tI\x1aA\x98\xa3\xa3\xa3\
\xc5H$\xf2zgg\xe7\x0b\x83\x83\x83%\xbc\x09[\
\xb4a\x0e+M\xfa\xc6\x10S\xe2\x94\xfdf)\xdc\xe0\
\xe9\xac\xf6\xf0\x83\xe5w\xb3r\xd4%M\x95\xd5\xac\x97\
\x95\xa6\x884Eea\xc3\xf0~CIAF\xc0\xa2\
\xb4u\xca!+\x9fU3\x9a\x02\x22\xe8\xed\xed%\x1f\
\xf9\xc8G\x1c5-\x1e\xc4\xe7M\xbc\xba\xe4i1\xaa\
V\x13\xe9C\x16\xd6\xa4\xaet\x19XRd\xcb\xc6\x92\
\x06\xfc\xd6\xde\xde\xee\x1c\xc5Q\x91\xa5H\xea\x12\x85\x85\
w>==M\xae\x5c\xb9\xa2\x0c\xab\xdb/DR\xa5\
N\x1c\xf6\x99\x17\xb2\xb4\x04\xda\x03\x1e\xfc\x94\xfa\xdc\xe6\
a2\xe7\xb8\x9d\x9fp\x8c\xa3\xbb<U\x99\x02\x81\xc0\
M\x0b\x7f^[\x9a\xce\xf1\xa8\xa9\x0c\x85BU\x94.\
\x7f\xf0\x83\x1f\xd4]\xba$\x8d L\xc0=\xf7\xdcs\
)\x14\x0a\xfd:\x95JM\x86\xc3a\xa9\xf3u\xbb\xa6\
\x9a\xa5\xcff\x9a\xa80x\xc08\xb4\x93u\xe2\xc3\x0a\
\xce\x84`u\xd4\x0elzh5+\xbb\xf9\x5cV\x16\
\x1d\xe2\x96\xad\xe0\xd94Di\xc9&Y\x1d\xa9\x80\x0d\
'\x9b\x5cy\xf5e\xdb\x12\xefS\xdc\xbbw/y\xe8\
\xa1\x87\x1c/6:eW\xd5I\xb62\x16I\xa1\xbc\
\xb8\x22\xb2\x93\xc1\x16\xa8Xe\x93;\xb6G\x7f\x7f?\
\xf9\xbd\xdf\xfb=g!\x11\x8f\xc7\x85\xe4c\xbaX\x81\
\xc9\x13\x9d\xa2\xcb\x0c\xe8D\xfd\x83\xf7\xcee\xef\x9b}\
\xe7l\xf9\xd9\xba\x88\xfa\x9dH\xc2g\xe3\x13\x03\xb2\xe4\
\x8d\x1bU\x1c\xd1G\xe4@E\x95\x9e.d\x8b5\x95\
4j\xd7T\xa1\xf4\x05\xd3\xb29\x0d\xe6.\xdaH\xc8\
\x94\xb8ym\x83^\xe2b\xb1\xd8\xaam\xdb\xaf\xc6\xe3\
\xf1\xb7 \xb8v\x03x\x80\xaf\xbedEx\xe1\x85\x17\
\xaa\x7f\xf8\x87\x7fx-\x1c\x0e\xaf///\x7fbn\
n.\x02\x95\xc6\x83\xfal\xc7\xb6k\xfb\x1a(5\xe8\
\xaaMD\xbf\x91\xda\x81\xf7D\x22\xe1\xa4\x8b\xfeHE\
\x90\xbdD\x93\xb2\xa8\xc0\x934,\x8eQ\x0b|\xa0\xdc\
\xb2#0\xa2\xf4\xdc\x94Og\xb5\xce\x86#5\x95_\
gg\xe7-V\x97\xbctd\xed\xc8#\x07\x99\xd4\xc7\
K\xdb\xaa\x19\x1a\xb4\xb4\xb48\xc6-\xdb\xb6ms\xca\
\x87\x0b&\x91q\x89\xa8l2be\xe1fQg\xd5\
\xce\x22\x02\xb9\xd3\x92\xe1\xdc\xdc\x9c\xa3\xeet\x83\xae\xae\
.G\xd2\xde\xb7o\x9f3\xb9\xb1n\xeft\x16&\x22\
@\xfb\xa1\x9fW4\xf4!\x0a\x95+]W\x99\x14(\
k\x7f\xde\xffl:\xaa\xf4T\x04\xab\xdb\x16\xa2E\xaa\
,\xbe\x8a\xacL\xdf\x83WM\x96\x9b\xb0\xe8P\x02\x16\
_v\xcd\x10\x88\x07\x8b\xf2\xd5m\x02Q\xbb\xa2*\x16\
\xe6\xef\xf5\xf5u\xb2{\xf7\xee#\xe9t\xfa?\x1e8\
p`\xda(\x03\x0fh\x08a\x02^y\xe5\x95\xd5\xfb\
\xef\xbf\xfft:\x9d~\xe8\xfc\xf9\xf3\xc3x\xce\x10\xad\
\xf4\xd8\xcej\xd7\x1c\xea\xf2H\x15\xa1K^\xf0\x1d&\
\x0cHkqQ_rwC\x82n\xd2Q\x0dh\xfa\
\xe6\x06\x15i\x8a\xf2\xd3\xa9\x8bl\xf2\x10MX6\xb3\
G\xd6\xd3\xd3\xe3\xb43+E\xd1P\x0dN\xd1d\xab\
*\x9f\xa8\x9c\xe8\xec\xb9\xa3\xa3\xc3\x91\xb62\x99\x8c3\
\xe8D\x17\x1b{\x85\x9b4\xa1\x8f\x03a\x82\x14\x88p\
K\x98P\xd7\x91\x91\x11\x87,\xdb\xda\xda\xa4\x8bN\x93\
r\xd3\xef\x05\xc6\xd1+\xaf\xbc\xb2q\xdd\x96%\xd8\x7f\
\xe5}T\xf9\xf2H\x97\xd7't\x16T:\xe9\xe9\x96\
\x93\x86[\x15\xachL\xc8\x9e\xf9E\x8an\xc2\xf3\xe2\
X5\x83I\xe8W0\xaf\xd2\xc7\x05\xe9\xb0@\x94\xf4\
\xd9z/@>(\x14\x0aN\x9f\x83\xc5\xe0\xee\xdd\xbb\
\xbf\xf4\xf4\xd3O\xff\xc2S\xc2\x86h\x88J\x16\xf1\x9d\
\xef|\xe7F\x22\x91xe``\xa0l\xd7,\xaeD\
.\xf3\x08e:L<\xae\x96d\xf7]\xfa\x05\xb7\xea\
bQZ4,\xcaa\xb1n\xe7\xe3\xa9>L\xd5:\
\xb2U<\xef;zt\x12\xc5\x15\xa5!\x03[_/\
\x92\x8aU;\xe7\x0a\xa4\xf9\xc8#\x8f8\x1f xz\
\x9fS4\xb9\xb2\xe9\x88&\xf1\xcd\x04\xf4\x8f={\xf6\
\x90G\x1f}\xd4\xb1\x84U\xad\xece\x84C\x87a\x9f\
\xc3\xc2\xed\xf2\xe5\xcb\xce\xf8\x15\xb5\x19/\x1fY\xba\xb2\
\xb6\x14\xbdW\xd9\xbb\xe1\xd5QV\x7f\x16&[\x19:\
qt\xd3\xad'\xfc KB\xcd%\xb0\xe0\xa4\xef\xcb\
\xa4\xc3\xc2\x98\xa2-c\xbd\xc0\xa6\xac\xf0\xa1\xcf\xa5\xd3\
\xe9j__\xdf\xa9j\xb5\xfaf\xa3T\xb1\x88\x86\x12\
\xa6eYv(\x14\xfa\x97\x9e\x9e\x9e24&\xed\xcc\
@\xb4\x9f\xc3\x1eC\xa1\xa1\xa3\xff\xb6\x18C\x1f\x91\xae\
\xdd4}\x13\xb8\xd9\x7f`\xcb\x88\xf5\xd0qj\xe0\xb5\
\xdc\xaa\x09G$\xd5\xb1\xfb\x15tx\x19\xe9\xe8\x94G\
\x16NW2B@\x19a\x90\x834\xf7\xb1\x8f}\x8c\
\xfc\xfe\xef\xff\xfe\xc61\x0bQ\xd9T\xe5\x95I1\xba\
p\x1b\x0f\xca\x0d\xe5\x7f\xf8\xe1\x87\x9dc5 I\x8b\
n\xbf\xd1!yY\xfe0V\x97\x96\x96n\xbar\xcc\
\xf4\xfd\xaa\x08\x95G\x88\xb2\xc5\x11\xef7\x15\xf9\x8a\x9e\
\xa9\x16\xa4&\xfb\xce\xa2\xb8&\xcf\x1a\xa1r5\xc9\x9b\
\xfe\x0d\xa4L\x98\x9fy\xc7LhG\x05^\xcb\x89\xaa\
X\xdc;\xcdf\xb3\xe5\xf6\xf6\xf6#\x87\x0f\x1f>\xa5\
\x9d\xb0Oh\x98J\x16\x11\x0e\x87\x8bCCC\xbb\xcb\
\xe5\xf2\xce\xb9\xb9\xb9 \x8a\xf2\xa2\xd50\x92\x85\xec\xd0\
\xablr\xc1\xe3\x19\xd0\xd8\xb4\xae\xdd/i\x807\xd8\
\xdd\xec#\xea\x94\x07\x1d\xb3\xa3\x0b:\x1d\xa2p\xb3/\
\x82\x10I\x9cD0\xe1$\x12\x09\xc7]\x1d\xfc\xd5\xad\
\xbf\x9b\xd5\xba\xc9\x00\xb4(\xd51;\x89\xa2\x93\x88x\
<\xee\xa8CA\xf2\xec\xea\xear\x9e\xe1\xf1&\xde\xc4\
+\x22E\x1d)M\xf6\xe1\xa9d\xe7\xe7\xe7\x1d\xef7\
\xbc\xf0\xe9t\xda1l\xba\xe7\x9e{\x9c\xbd\xcfl6\
\xbb\xb18\xa4\xafN2%{\xf6w\xba< U\x5c\
\xbcx\x91k\x15\xab[\x7f\xf6wQYD\x90\x11\xa1\
\xe8\x7f\x9d\xf7D<\x10\xa1j\x8c5\x8a,\xddl\x81\
\x88\xd2\xd1\x997 \x1c\xcc\xcd@\x90\xd07H\x8d,\
aL\xf1l\x19L\xcb\x89.7\xd1\x10\xb4\xa5\xa5\xa5\
\xbck\xd7\xae\xb7\x13\x89\xc4w\x03\x81\xc0\xd1\x93'O\
\x1a\xd7\xcd\x0b\xea\xe6KV\x04\xcb\xb2\xae\xc7\xe3\xf1\x9f\
wtt|brr2\x87\x1b\xb8\xd8\xc8\x16\xc7\x87\
'>\x17\x89\xf82\x82\xc28\xec\xb9K\x93\x0eA\x0c\
\x08\xd6\xed\xa6\xbeny\xb0s\xa2\xe4\xed\xf7\xe0'L\
\x9dE\xa4is\x0e\xe4\xa3U/\x1d\xd6f,\x1b\xd9\
\xdf\xd8I\x8cmoY\x1cY9Y\x88&f\xbbv\
\x86\x13H\x1e>xc\x06\x0c\xd2\x85\x85\x05\x87\x18&\
&&6\xac@y$\xc2\xab\x87\xa8Mu\xcb'\xfa\
\x0d$G(\xdf\xe0\xe0\xa0#I\x021\xe2\xb8QI\
n\xa2g\xaa~\x84\xcf\xa0\x0d\xa0=N\x9f>-T\
\x93\x9b\xe6\xcd~\xd7\x8d\xa7Z\xbc\xe9\xfcO\xff\xe6u\
K\xc5\xed\x02\xcfo\xc9\xd2T\xa2\xf3\x9a\x0e\x8c\x13<\
f\x02\xf3\x12^8M\x9f\xbb4)?\x1b\xaeR\xa9\
8\x1f$\xe3\xd6\xd6\xd6\x95x<\xfe;B\xc8\xcb\x87\
\x0e\x1dj\xa8:\x96l\x06a\xbe\xfe\xfa\xeb\xe5\x8f~\
\xf4\xa3\xbf\xe9\xe9\xe9\xf9\x87B\xa1\xf0?\x1e?~<\
\x8c\xf7b\xb2\xa2=\x0edt\xce\x0e\xcfDw\xf6\xf1\
^\x02\xee]\xf2\xf6IM\xa5/\x13\xb2S\x85u\x03\
zR\x80\xceI;:\xd7Y\xdd\xba\x952\x89\x848\
Y2\xe3\x19g\xb1\x0b Qzl=u\xc8\x90\x0d\
kR\x1f\xc2\xb4\x0b\xe6\x83\x0b\x12R\xf3q\x0a\xe44\
22\xe2\x9c5\x9c\x99\x99q$\xbeB\xa1pKZ\
4x\xe5Q\xb5\xbfH\x0aDi\x11=\xf4\x80\x04\x8a\
\xee\x00\xe9\x8b\xb4u\xea\xcb\x96QF\xf2l\x7f\x06\x8c\
\x8f\x8f;\xfe^E\x8b\x07\x1d\xc2\xf6\x22Q\xea\xfco\
B\xc6^\xc9e+I\x96\xbc\xe7~j\x97d\x9a \
\x98_a\xdc@\x1f\x85\xb1\x81\x97C{\x95v\xed\x9a\
\xa1\x0f\xcc\xfd  \xb4\xb5\xb5U\xb6o\xdf~$\x14\
\x0a\x1d\xcaf\xb33\xae*\xe6\x11\x0d'L\xf2\xaf>\
f\xff%\x9b\xcd\xfe~GG\xc7\x8e\xd9\xd9Y\x0b\x08\
\x13\x1a;\x9dNs;?<\x87\x97\x80VW4x\
/\x13\x0f\xcc\x02Dw^\xca$(]\xc8:\xbd\xdb\
\xb4T\x930n\xa8C\x9b\xc8\xca\x80PM\x0c*r\
\xe7\xb5\x15oE\x8e\x87\x9aEm+\xca\x93\xf7nd\
ae\x12'/_[\xc3\xcf+\x9b\x1fJ\x9e \xbd\
A?\x82~944\xb4q\x0elvv\xd6\xf9\xc0\
`\x86~\x0b\x1f|\x1f~\x01\xfa0\xe4\x89\x92$\xf4\
}\xdc\xba0\xe9[\xba\x13\xb3\xe8\x9d\xc0\xa4u\xe9\xd2\
%\x87,i\xc7\x14\xa2\xb8&\x12\xa7\xec}\x12C\x22\
\x94\x8d\x1bv\x81,\xeb\x7f\xbc\xf8\xa2g^\xb58\xa6\
\xf9\x99\xa6\xe9'a\x8b\xd2G\x95)\x8c\x15<.\xa8\
[f\x11\xd0\xe0\x13%XH\xb3\xbd\xbd\x1dH\xf2\xb7\
\xeb\xeb\xebG\xeby#\x89\x0c\x9bB\x98\xcf>\xfbl\
\xe9O\xfe\xe4O@\xca\xfcI\xa1P\xf8_fff\
,h \xbco\x8d\xb6\x06\xa5':\x98\x9c`\xe2\xe0\
]\x11\xc6\x12\x14\xed\x02\xcf\x84\xd4\xfcP\x9bz\x85\x8e\
\x8a\x0c\x8d\xa6d\xd7\x80\xb1\xe9\xc9V\x89\xaa\xfc\xd8\x89\
\x8d7\xe1\xb8\xb1\x8cSM\x98\x84\x19t*\x89\x93\x17\
\x96\x9d\x5cu&\x1e:\x0e\x9e\x85\xa5\xef\x02\x84\xd5t\
\x7f\x7f\xff\x86\x0fT\x5cQ\xdf\xb8qc\xe3\x5c\x22\xba\
\xefB\xb5\x12\xee\xa1C\xbfD\x03)\xf8\xdb\xda\xda\xea\
\xf4i e\xb6\x0c0\x16h\x03\x1e?\xfb\x1fo\x8c\
\xf1\xda\xfe\xea\xd5\xab\x0eY\xa2U\xac\xa8,:\x12\xa6\
\xec\x99\xae\x1aU\x97,eau&r?\x17\xc3:\
\xf0\x9b,ea\xfd\xd0\x80\xd1\x0bj\x98\x9b\xa1\x0f\xb7\
\xb5\xb5I\x1d\xc3\xa8\xd2\x22\x94*\x16\xad\xee\xa1\xdfu\
uu\xd9 ]\xda\xb6\xfd\xb7\xcf<\xf3\xcc\x92v\xc2\
>cS\x08\x93\xbc\x7f\xa8zvjj\xeaW\xe9t\
\xfa\x91\x9e\x9e\x9e\x8fMMM\x85P\xf5\x0a\x93.\xed\
\xdd\x06_.\x92\xaahb\xb6)\xc3\x0e\x5c\x89\x9b\xfa\
\x8ce\xf34\x89\xe3\x06n\xc8\xd9\xa2\xae\x01\x93-\x08\
L\xca\xa73\x88x\xa4\xc9\x921\x1a\x9b\xf0\x9e\x8b\xea\
B\x14\xeaU\x19\xa1\xea\x10\xb9*\xbe\xa8L\xb2\xdfp\
{\x80\x95\xf8@\x0a\xec\xe9\xe9\xd9\xf0\xd6B{lA\
\x037<\xc6\x02m\x85\xe9X\x06\xc7!\xbc\x80\xd7v\
\xb2z\x8f\x8f\x8f\x93\xb7\xdez\xeb&\xe9Y\x15G\xf6\
;\xef\x99\xe8\xbb\xaezUU\x06\xd9\x02\xcc-\xbc\xa4\
\xe1UU\xe9Gz~\x97\x01\x08\x0e\xe2\xc3\x9c\x04}\
Eg!/\xca\x17\xa5V\xf8\x00iF\xa3\xd1jG\
G\xc7\xe9r\xb9\xfc|.\x97\xbb@\x1a|\x94\x84F\
\xc3\xadd\x11ccc\xf6\x83\x0f>8\x17\x0e\x87\x93\
\x84\x90G\xe6\xe7\xe7\xc3\xf4\x85\xce4!\xd2\x1d\x1e'\
\x1dX\x9d\x8b\x06\x0a\xbc4X\x95\xc3J\x07W\xf5\xa6\
\x03XD n&\xb0z\xacFirb=m\xe8\
J\x8b\xa2\xe7:y\xb3\xef\x06\xfe\xe2\x9e\x1fm\xf1,\
\x22K\xbfV\xcc\x22\xb2d\xcb\xa9\xaa\x8b\x8c\xa0d\x13\
:\x1b\xd7\xa2\x8e\xd7\xe0\x95F\xe8\x13\x18-\xb6\xe1\x7f\
\xf8\x1d\xdd\x1e\x9a\xdc\x18\xa2\x0b\xb6L\xb2z\xf0~\x83\
6\xbdt\xe9\x129r\xe4\xc8\x86\x1aVUFY\x9f\
\x12\xc5\xd7%KU\x187\xe9\xc8\xe0\x96P\x1aMT\
~\xa5\xe7UE\x8c\xd6\xe6\xa8\xd9c\xafq\xd4M\xdf\
\xae\xb9F\xa5\x09\xb3\xa7\xa7g}hh\xe8W\x91H\
\xe4\xff\xfa\xd2\x97\xbe4gX5_\xb1i\x84\x098\
|\xf8\xf0\xfa\x1f\xfc\xc1\x1f\x5c\x8cD\x22\x85X,v\
\xcf\xe2\xe2b\xb2X,Z\xb8Z\xa1I\x91\xee\xf8(\
\xae\xe3\x0a\x9d\x06LB\xb0\xcaG\xaf\x10,\xdc\x0cx\
\x1a&\x13\xb9\x9b\xf4M\xd3\xa3\xbd\x00\xb9\xc9O\x94\xae\
\x89\x94\x8d\xe12\x99\x8cc\x94\xc2\x1e\x01\x12M\x94~\
\x91\x84\xc5\x9c\x9f\x13\xd5I\x87\x18m\xce\xe5\xc5\xa2<\
yq\xd9\xbcx\xe4\xeaG\xbdu\xd2\xd5\x91\xc2X\xc0\
$5;;K\x8e\x1d;FN\x9d:\xa5\x94\x14d\
D(joY\xdb\xc8\xca*K\xcf$\x0c\x0f2M\
\x88\xee\x987U\xa9\xfaM\x94n\xca\xe0&,\xfb\x0c\
\x16\x81\xb4m\x09\x08+v\xcd`\xc74O\xdc\x0fE\
)\xb5\xb7\xb7wa\xe7\xce\x9d\x7f\x1f\x08\x04\xbe\xfa\xda\
k\xaf\x9d\x9d\x9c\x9c\xdc4\xe9\x92l6a\x02^}\
\xf5\xd5\xfc\x87?\xfc\xe1\xf7\xda\xda\xda\xacp8\xfc\xf0\
\xf4\xf4t\x00\x09\x91\xd4^\x06\xaf\xb3\xb3\xa4\x89a@\
\xca\x81\xef2\x17x^\xa4+/\xe1\xbd\xa6\xc7{\x0e\
\xf5\x87\x85\x05\xfa\x9be;\xa8[\xd2\xd4\x8dK\x87m\
mmu\xce\x03\xe2\x22\x86'\x85\xea\x90\x19\x1bVV\
\x0e\x95\xcaW7\x0c\x9d/\xaf\x5c\xba\x04\xa5\xaa\x9f_\
\x1fY\xbb\xe8\x94\x97\xf7\xdb\xc2\xc2\x029y\xf2\xa4\xb3\
_\x09\xff\x8b\xd4\xd5\xb2\x0f--\xcb\xca.js\xd5\
;0m#\xaf\xd8,\xb2\xf4\x8b\xf8\xfcN\x8f\x0d\x0b\
\x12%\xfah&5\x031\xb43\xa1]\xe6\xe9\x00\x9d\
\x13\xe0\xbd\xc8]]]\x95\x91\x91\x91_\x04\x83\xc1/\
\xe4r\xb9\xf7~\xfc\xe3\x1fo\x8a\xa1\x0f\x8d\x86z\xfa\
\x11\xa1\xa7\xa7g>\x18\x0c\xbe\xd8\xd5\xd5\xf5\xb3\xed\xdb\
\xb7\xaf\xe3~\x0f\xebl\x80\x05\x9a\x1c\xd3\x12)H7\
*\x17x\xb6\xe4\xb6\x10\xd13Q:\xa6\x90\xed\xe5\xe9\
\x0c\x22\xde\xc7\xa2\xbc\x00\xb1\x13\x85\xaa\x0e\xaaz\x98\xaa\
F\xd9\x01\xc2\xab\x97l\xd2\xe7\x91\x10QH2\xbcx\
\xa20^\xc0\x8bOK\xa4\xbcz\xf9\xbd\xa8R\x95\x8d\
-\x8b\xee\x1em\xa1P o\xbe\xf9\xa6\xa3\x86\xc5\xc5\
*/=\xf6wY\xba*\x92T-\x92D\xefV\x96\
\x9e)d\xe3Cw\xdclUr\xf3\x12G\x07\xb00\
\xc6K\xc8\x09\xd5\x96(\x1d\xf2\x8c3eeD\x039\
\xf4\xe6\xb3}\xfb\xf6\xb7,\xcb\xfa\xb1eY\x177\xcb\
*\x96\xc5\xa6K\x98\xa4\xb6\x9f\xf9\xe8\xa3\x8f.\x94\xcb\
\xe5\x90m\xdb\x1f\xce\xe7\xf3\xe9\xb5\xb55\x0b\x1a\x11\xbd\
\xb1\x10\xc1@\xc1\x09\x1a\x8d` \xec\xf2\xf2\xb2\x91J\
\x91\x86j\xd25}\xe6&\x8e\x9b\xf4\xd0\x92\x93\xd4\x16\
\x12n\xd2\xf4Z&\xe8\xec\xb0h\xc9d27\xa9\xca\
u$\x0b\xd5\xe4\x8b\xd0Q\x99\xaa\xc8\xd3O2\x13\xd5\
\x8b5\x86\xaa\xd7\x87(\xc8YUG\x18?\xb0\xe8<\
r\xe4\x08\xb9~\xfd\xfa\x86\x0d\x81\x8a\xe8\x88!\x99\xca\
\xca\xa4Z$\xc9\xc2y\x91&\xebE$\xaa\xf4\xeb\x9d\
\xafI^nU\xc5\xb8H\x07Rd\xcf\x5c\xda\xb5#\
Yh\x94\xa8SF\x14\x90js\x97\xdd\xdb\xdb;\x9f\
\xcb\xe5\x9e\x0b\x85B\x7f\xf3\xcdo~\xb3!w]\xea\
`K\x10&y_5[~\xf4\xd1G\xaf'\x93\xc9\
\xb4m\xdb\x1f\x9f\x9c\x9ctF\x014&{\xe1-;\
@\x904[ZZ66\x8cEau\xe0\x97T`\
\x09\xf6\x02E\xbf\xab\x9e\xe9\xe4\x07\x1f\xb4\xce\xf4+]\
]@\xbb\xe7\xf3y'\x8fT*\xb5qf\x115\x00\
\xb2IX\xa6\xfec\x7f\xd3y\xce\x12\x15/m6=\
\xdew\x11D\xaa\xefFN\x862\xf0\xda\x94\xae\x1bJ\
\x037n\xdc \xef\xbc\xf3\x8e\xe3~O\xd4Wu\x89\
I\xe7]\xe9\xbe?]\x02\x16\x8d-\x15\xbc\xee\x1f\xaa\
\xda\xc2\xed\x1e\xa3j\xa1(\xfa\xbd\xde\xc6?,\xf0\xba\
D\x9e#\x19L\x07\x16\xcf8\xfee\xe9\xe3\xe9\x07T\
\xc5\xe6r9\xb2\x7f\xff\xfe\x97\x08!_kkk\xbb\
\x04\x02\x95qE\xea\x84-C\x98\x80O}\xeaS\xab\
\xc5b\xb1\x1c\x08\x04\x06\xcb\xe5r\xef\xc2\xc2B\x08\x1b\
Xd5K\xa8\x97\x00\x93\xb4\xee1\x0b^:\xba\xcf\
\xea\x99\x96.\xa9\x89\xc2\xe0\x1e\x12o?\xd3MyL\
\xe3\x02i\xc2$<11\xe1\x9c\xdf\xbbv\xed\x9a\xe3\
\xa8{vv\xd6\xd9\x17\xa3\x8fZ \xf0\xeeS\xd95\
n\xa6\x12%K\x0e:R\x13;\xf1\xe8\xe4\xa9K$\
<\x89\xd0-t\xf2\x15I\xa3\xa4\xd6\x1e\xb0\xb09}\
\xfa\xb4c\xdc\x83\xef\xc5$}YX\x91\xc4({.\
\x93Ve\xf9\xf2\xd2S\xe1n\x90,\xdd@W\x1aE\
OS\x22\x07\xff\xa4F\x82h\x01.\xdbVCC\x1f\
\x98\xb7!N<\x1e/\xef\xdc\xb9\xf3d4\x1a\xfd\xfe\
\xf2\xf2\xf2o\xbe\xf1\x8do\x88#o\x026\xed\x1c&\
\x0f\xa3\xa3\xa3\xe5?\xff\xf3??\x92J\xa5\x9e\xeb\xe9\
\xe9\xb9wvv6\x8a\xf7\x16\xa2\xbfO\x11`\xc5\x03\
\xab\x14\xf6\xa5\xdb\x12\xcbI7+:\x19\xfc\x92\xe0X\
u\x9ei^\xb0\xb8@\x15\x07O\xca\xf0RNU\x5c\
\xbbf\x16\x0e\x1f\xd5\xa4\x88\xeavx\xaf\xc9d\xd2\xd1\
\x10d\xb3Y\xe7\x7f\xd6\x98\x8b(\xa48\xb6\x5c\x22\xe2\
\xb3%^\x7fDam\xc1yN\x1eTmci\x9c\
M\xa5\xd3R\xbd?\x93\xf7\x88+yX\xc4\x9c9s\
\xc6\xd9\xb7D\x07\xf3\xa6i\xc9\xa4v\xdew\x95\x84h\
\x22\xe9\x8b\x16\xcc*x%,/\x92\xab[\xc9R7\
_\x93\xf4\xdc\xe4a3GH\x90,y}\x14\xbfC\
_\x93\xcd\xd9\xb8o\x89{\x9e\xf0\xbd\xa3\xa3c%\x9b\
\xcd\xbeL\x08\xf9\xf9\x0f~\xf0\x03\x7f]g\xf9\x80-\
%a\x02\xdex\xe3\x8d\xf5\x8f}\xecc\xf3\x91H\xa4\
\xa5R\xa9\x8c\xcc\xcc\xccD\xe8\xb3\x97\xac\x05&\xa9\xad\
x`\x92\xc5\xb3?\xf4\xe1y6\xacW\xb8\x95$\xeb\
%\xd5\x89\x9eA;\xd9\x9c\xdb\xd0M\x06\x9f\x8e\xe4$\
\x83\xcd\x18T\xa1t\x89\x1b\xfb\xe8C\x18\x16E \x95\
^\xbf~\xddq\xee}\xee\xdc9\xe7\xc0\xfc\xe2\xe2\xa2\
\xb3X\xe2\x91\x9c\xaeD)+\xb3J\x92b%\x18\x99\
\xf1\x92\x0eXr\xe0-\x22x\xd2\xa8\x17\x09\x15\xcb\x0d\
\xed\x08D\xf9\xce;\xef8\x86=\xb8\xa2\xe7\x95O\x96\
\x96L:\x94\x85Q\xa5#*\x87\x89\xe4*\x83WC\
\x1a\xaf*\xdcz@\xa6A2!n\x93\xf2\xa1\x05,\
.fU\xed\xca\xfa\xbd\xa6\x9f\xe1\x02\x0e\xdd\x9e\x06\x02\
\x81\xf2\xc8\xc8\xc8\xaf\xe2\xf1\xf8_\xb5\xb6\xb6\x9e\xdeJ\
\xaaX\xc4\x96\x920k\xb0\x03\x81\xc0\xe5X,\xf6\xfc\
\xc0\xc0\xc0\xc8\xc4\xc4\xc4C\x8b\x8b\x8b! CX\x11\
\x83\x14\x82\x9b\xcc8`\xe0\xa5\x80\x84\x09\x13/\xde\x02\
N\x93\xa6[\x89J49\xcb\xf6\x13\xdcB6y\xb8\
\x914\xe1\xb7h4\xbaq\xf8WTV\x9d\x95\xadW\
)\x5c\xb47F\x18KCz\xaf\x03\x89\x14\x88\x13U\
\xb5\xf0\x8e\xd3\xe9\xb4s|\xa5\xbd\xbd\xddQ\xc1\xa3W\
(\x11\xa1\xc8\xa4IQ\xf9D\x12\xa0LK\xc1\x93h\
u%I/`\xfb\x07;)\xad\xac\xac8D\x09$\
\xb9\xb4\xb4D\xd09\x08/\xae,]\xdes\xde\xff\xa6\
at\xc2\xf3\xfa\x8eI\x9bnU\xb2\xd4\x91,ec\
\xcf4O?\xfa#\x9eD\xd0I\x07\x17\xec@\xb0\xd0\
\xf7\xd8g0\xc6\xd1\xdd)\xf4\xc9\xee\xee\xee\x99X,\
\xf6\xdc\xca\xca\xca\xb1\x03\x07\x0el\x09\xabX\x16[N\
\xc2$\xef;4\xa8|\xe4#\x1f\x99\x8bF\xa3\xa1\xe5\
\xe5\xe5G\xe6\xe7\xe7\x1d/\xea\xf4\xdd\x99\xd8\x91h\x82\
\x5c^^\xde\x98ty\xf7g\xba\x95\xf2t\xd4O^\
\xd2\xd2I\xcf\xcds\x91' \xd3\xb4UaL%\x1e\
\x91\xd4\xc0>\xb3\xa9\xeb}P\x22\x85E\xd3\xfc\xfc\xbc\
\xb3Gz\xf1\xe2E\x87\x08\xa6\xa6\xa66\x9c>\x8bT\
\xb12\xa9F4!\xebH\x90*\xc9\xaa\x11\xfbV\xbc\
<a\xac\x80\xb4~\xf8\xf0a\xa7\xad\x808ql\xc8\
\x16\x172IV$M\xca\xc2\xf0\xd2\xe1\x95\x9f\x17^\
\xd4W\xee\x04\xb2\xf4\x82\xcd\xdc\x0b\x05\xf2c\xc7\x99\x0c\
\xf0\xbe\xf0L&\xbd8F\xed\x12\xb5(\xb7\x07\x07\x07\
\x7f\x97\xcdf\xbf\xfc\xado}\xebF]+\xe1\x01[\
Q\xc2tp\xf0\xe0\xc1\x85\xcf\x7f\xfe\xf3?\xdd\xb6m\
\xdb\x7f}\xe1\xc2\x85O\xc0`\xc7}9z?\x13\xaf\
\xf0\x02i\x84\xd4^\x06\xacZ\xe0E\xc5\xe3q\xa3<\
\xdd\xae\xf6L\xe0v_\xd2\xed A\x17l\xaa\x8dw\
U\xddd\xfb\xaa:{\xae\xbc\xbc,\x8ew\x1e\xde\xbe\
!\x1d\xd7\xa6\xcezb\x18 \x83\xd9\xd9\xd9\x0d\x97t\
---\x1bRh&\x93\xd9\x18\xe0h\x84\xc0+\xb7\
\xa8\xac^\xe1G\x9f\xd1\x01\xaa\xbbaa1==\xed\
,$\xe6\xe6\xe6nqQ\xa6[6\xb7\x0b;\x99\xa4\
m\x92\xbeh\xe1\xa1Kr\xa2\xf7j\x22e\xe9HP\
\xb2|\xdc\xc2\xcb<`\xba\x980\xc9\x07\xaf\xbe3q\
F\x00\xf3\x0e\x9e\xc9\x04)\x13\x17\xc1\xd0/\xd1\xc9\x01\
\x84\xe9\xe8\xe8\xa8\xe6r\xb9\x7flii\x99$\x9b\xe8\
+V\x85-K\x98\xb0\xe2x\xf2\xc9'\xa7\x8a\xc5\xe2\
\xdf\xed\xdd\xbb\xf7\xf7N\x9c8\xe1\x5c\x15\x01\x8d\x8d\xa4\
\x89W/\x91\xf7\xaf\x0c\xdb\x88\x8b\xbaq\xfa\x8a/\xe2\
A\xc5h2X\x99:h\xe7\xe3ur\x96\xed\xedA\
\x1b\xe0\xde\xa1,\xbe\xeed(+\xbf\xdbtl\xc6\xb0\
\x86\xa7b\xe4\x85%\x94\xf1\x00\x1a\x10\x00\x81^\xbf~\
\xfd\xa6[F\x92\xc9\xa4cP\x04D\xda\xd1\xd1\xe1\x0c\
|\xbbv\xff%K\xca\xb7\x03l\xca\xf5\x18\xf4\xfd\xc9\
\xc9I\xe7\x83\x16\xaf\xb4\xea\x95x\xd4\x22\x98j\x10L\
\xbe\xb3\xbf\xc9\xd4\xaf\x8d\x94,\xbd\xe4\xe3G\xfan\xd2\
u\xab\xa6\xd5\x01\x1a\xe8\xb1\xf6!*\xe05]\xb1X\
\xcc\x99\xb3\xd1\xed\x1d\x1arB?\xcdd2\x95={\
\xf6\xbcA\x08\xf9\xe7\xad\xe2\xa0@\x84\xc6,\x7f=\xe0\
\x8f\xfe\xe8\x8f\x86\x92\xc9\xe4\xffy\xe9\xd2\xa5\xff\xff\x85\
\x0b\x17\x92xk\x02\xbc\xbc\xce\xceNG\x82X^^\
\xe6JP\xf0B\xe0E\xb1\x17S#\xfc\x98 T\xe1\
\xfdL\xcb$\x1cO\xb5\x89\x17\xb16\xb2\x1c&i\x98\
\xae\xd8u~\xa3\xc9\x95\xfe\xa0CtXt\xe1\xc2\x0b\
W\xd0h\x05\x08\x1ft&M\x1f\xce\xd6Q\xd5\xea\x82\
\xb7P`\xdb\x01\x17\x89@\x86x\xa1@\xa1Pp\xfa\
=|\x87w\xcaJ\xde\x8d\xec\xc3\xa6\xa4h\x92\xa7_\
\xe4\xe6\x97\xfa\xd5\x0b\x11{\x91X\xfd.\x93\xc9\xef\xd0\
\xf7a\x8c\xb0\xe7\xe1Uy\xe3s\xd4\x08B\xff\x84\x85\
,\xee[\x92\xf7\xfdO\xafo\xdb\xb6\xed\xe5\x96\x96\x96\
\xa7\x16\x16\x16\xfe\xf9G?\xfa\xd1\xad\x06\x17[\x08[\
\x9e0GFF\xac\x87\x1f~xg(\x14\xfa\xf3\xb3\
g\xcf\xfe\xcfG\x8e\x1cq<\x00\xa5R)G\xf5\x86\
b\xbd\x8c\xfc`\xd2\x03\x09\x03-G\xfd\x9c\x1ct\xe2\
\xb9\x99\x5cuU\x9c&y\xd2\x1b\xed:\x83\xd2\x8bT\
\xe2\x05nUf^\x88\x96\xce\xdb\xa2\x8e\xbd\xe0_$\
V\xf8@_\x82\x09\x00'\x11T\xf5\xe2q\x1e 8\
\x9c\x10\xf0\xcc)\xcf\xf3\x91U;/\x8b\x921\x84\x81\
~\x8d\x80\xb8\x97.]r,[1]\xf6\x0c\xab\x1b\
\xa8\xfa\xaa\xac\xdf\xb9%C\x9dq\xe5\x960Th\x04\
Y\xaa\x9e\xab\x9e\xb9\xad\xb7_d)*\x03\x9e\xb9\x14\
\xddA\xacS6\xfc\x0b\x0bO\xbcp\x1d\xfa|GG\
\x87}\xff\xfd\xf7\xff\xbf\xe5r\xf9\x7f}\xf7\xddw\x8f\
\x8f\x8d\x8dmi\xb2$[Y%\x8b8y\xf2\xa4\xfd\
\x89O|b\xa2X,\xfe4\x97\xcb\x0d\xef\xde\xbd\xfb\
S\xe7\xce\x9d\x0b\xc2\xa4\x05\x13\x16\xac\xbaQ\x22\x10\xa9\
\x0bp\xd2\xa3\xc3\xb8]\xf1\x9a<\xf3\x9bDu\xa0J\
\x17:>\xaaE\xbc\xa6\xe5w<\x13\xe8\x90\xa5*\x8e\
N<Z\xca\x83\x81\x0e\x12\xdd\xfc\xfc\xfcM\xa4\x87@\
G\xf8x\xfc\xc9\xa2\x8cT\xe8\xfb1\xd9\x0f\xa9\xb5Y\
oo/\xd9\xbd{\xf7M\xf9C:\xf4\x0d\xf6\xa6\xf0\
\xba\xe8q\xab\x851%L?\xe0\x96h7\x9b,u\
\xe0\x97\xd4i:\x06h\xf7wn\xf2\xb2\xa9\xb3\x96\xd0\
\x07@\xc8\xa9\x9dv\xa8n\xdf\xbe\xfdH\xb1X\xfc^\
>\x9f?};\x90%\xb9\x1d\x08\x13\xf0\xec\xb3\xcf\xae\
~\xees\x9f;\x1a\x0e\x87\xff1\x97\xcbm/\x14\x0a\
{\xf3\xf9\xfc\xc6j\x1f&(\xf4#+#MT\xd1\
\xb2\x97\x1c\xf3\xc2\x8aP\x0fr\xac\xf7d\xc2\xaagq\
_\xc1\x0f\xebY\xdd\xb0n\xa5l\x1a\xa6\x13\x8f\xd7}\
\x1b\xb7\xf1Xw`\xbc4Pz\xa5\xcf\x15\xb3w\xbc\
Z\xb5\xa340\xc9\x10\x1f\xfb\x89\x97tL\xc6\x8b\xc9\
\xef\x8d\x92\xae\xbc\x86u\x13\xd7K\x98z\x13\xb1,\x0e\
\xf4G\xd4\xa0\xe8\x8eE\xf6w\x18\x07h\x0d\x0b}~\
uu\xd5\x99\xb7\xbb\xba\xba&\x03\x81\xc0\xcf\xa3\xd1\xe8\
\xcb\xcf<\xf3\xcc\x8aqa7\x09\xb7\x05a\xc2{\xe8\
\xe9\xe9\x99\x9f\x9d\x9d}\xd1\xb2\xac\xe1\xf5\xf5\xf5\x81\xd3\
\xa7O'\xaf\x5c\xb9\xe2<\x84\x97\x09/\x16&\x16\xd9\
\xfe\x12\x86\x83\x15\x93L\xf5T\x8f\x15\xb7i8?\xe2\
\xc9\xea\x88N\xb7q\xe5\xe7'\xea\xa5\xca\x95\xa9\xad\xdc\
H\x9c:a\x1b5\xf1\xc2dB\xabc\x11 \xd1N\
OO\xbbJ\xd3\xeb\x82\xc7\x8f}P\x91\xa4\xe97A\
\x9a\x84\xf1#\xbf\xdbA*\xf5R\x0e K\xf68\x08\
;\xfet\xc6\x22,\xca\xf12\x0c\xdc\xbahkk[\
\xcb\xe5r\xaf\xc4b\xb1\xbf\xcdd2\xd3[\xd9*\x96\
\xc5\xedB\x98dtt\xb4\xfag\x7f\xf6gS\xc1`\
\xf0o\xb6m\xdb\xd6A\x08\xf9\x9f~\xf7\xbb\xdfm<\
\x071\x1fV\xe3xy\xa9h\xb0\xa3\xbb8\xfa\xc8\x89\
\x17\xe9\xc8\x0f\xc9I7\x8e\xd7\xfdW6\x0c\xb4\x17\xae\
\x00\xbd\xee\x99\xba-\xafi\x9el\x1c\x15Q\xfa-=\
\xb8\x9d\xe8u\xf6\xe8D\xf9\xd1\xd2*\x9b\x8e\x9f\xfd\xcf\
\xaf\xc5\x9c\x888\xdd\xec\xd5\xe9\xc4\xa9\xc7\xde\xa7\xd7\xfc\
\xb6\x0aY\xba)\x0bn-\x00\xc1\xf14%\xb2\xfek\
1V\xcdxE#\xa4W;>BFFF^]\
YY\xf9\x06!\xe4\xfcV\xb7\x8ae\xb1%\x1d\x17\x88\
p\xf8\xf0\xe1\xeaC\x0f=\xb4Z\xadVW\x83\xc1`\
\x0e\xa4\xcd\xf9\xf9\xf9\x8d\xd1i\xd7\x5c1\x11\xc5\xe0\xc7\
N\x80\xd7\x86\xa9\xc2\xbbE\xbd\xf60\xfd\x22M\xf4\xd7\
\x8a\xfb\x0c~\xaa`\xdd\x96\xc9\x04\xbc}D\xf67K\
\xd3I\xba\x97\x09N\xa7\x9c\xec_\xde\xa7\xad\xad\x8d\xf4\
\xf4\xf4\xdc\x94\xe7\xfc\xfc\xbc#a\xb2u\x22>\xf4Y\
\xaf\x0bEQ;\x9b\xe4!C=$\xcaFH\xa9\xf5\
R\xf1\xba\xe9\xa3n\xca\x82\xd6\xe3&\xe0-T\x8b\xc5\
\xa2C\x98\xb8\xfd\xd0\xd2\xd2bo\xdf\xbe\xfdx \x10\
\xf8\xb6m\xdb\xbf}\xe6\x99g\x0a\xc6\x85\xdbdl\x89\
\x0b\xa4\x0d`\x7f\xf3\x9b\xdf\x5c\x8eF\xa3\xbf\x8b\xc5b\
\xcfwvv\x9e\xef\xea\xea\xdaxS\xf0\x82VVV\
\xa4j\x1f\xdc\xc3[[[sV<^TD\x84\xda\
\xd8\x96=s\xf3\x11\xc1\xeb\xca\x96\x0d\x83\xfb\xba0H\
Ty\xf3\xea\xa6\x1bVU6\x9d0\xa22\xd0*#\
\x1a:\x84\xca\xfb]\xf7\xb9\x9f\x8b,Qz~\xe4a\
Rv\xdd\xfa\xab\xc2\x12\x03kg\x16:}\xcb\x8d\xaa\
|+\x90\xa5j\xbe\xf0\x92\xaei\x1c\x1e\xd0\xc8\xc7\xa4\
\xdf\xb1\x9a\x0e\x9b\xf1\xe4S3\xb8\xb4;::\xa6B\
\xa1\xd0\x8b\x84\x90_}\xfb\xdb\xdf^2.\xdc\x16\xc0\
\xedF\x98\xf0b\xeck\xd7\xae\xcd&\x12\x89\x17\xba\xba\
\xba\xfeahh\xa8\x80&\xcfv\xcdw&|\x88d\
\xb2\xa1I\x93x\xdcW\xa1\xd34\x0d\xeff\x80\xf85\
\xe8\xe90\xb8\xb9\x8f\xd6\x98n&#?\xcb\xe4e\xf1\
\xa23\xe1\xcb~\x13\xc5\xd1\x0d\xe37\x91\x9a\xc0-1\
\x9a\xb4\x19\x11\x90;\x1d\xd6\xcb{\xf4\xbb\x9fl5\xb2\
\xacG\xde~\x91%\x1aO\x9a:'`\xdf9n\xf3\
\xa0\xf3\x98\x9at\xb9\xde\xdd\xdd\xfdR\x22\x91\xf8\xcf\x9d\
\x9d\x9d\x130\x8f\x1b\x17p\x0b\xe0\xb6R\xc9\x22N\x9e\
<i?\xf1\xc4\x13+kkk\x93\xd9l6\x11\x08\
\x04\x1e\xb8v\xed\x9aeQ\x97'[\x1c\xabC\x16\xa8\
\x9a\x85p\xc4g\x83\x01\x1a^U_^\xd2\xd5\xdd\xe7\
B\xaf8\xe8=\xc64\xbe\x09I\xd4+]Q\x5c\xd3\
\x09_&\xed\xe9\x12\xa3\x88\x90d\x9f\xb6\xb66\xd2\xdd\
\xdd\xbd\x91\x86]\xbb\xe0\x99V\xc9\xca>&e\xd1\x09\
'z\xc6k_/\xfb\x88\xf5\xda\xa7\xd4%IQ\xba\
\xa6yzY\xe8\xb9}\xee\x86,y\xcf\xd1+\x1a\xed\
\x19M\x17tz\xe8emuuu\xe3\xb7\xd6\xd6V\
\xfb\xde{\xef\xfd\x8deY_\x9c\x9e\x9e>y\xf0\xe0\
\xc1\xdb\xe2\x08\x09\x0f\xb7%a\x02\xc6\xc6\xc6*\x8f=\
\xf6X\xbe\x5c.\xaf\x84B\xa1N\xcb\xb2\xb6\xcd\xcf\xcf\
;K#$\xcd`0\xc85\x89\xa6\x81\xe7\xe0X\x0f\
\xfc~L\xd4\xaa\xdft\x9f{!M\xdd0\xa4\xa6\x9e\
\x15\x1d\x89\xd0M\xc3\xb4\xdd\xeaM\x9at\x1a2\x09S\
\x87DU\xe9\xb2aM\x17\x11\xb8\x87I\xa71??\
\xef8\x97\xd7\xad\x9b[r\xd4m\x17\x9e$\xe9\x05\x9b\
\xb5O\xe9\x17n7\xa9T\x14\x07\x882\x1e\x8f\x1bK\
\x972\xb2\x84\xf9$\x12\x89T\xf7\xec\xd9\xf3v0\x18\
\xfcv\x22\x91x\xe9;\xdf\xf9\xce\x9aq\xa1\xb7\x10n\
[\xc2\x04\xbc\xfa\xea\xab\xa5\x87\x1f~x\xd2\xb2\xac\xf1\
T*\x95Y\x5c\x5c\xdc\xb9\xb2\xb2\xe2\xd4\x09&}<\
g(#M\xf4\xbb\x89\x1e\x83\xf0\x5c\x9cNgtC\
\x82\x8d\x22?\x1a&\x03\x0b\xdbJ\xe4Q\xc6\x94\x04L\
\xe1\x079\xf2 \xda\xef\xd4\x95t\x89\x0b\x09S\x14\x87\
\xf7\xa9\x99\xdb\xbb\x920\xfd,7a\xde\x81\xcd\xb1H\
6\xd9\xbfv\x83z\xa9ru\xc3\xd6c\xdb\x83\xf7\xcc\
o\x89\xd4-\xb9\xa2'4\xb6_\x98\xb4\x13\xcc\x9f+\
++\x1b\xdb\x5c8\x8f\xf6\xf5\xf5]\xcc\xe5r\xff1\
\x91H\xfc\xeck_\xfb\xdamg\xe4\xc3\xe2\xb6&L\
\xc0k\xaf\xbdV\xfa\xccg>s\xa5Z\xad\x1eO\xa7\
\xd3\x1f\xbfp\xe1B/>\xc3\x03\xfa6\xc7\xc96\x0d\
\xdc\xd3D\x82e\xf7\xf2\xfc\x96\xfe\xbc\x92\xa6I8S\
X\xb5\xc3\xf2\xd0\xe1iO4l\x18\x13\x95\xaa\x09)\
\xb9\x8d\xe3\x15l\x9e\xbaR\xa2.!\xd6\x930\xddH\
\x98l\x1dx\xed\xd0HI\x8d\x18.^\xe88~\x86\
\xf5K-,#5/\xfd\xda-Y\x8a\xf2\x0c\x85B\
\xb7\xdc\x1f\xac\x93\x1e\xfd?\xdeU\x8cF\x94\x90&\x10\
h6\x9b\xad\xde{\xef\xbd_\x9e\x9e\x9e\xfe\xfew\xbe\
\xf3\x1d\xb5k\xb1\xdb\x00\xb7\x9d\xd1\x0f\x0f\xa3\xa3\xa3\xe5\
\x8e\x8e\x8e\xf3---\x7f744\xb4H?\xb3k\
g\x81\xe0\x85\xaa:\x01^\x1f\x06\x1f\xdd\xc9\xc6\x0d\xea\
\xb5\xf9\xef\x17p\x81\x11\x8f\xc7\xb9n\xd9\xeaet\xc1\
\xc6i$\xd8r\xd2\x7f\xdd\x90\xd0V\x05[\x07\x96\x00\
\xbc\x1a^\xb9E\xbd\xfb\x89\x8e\xb4Wo\xc9\xd2k\xdb\
z\x91,E\xda\x22\xbc\x80\xddM\x19\xec\x9a5,\xcc\
\x97\xb8\x8d\x83\xdb:\xf1x|u``\xe0\xe5X,\
\xf6\xe2\xa1C\x87\xc4\xd7$\xddf\xb8\xed%L\xc4\xd8\
\xd8X\xe5c\x1f\xfb\xd8J,\x16\xbb\xafR\xa9t/\
..\xde\xe4\x94Av\xb14\x02'\x0f\x08\x0b\x7f\xe9\
s\x9a\xa2U\x9a\x8e4\xe4F\xd2T\xc16<\x8e\xc2\
\xcb[Un\xfa\x9c\xa6\xc9\x1dx\x9b\x8dzI\xa82\
)\xd4+\x91Z\x94\xd1\x0f\xad\x02E\x09\xd3Mz\xbc\
r\xd6Kz\xf4\x92n\xa3\xe2\xb8MG\xb7/\xb9]\
\x08\xeb\xb4\x9d\xdb6\x92\x95\x9b\xe7T\xdd$\x1f$K\
\x90&\x09\xa5\x86M$\x12\xa5\x1d;v\x9c\xcef\xb3\
?x\xe9\xa5\x97\xfeejj\xea\xb65\xf2aq\xc7\
\x10&y\x7fBX\x1a\x1e\x1e\xb6\x22\x91\xc8\xf6b\xb1\
\xd8\x9e\xcf\xe77\xeag\xd7\x0e\xe7\x13\x05i\x22\x904\
i\x09\xcb\x8b*\xb5\x1e\xa4\xa9\x03S\x95\x1c\x8bz\x91\
\xa6Wr1\x09\xbb\x19\xea]7*\xd9\xd6\xd6\xd6\x0d\
\xc7\x05X^S\x95,\xf1p\xfe\xd1\x14nI\xd2o\
\x09\xcb-\xfc\x92(U\xe1\xb6\x82\xd6\x88E4\x1au\
u\xde\x920\x92%k'\x12\x8dF+\x03\x03\x03\xe3\
\xed\xed\xed\x7f\x13\x0a\x85~\xf4\xfc\xf3\xcf/\xd4\xad\x12\
\x9b\x80;B%\x8b\x88\xc7\xe3+\x81@\xe0\x9f\xda\xdb\
\xdb\x7f4<<\x0c/\xed&U\x00L\xf8\xf49M\
\x19P=\x0bauW\x80n\x06M\xbd\x07\x93\x1f\x93\
\x02^\xd6\x8d\xce\x0d\xfc,\x97\x17\xe9\xc2\x8dJ\xb8Q\
DB\xf7\x07\xdew\xc2\xe93\xb2\xc9K\x16_\x94~\
\xbd`\x9a\x97\xa8\xbe\xbay\xe9\xe6\xe3wz\xf5&K\
?\xd2w\x13\x1e\x84\x00\xf6\x06\x12\xdd\xf9\x8bG\x96x\
$-\x12\x89T\xbb\xba\xba\xae\xb7\xb7\xb7?\x17\x89D\
\xfe\xef\x5c.w\xdd\xa8\xe0\xb7\x01\xee(\x09\xf3\xf2\xe5\
\xcbdxxx%\x9b\xcdN\xc4b\xb1P(\x14\xda\
\xb7\xbc\xbc\x9c\x5c__\xdf\x98\x89hI\x93V\xb9\x8a\
\x80w\x10\xa2\xa4Y\x0fIE\xa4^u\xa3f5\xf9\
\xdd$\x9cU\xbbY\xc3f|\x9bz\xc9\xcfk\x1c\xaf\
q7C\xfa\x94\x95\x05$L\x9e\xd1\x8f\xeaXI#\
\xb0\x19RR=T\xb5nH\xdbM~:\xe5p\x9b\
\xbe\x97:\xa2m\x82\xc9\xbe%\x0d\x14$\x90,\xd1\xc8\
\x07\xd2\xeb\xe8\xe8X\x1c\x1c\x1c|>\x99L\xfe\xd5\xe4\
\xe4\xe4\x85\x83\x07\x0f\xde>\xfb8\x9a\xb8\xa3$L\xc0\
\xa1C\x87*\xc5b\xf1j8\x1c\xfeQ__\xdf\x8f\
v\xef\xde]`\xfd\x22\xa2\xa4\xa9\xba\xde\x8aP\x96\xb6\
\xf4\xad\x1e^TJn'\x01\xdd\xb8n\x06\x98n\xf9\
\xe8\x9b\xd7u\xca`RW\xaf\x12\xa7\x1fy6R\x0a\
\xd5)\x93\xdf\x93\xbbI\xden\xcb\xe0G\xf9\xbd\xe4\xa9\
\x13\xce/x\x19k\xf5J_\xf6\x1cH-\x1a\x8d\x1a\
\xdd\xaf\xca\xa6\xc7^\x0b\x08dY\xb3\xf0^\x1d\x1e\x1e\
\xfeE<\x1e\x7f:\x93\xc9\x9c\xbd\x93\x0c}h\xdcQ\
\x12&\xe2\xc8\x91#\xd5\x8f\x7f\xfc\xe3\xf9`0x\xb9\
\xa5\xa5%\x14\x0e\x87\x1f\x98\x9d\x9d\x0d\xd2{p8(\
U\x93?\x02\xa5L\xd9\x05\xd4&\xa8\xb7DU/i\
\xd3\xa2<(\xd1\xbex\xdd\xa4\xe5w\x1c?\xe3\x93\x06\
K\xa0\x96\xc2\xd3O=\xe1\xb7\xba\xb3\x91i4\x9a$\
\xfdH\xb3^\x0b_\xd5b\x17\xe6:\xdd\xf9\x8e\x97v\
\xb9\x5cv\xa4K\xd6\x93Z[[[y\xef\xde\xbd\xff\
\x12\x0e\x87\xff\xc2\xb6\xedw\xbf\xfc\xe5/\xab%\x91\xdb\
\x14w$a\x92\xda\xcd&\x0f<\xf0@>\x10\x08\x5c\
imm\x0dE\x22\x91\x0f\xa2\xfb<D\xa5Rq:\
\x12\x10\xa1\xaa3B'\x81\xf0\xe8=\xa8^+\x7f\xbf\
\xd4\xa7\xa2\x89\xde\x84\x04d\xa4\x89\xe74Q=\xabc\
\xf4\xe4\x86|\xbc\x90\x16k\x15\xea\x07\x09\xfb\x99\x1e\x9b\
v=\x09\x93-\xb7\x1f\x93\xbe\xd7t\xbc\xa4\xa1K:\
\xba\xefH7\xbd\xadL\x96\xb2\xf1\x0aD)\xba\x81D\
\xb5\x1d\x04\xf1\xd1?,\x9ek\xc79\xb0\xa3\xa3\x83\xec\
\xdf\xbf\xff7\xb6m\xff\x1f\xf1x\xfc\xf8\x81\x03\x07V\
\x95\x15\xbc\x8dq\xc7\x12&y_\xd2,\x7f\xf0\x83\x1f\
\x5c\x09\x06\x833\xc9d2\x1c\x8b\xc5\xf6OOO\xdf\
\xd4\xab\xf0Z\xabH$\xa2\x1c\x5cH\x10x_\x9c\x1f\
\x10\x91\x9a\x9bx\xa6\xe1\xbc\xa4\x81\xa4I\xfb\x9e\xd5I\
s3\xf6*\xeb\x9d\x16/]SB\xf5\x8b0\xfd\x22\
DY\xfa\x9b\x9d\x8e\x9fR\xa5\x97\xbdDS\xb8%K\
\xafqD\x16\xb1\xbay\xc1\x9c\x87\x97\xcd\x13\xca\xf7v\
GG\x87=22\xf2r\xa5R\xf9J4\x1a=\xf2\
\xf5\xaf\x7f=o\x5c\xf8\xdb\x0cw\xdc\x1e&\x03\xfb\xdb\
\xdf\xfe\xf6R\xa5R9aY\xd6O\xfa\xfb\xfb\x9f\x1f\
\x19\x19\xa9\xd2\x1d\x05:C\xa1P\xd0\xb2\x9cE\xb5\x04\
\x84\x87\x0e\xe4uOS\x14WgO\xc6\x8f\x81\xeeu\
b\x01\xc2\x84\x81\xc8.\x1eTyz\xd9\xdbR\xa5\xbf\
\x99\xe9\x11\xce~*o\x7f\x95}.\x8a+K\x97\x97\
N\xbd\xdb\xc7/\xe9\xaa^\xef\xbe\x1eDi\x1a\xd6M\
\x1a\xaa\xbay\xa93M\x96n\xda\x9f&KZ\xe2\x04\
\xb2\xdc\xb5k\xd7\x9b\x95J\xe5\xafc\xb1\xd8\x91\x03\x07\
\x0e,B\xd2\xda\x09\xdf\xa6\xf0GL\xda\xc2\xb0,\xcb\
~\xf4\xd1G\xe7\x86\x87\x87\xc7\xc2\xe1\xf0\xd2\xe0\xe0\xe0\
\x95X,\xf6o/\x5c\xb8\xd0\x7f\xe3\xc6\x0d\x0b\xd5\x0d\
\xcb\xcb\xcb\x8e\xba\x01:\x97\xea\xf8\x04\x92&\x84\xc7k\
\xb1p\xc2r#\xd1\xf1\xd4|l\xe7\xe6\xc5\xa5\x9f\xc9\
\xf2\x96\xa9\x11MV\xbd\xbc\xb0\xe8Z\xabT*9\xed\
\x81\x16\xc8lX/\xe5\xd7-\x8b\x97t\xea%\x91\xe9\
\xe4'z\x86\xae\x09\xd9\xbd\xf7\xcd,\xb7Nx\x99\xea\
\xd7\xcbBO\xe77\x13rqKD:R\xbc\xa9\xa4\
\xcf\xf6\x07\x9d\xf4e\xcf\xf0\x9e[\xdc\xb3d\xe7'^\
[\xd0y\xd2\xc6\x8e\xa8E\xc2\x1bMz{{gr\
\xb9\xdc/m\xdb\xfea\xb1X|\xfd\xf4\xe9\xd3\x0b\xb7\
\xebu]\xa6\xb8\xa3U\xb2\x88\xcb\x97/\x93\xa3G\x8f\
\xae\x7f\xf6\xb3\x9f\x9d(\x95J'\x92\xc9\xe4|:\x9d\
\xee]XX\xe8*\x16\x8b\x1b\xb3+t\x0c\x5cI\xe9\
\xa8h\x81h\xa1S\xc1_\xda H\x06/*K/\
jD\x93\x89\xd5\xcd>c\xedf\x82\x8d\xfd\x0e\xaf\xe9\
n\x05\xa3\x9fFb3\x8d~\xfcB\xa3\xd4\x96\x9b\x19\
\xb6\xde\x0b\x14\x1d\xa8\xca\x00\xf3P:\x9d\xd6:6\xc7\
\x03:R\x87\xb9\x10\x17k0\xbea\x8e\xeb\xec\xec\xbc\
\xd1\xd7\xd7\xf7\xedH$\xf2\xf4\xd9\xb3g\xdf|\xee\xb9\
\xe7V`~\xbd[pW\x10&bll\xac\xfa\x99\
\xcf|&_,\x16\xa7\xa13\x15\x8b\xc5\xfbggg\
o\xf2\x0d\x85jW\xd5\xbe&\xbb\x1a\x838\xd0\xa9@\
\xe2Ruh\xb7\x06;\xaa\xb8\x9b\x01\xb6\xbc\xb8p@\
OI\xa28w\x22,\xe6z8\x9e\xb4\xc5\x93\xbe\xac\
\x9a\x97\x1e \xcc\xae\xae\xae\x8d\xf4h\xc24M\xb7\x9e\
\xfb\x98<4*/\x93\xba\xf9\x1d\xd6D\x1b\xe3%\x9c\
\x97\xb6\x84\xb8 \x05\xd2\xd6\xb0\xbaZ\x17B\x91%m\
\x9b\x806\x1b\xb1X\xcc\xee\xed\xed\xfdm&\x93\xf9\xea\
{\xef\xbdwvll\xec\x8eqy\xa7\x8b;}\x0f\
\xf3\x16\x8c\x8e\x8e\x96+\x95\xca\x95t:\xfd\xff\xf4\xf7\
\xf7\xbf\xda\xd6\xd6v\xcb\xe1Z \xc0B\xa1@\xf2\xf9\
\xbc\xb0\xb3\xb1*\x94R\xa9\xe4\xc4\xc1[\xc6e\xa8\xd7\
~\x86_\xb0]\x9c\xfb\xa4\xc3\xc2B\x83\xb7\xb7\xc9\xc6\
\xa9'l\x8fN \xdc\xe6\xc9\xfe\xaf\xfa\xcb\x96\xd5\xaf\
t\x1bQ\xd7F\xb5+\x9d'\xd9\xc2\x92\xa5W\xb2\xf4\
\xda\x96\xa8\x8a\xe5]\x02\xadS7\x98\xc3\xf0|:K\
\x96\x91H\xc4\xee\xe8\xe8\x98\xeb\xe8\xe8\xf8I\xa9T:\
s7\x92%\xb9\xdb$L\xc4\x91#G\xaa\x8f?\xfe\
x\xde\xb6\xedr(\x14zlqq1N\xabf\x09\
%i\xda\x8c\x13v\x16\xf4\x8a\x9e>f\xa1s8\xb8\
\xde\x92\x96\x9f\xc7(L\x81\x03\xcd\xd6\xf4\x0c\xe46\x1f\
\xb7\xa8\xe7\x11\x11\xb7\xe5A\x09\x13\xcb\x04\x9f\xf9\xf9\xf9\
MW\xc9n\x96\xc4\xeaVZ\xf6\x93$\xfd\xaa\xb7,\
-\xbf\xd2\xa7]X\x12\x0d\xc9\x92~^,\x16or\
\xa4N\xa83\xd7\xa1P\xc8noo_\xde\xb6m\xdb\
\xcf\xd6\xd6\xd6\xfe\xfa\xbb\xdf\xfd\xee\x1d\xe5\x1f\xd6\x04w\
%a\x92\xda\xed&\x1f\xff\xf8\xc7\xe7R\xa9T*\x14\
\x0a\xdd;??\x1f)\x97\xcb\x5c\xd2\x04\x22\xe4\xad\xda\
x@\xf5,\xba\x8bRa\xb3'j\x1a~\xed\x9fZ\
\x94\x13p<\xdc\xcc\x1e?\xa1\xe1v\xc2\xa8\xf7\xd1\x90\
Fb\xab\xeca\xd6\x8b\x14\xdd\x90X\xbd\xa5\xe5z\x13\
\xa1\x9feP\x11;\x92e,\x163.\x0b,hQ\
\x0d\x8b\xa0\xc7n{{\xfb\xda\xae]\xbb^\x8cF\xa3\
_}\xfb\xed\xb7\xcfMLLl\xfeF\xee&\xe1\xae\
S\xc9\xd28~\xfc\xf8l4\x1a\xfd\xfe\xf0\xf0\xf0\x0f\
\xf6\xef\xdf_\xe6\x11\x9c]\xbbO\x93>F\xa2\x02\xaa\
t\xd1#\x86j\x95W\xcf\x09\xc1$}/\xaab^\
\xbe\x84:4\xads3\x82\xdd@\xa7\xde\xba\xe9\xd6#\
\xfd\xad\x80z\xd7\xd1M\xba\x8dR\xd5\xeb\xe4\xa5\xdb\xff\
\xbcZ\xb3\xea@\x95\x86W/>0\xb7\xb1d\x89\x8e\
IZ[[\xcb###\xbf\x0a\x87\xc3_\xb1m\xfb\
\xdd\xc3\x87\x0f\xdf\x91.\xeftq\xd7J\x98\xe4}\xeb\
\xd9\xea\x83\x0f>\xb8L\x08\xb9\x18\x8b\xc5J\xc1`p\
dnn.\xc6\xeb\xa0\xb0\x0a\x03)S\xc7\x12\x96P\
\x92&\xeb\xe4\xc0\xcb\xa4\xd0(\xcbQ?\x1d'\x10\xc6\
q;=0\xfd\xcc\xc3K\x1c7\xf0[\x95[O\x09\
\xb3\xd1*U7\xf9l\x95\x05\x89\x9f\xe4\xde(\xb2\x04\
\xc9\x12\xbd\xf8\x98\xa4\x0b\x1fT\xc5\x22p\xac\x02\xb2\xd9\
la\xdf\xbe}\xcf\x87B\xa1/\x85B\xa1\xe3\xdf\xf8\
\xc67\xd6\xb4\x12\xbf\x83qW\x13&\xe0\xf5\xd7_\xaf\
\xdc\x7f\xff\xfd\xcb\xf1x\xfcJ{{{$\x91H<\
0;;kU*\x95\x9bfB\xd6\x12\x96\x08:'\
\xbb\xa7\x89*]To\xd4sb\xd0%:\xdd\x89\xde\
o\xe2\xd4\xbd\xed\x84M\xdf-15j\x7fRd\xf9\
\xca\xdb\x87\xe3\x9d\xb7\xa5\xadde\x84\xa9J\xcf\xcb\xbe\
\x9f[4j\xaf\xd1\x8f\xb8^\xdb\xc3\xa4\x8e^\xeb\xa6\
#\xb9\xb2\x97!\x98\x92%H\x96x}!an\x1e\
\xe9\xea\xea*\xdfs\xcf=\xbf\x0e\x06\x83_joo\
?\xfe\x97\x7f\xf9\x97w=Y\x92&a\xbe\x8f#G\
\x8e\x94\x1fz\xe8\xa1\xc5`0x1\x9dNW\x92\xc9\
\xe4=\x0b\x0b\x0ba\xd6\x10\x08\x88\x0f\x1d\x8e\xeb\x1a\xf5\
\xa0T\x05$Q\xdb@\xf7\x5c^\xbf\xf7\x1a\x1b\x11\x06\
\xc3\xe1\xe5\xdd&\xa4\xe96?6N#\xc8\xd3-\xac\
-~\xbd\x17\x8bz\xef\xd9\xf9\x15w3$W?\xd4\
\xbd\xaa\xf8n\xc8\xd2\xa6\x8e\xc1\x01Y\xc2\x87%\xcbp\
8lwvv\xae\xed\xdc\xb9\xf3\xe7\xf1x\xfc\x8bk\
kk\xc7\x9fz\xea)\x10A\xb7\x86\x0a`\x93\xd1$\
\xcc\x1a@\xd2|\xf0\xc1\x07\x97\x08!\x97\x92\xc9d)\
\x1e\x8f\xef)\x14\x0a\xb1\xb5\xb5\xb5\x9bt\xb0(5\x92\
\x9a%\xac.y\xd1d[O?\xb4D\x93\x1c6\x8b\
@\x904a\x15\x8bw\x8dz%@7\xf5hZ\xc9\
\xaa\xe1\x87\xe4\xcaJ\xdc^\xcaP\xcf8\xaa\xf4\xbc\x86\
\xf3\xba\xdfI\x871%K\xba\x7f\xe3\x8d#\xb4\xab;\
R\x9b\xcbb\xb1\x98\xdd\xdd\xdd\xbd488\xf8B$\
\x12\xf9J \x108\xfe\xado}k\xadI\x96\xff\x8a\
&aRx\xfd\xf5\xd7\xcb\xeb\xeb\xeb\xf3\xdb\xb7o?\
\x9eJ\xa5Nttt\x84\xa3\xd1h\xfb\xda\xda\xdaM\
\xc7N\xec\xda\xb9\xcbb\xb1\xe8t^\x955,vV\
$M\xbcO\x0e\xe2\xa9\x06\x91\x1f\x12\x9e\xdf\xaaZ\x1d\
\xc8\xd2\xc3A\x1f\x89D6\x8e\x9e@\xdb\xf0\xd4\x99n\
\xf3\xf4Z\x17\x91\x9a\xb5^h\xb4\x95\xac\xdf\xea[?\
\xd2q\x9b\x86n<S\xd2\xb57\xf1v\x12\xdes\xab\
\xe6L%\x99Ln\xb8\xef\xd4!`\x9b\xba\x9a\x8b=\
:Bj\xfef\xbb\xbb\xbb\x17\x86\x86\x86^\xcb\xe5r\
\x07J\xa5\xd2\xc1\xd7_\x7f\xfd\xecO\x7f\xfa\xd3\xa2f\
5\xef\x1a4\x09\x93\xc1\xf4\xf4t\xf5\xf0\xe1\xc3\xf9\x07\
\x1f|\xf0\x5c<\x1e\x7f+\x9b\xcd\xce\xb4\xb7\xb7w\xdc\
\xb8q\xa3{mm\xed\xa6\x19\x13\xaf\xbcA\xd7x\xb2\
k\xbfx\xd2&\x10\xae\x8ez\xd7\xef\xbdD\x1e\xdcN\
\x0c^\xcb\x86.\xf5\x808Y\xbf\xa9~\x12T=\x16\
\x02~/0\xeaM\x98\xf5\xd8\xdbl\xb4\x14\xe76^\
\xa3\xf6VM\xd3\xd1\xcd\x0b\xde\x1b\x10%mm\xae\x1b\
\x17\xe6\x99B\xa1p\x93C\x02B\x11\xf0\xc0\xc0\xc0\xdc\
\xd0\xd0\xd0_g2\x99\xaf]\xbf~\xfd\x97?\xfa\xd1\
\x8fn\xc0<\xa8\x95\xf8]\x86&a\x0ap\xf8\xf0\xe1\
\xca\xd0\xd0\xd0RKK\xcbT8\x1c^\x0e\x85B\xfb\
'&&\xb2\xbc\x09\x12\x08\x13-be\xe4\xc7\xc6\xc5\
\x95\x9f*\x1ei\xb0\x9a\xb5\x91jJ\x1c\xc0\xe8\xab\x92\
\xdd\xdf\xdc**S\x84]\xa7\xe3\x18\xb8\x87\xc9\xba\xc6\
\x9b\x9f\x9f\xf7\xb4\x87\xc9JJ\x9b\xb1\xa7'\x82\x17\x02\
\xd7\xe9\x13\xf52D\xf2K\xbd\xaa\x9b\x0f\x00\xef\xb3\xd4\
y\x8ft\xf9`A\x8f\x97>\xd3@\xeb\xfd\xf6\xf6\xf6\
\xea\xc0\xc0\xc0\xf3\xb1X\xec[\xeb\xeb\xeb\xa7\x7f\xf8\xc3\
\x1f\xde\xb1\x97?\xfb\x81&aJp\xf2\xe4\xc9\xca\x03\
\x0f<\xb0lY\xd6L<\x1eO\x07\x83\xc1\x8f\xce\xce\
\xcer\xcf\x95\xb0\x06A:\x92&\xa1H\x936\x88\xf1\
\xaa\xa25\x09\xd7\xa8tT\xe9\xe1 G\xc3(\x99\xa3\
\x83\xadB\x9e~\x02&0V\xc2\x84>\xe5\x950\xb7\
\x22\xb6\x82\x9a\xd3m\xf8z\x93$/-\x98\x17L%\
K\x9ea\x0f\x02\xc92\x97\xcbU\x87\x87\x87\xdf\x8d\xc7\
\xe3_\xcf\xe5ro<\xf5\xd4Sw\xa5\xbb;\x134\
\x09S\x81#G\x8eT?\xf4\xa1\x0f\xe5#\x91H>\
\x93\xc9\xb4\xc7b\xb1\xddSSS\x96ho\x0e\xd5\x1e\
*wzl<\xda\x92V\xf7\xac\xa7\x17l\xc6\xbe\xa6\
N\xba\xf0\x1b\xd4\x1f>\xb23\x9b[M\xf2\xf4\x0a\x1e\
a\xd6s\x0f\xb3\x91\xf0k\x7f\xb3\x1e\xf9l\x86\xaa\xd6\
$\x1f$K\xb4\x93\xd0\xd9\xefD\xc7)\xac\x0a\xd6\xae\
y\x04\x829\xa6\xab\xab\xcb\xde\xb5k\xd7\x11B\xc8\xc1\
r\xb9\xfc\xcb\xaf\x7f\xfd\xeb\x85:V\xe9\x8eA\x930\
5\x00\xa4\xf9\xc8#\x8f,\x07\x02\x81\xd9\xb6\xb6\xb6j\
*\x95\xba\x0f&1V\xcdA(\xf2\xab\x99hk\xab\
\xec\xec\xda\xf9D\x9e\xb3\x03/\xf0B(^'\x08/\
\xfb\x9b\xa8\xa2EKZQ\xd9\xfcR\x89\xea\x94\xb3\x9e\
\x04-R\xc9\xd6\x930\xeb\xb1\xa7\xc9\xa6\xdf(U\xb0\
[\xb5\xae_a\xfd\x92z\xe90h\xe0\x83\x0bh\xdd\
\xf2\xae\xae\xae:\xfb\x96,\xd0^\xa0\xbf\xbf\x9f\xec\xda\
\xb5\xeb\x15\xcb\xb2\xbe\x1a\x8dF_~\xe9\xa5\x97\xa6g\
ff\xb4\xd2\xbe\xdb\xd1$LM,..\xae\xef\xda\
\xb5k1\x10\x08\x5cI\xa7\xd3\x85d2\xf9\xc1\xf9\xf9\
\xf9\x00O\x0aB\xd2\x84\x09_F|\xbcI\x18U\xbb\
\xf0;^\x95%\x22\x05\xbf\xcf\x5c\xd6#-\x13\xa2a\
\xc3\xa2%-\xbb\xaf\xa9\x13\xbf\x11\xd2\xa7\xec\xc8\x85\x1b\
\x0b_\xaf\x12\xa6\xac,\x8d \xc7F\xe4\xc3\xcb\xd74\
\xbcn\xf9TaM\xd32\x09\x13\x8dFI*\x952\
6\xf0Y__w\xd4\xb0l\xbax\xa1tooo\
yhh\xe8\x17\xa1P\xe8\x8b\xc1`\xf0\xc8\xe4\xe4\xe4\
\xf4\xd8\xd8X\xd3\xc0G\x13M\xc2\xd4\x04\xac\xc0\x1e\x7f\
\xfc\xf1\xd5R\xa9\xb4dY\xd6D2\x99\x5cI$\x12\
\xf7,..FX\x07\x07\xa4F|0\xc9\xeb\x18\xf4\
\x10f\x82E\xc2\xa5\x0d\x82d\x04\xd0\xe8}M\xb7i\
\xb9%x\xa8\xbfL\xda\xf4+\xcfzCF\xb0\xf0\x9e\
e\x8e\x0bx\x04\xb8U\xb0Ye\xd9\xcc6\xf0c\xcf\
\x93\x17\xce\xaa\xf9^\x06\xc9\xd24>\x10%H\x97l\
\x1cX\xb4'\x12\x09\xe8[\xab\x83\x83\x83/F\xa3\xd1\
/[\x96u4\x9b\xcd\xde8x\xf0`\x93,\x0d\xd0\
$L\x03\x8c\x8d\x8d\xd9\x9f\xfa\xd4\xa7\xd6\x17\x16\x16\x96\
\x92\xc9\xe4D4\x1a]I&\x93;\x0b\x85B|u\
u\xf5\x96\x8dGT\xb1\x92\x9azEe\xe1\xca\x02\xa5\
M<\xb6\xd2\x88\xbdMQY\xfc\x08K\xc71\x91:\
\x09%m\xaa.\xa7\xf6+\xdfF\xc3b\x1c\x17\x10\xca\
\xe8g\xab\xeda\xfaE\xdc^\xa4\xd2FH\xca&\xcf\
DaM\xf2\xb2\xa8\x8b\x0a\x88\x81T\x0a\xe3\x81\xe7\x8c\
\x80\xd4\xc82\x99LV{zzn\xf4\xf5\xf5\xbd\x10\
\x8dF\x0f\xc4b\xb1c_\xfb\xda\xd7\x96?\xf9\xc9O\
n\x9dU\xd7m\x82\xad7s\xdc\x06\xb0m\xdb\xfa\xd3\
?\xfd\xd3d \x10\xd8\xb1\xb6\xb6\xf6G\xb3\xb3\xb3\xff\
\xdd\xd9\xb3g\x87'''\xb9\xa2$L\xf20\x08`\
\xd5h\xd5|\xcc\x9a\xa8X\xad\x9aCd\xbc\x91@\x14\
\xdf\x14\xa6\x04\xeeGX\xb7\xb0j\xfeV\xd1\x18\x08V\
\xd3\xacQ\x83\x97\xb47\x1bP\xaf\x1d;v\x90\xfb\xee\
\xbbo\xe37x\xcf\xe7\xcf\x9f'\xc7\x8e\x1d\xdb\xd4\xb2\
\xd5\x83\x9c\xeae\xc5\xea\x05~\xecS\xea\x86\xe3Y\xae\
\xc6\xe3\xf1\x8dk\x04u\xd3@\x87\x04\xacU9Z\x9c\
\xa7\xd3\xe9rOO\xcfT.\x97\xfb\xa7x<\xfe\xdd\
\xd5\xd5\xd5\x13\xcf>\xfbl\xd3\xd5\x9dK\xf8cYr\
\x97\xc1\xb2,\xe8l\x85'\x9f|\xf2\xf4\xdc\xdc\xdc\xdf\
\xe6r\xb9\xd5p8\xfc\xc7\xe1pxd||<\xce\
\x86G\xab5\xe8\xd4@\x9a -\xf2HO\xb4*\xc5\
\x81\x01i\x14\x8b\xc5\x0dC\x00S\xf5$S\x07\xe9*\
\xd8d/\xb0\x11\xfb\x866u\x9e\x10\xea\x0em\x00\x84\
\x09\x93\x85\x17\xbf\xb4D \xe9lei\xb4\x1e\xa8\xe7\
~\xa7\x1bI\xb2Q{\xa1:\xf9\x98\xf4\x037\xe5\x05\
b\x03\xb2\xc4\xad\x1bUY\xf0/\xcc\x05\xb0pd\xfb\
\xbfUsH\xd0\xd2\xd2R\x1a\x18\x18\xb8\x94\xcdf\xff\
!\x91H\xfcM\xa9T:\xf5\xec\xb3\xcf\x16\x9bd\xe9\
\x1eM\x95\xac\x07\x8c\x8d\x8d\x95\x9fx\xe2\x89\xa5\xb5\xb5\
\xb5k\xc9dr)\x1e\x8f\xa7\xcb\xe5r\xc7\xe2\xe2\x22\
\xf7\xb6i\xe8\xd8h\xbd\x86*ZSc\x1e\xdc\x1b\x85\
\xf8\xe8YH4\xc0\xfc\xdc\xdb\xac\xf7\x9e\xa5\x09\xb0\xbe\
0\xd1`;\x9a\x5c\x1b\xe6\x06\x8d0 j\xd4\xb1\x92\
F\x1b\xe6\x98\xc2\xab\x9a\xd74\xac\x9f\x0b\x03\xd3p@\
\x92\xb0\xf8S\x8de\x1a0\x07\xe0\x1d\xbd\xbcE3\x8c\
\x8bL&\xb3:44\xf4n6\x9b\xfd/\xb1X\xec\
\xc7\x85B\xe1\xf43\xcf<\xd3tu\xe7\x11M\xc2\xf4\
\x88\xb1\xb1\xb1J\x22\x91X\xd8\xbe}\xfb\x99H$\xf2\
NOO\xcfdooo:\x9f\xcfw\x16\x0a\x85[\
\xda\x17:8\x90&\xee7\xc0@Q\xedM\xb2\x935\
\x10&^\xfaJ\x9f[\xd4\x8d\xaf\x82_\xe4@K\x85\
^&%\x99\x14Lj\x13\x04\xcf'\xad,\xeef@\
$\xbd\xa2\xd4,\x22\xcc\xdb\xc1\xe8\xc7m\x99\x1aE\x8e\
~\xe4\xe7%=\x9e\x0a\x16\x88\x12\xef\xb1\xd4\x89\x8f[\
\x11<\x7f\xb0\x98f,\x16\xb3\x87\x87\x87g\xf7\xee\xdd\
\xfb\x9dX,\xf6W\xeb\xeb\xeb\xff466v\xf5\xc5\
\x17_\xbc\xab/~\xf6\x0bM\xc2\xf4\x01\x97/_\xb6\
_y\xe5\x95\xb5'\x9ex\xe2\xda\xf2\xf2\xf2\xd1l6\
\xfbZGGG[\xa5R\xd9u\xe3\xc6\x0d\xae\xda\x9b\
&N<~\x22\x1b|\xbc\x89\x1f%VH\x03\xef\xdc\
\x149t\xf7r\xbc\xc3o\xf8\x99.\xad\xa6\x8d\xc5b\
\x1b{@\x22\xf7z\xb6\xcbc\x1f\xf5\x86u\x1b\x5c\xef\
\xe5U2\xf5C\xb2uk \xa4\xabvm\x84\xe1\x11\
\x92\xa5\xcc#\x18\x0b\xbc\xbb\x92\xe7\x01\xcb\xaay\x09\xcb\
\xe5r\xe5\xdd\xbbwOtvv\xfe\xef\xc1`\xf0[\
\x1d\x1d\x1dg\x0f\x1c8\xb0\xd2<c\xe9\x1f\x9a\x84\xe9\
#\xc6\xc6\xc6\xec#G\x8e\x14\x1f\x7f\xfc\xf1\xf9R\xa9\
4\xdf\xd5\xd5\xd5\x9dJ\xa5\xb6\x89\xcek\x12\xca\xcaM\
uf\x93h\xa8j\x81<i\xe2$.\xd5N\xa6\x13\
\xc1VQ\xd7\xa2z*\x12\x89l\xdc\xe6 3\x90\xda\
J\xa4I[\xc9\x22\xecM\xbe\xde\x8b\xf8\xa8\xbe\xf5C\
\xb2\xab\x97D\xd9H\xeb\x5c\xdc\xaf\xd4uL\x82{\x95\
\xbc\xe3\x22\x842\x16\x1a\x1c\x1c\xac\xee\xda\xb5\xebD,\
\x16{6\x14\x0a\xfd\xdd\xd3O?=\x07\xf3\x91\xa7\xc2\
6q\x0b\x9a\x84Y\x07\x8c\x8d\x8dU\x1e}\xf4\xd19\
\xdb\xb6\xaf\xa5R\xa9|6\x9b\xdd\xb7\xba\xba\x1a.\x14\
\x0a\xdc\x19\x9a\xbdcS\x06\x99\xf4\x87\xe4\x8b\xd7\x87\xc9\
\x8c\x08\xfc\xb6\x82\xf5\x22\x95\xd6C\xa2E\xc3\x07\xde-\
(\xaa2l\x86\xd1O=\xf60M\xca\xee\xb7\xd1\x8f\
\x9f\xd2h=$J:\xacI\xba^\x80\xfb\x95:d\
\x89\xd6\xf4\x22\x7f\xb0\xa4\xe6\xb9'\x9b\xcd\x92\xa1\xa1\xa1\
\xb5\x9e\x9e\x9e_F\x22\x91\xaf\x06\x83\xc1_\x1f;v\
l\xe2\xf2\xe5\xcbM\xb2\xac\x03\x9a\x84Y'\x84\xc3\xe1\
\xf5\xce\xce\xce\xf9X,6\x11\x0e\x87\xa7\xb2\xd9lO\
 \x10\xc8\x82\xb4\xc9\x0b\xcf\x9e\xb9\x14\x19\x01\xa8&q\
\x8c\x03\x04\x0c+SL\x8b\x87\xcd\xda\xdbdQ\xcf}\
%\xa8{4\x1a\xbd\xe9\xc2jY\x1c\xbf\x0dAta\
\xf9|[I*\x95\x22\xfb\xf6\xed#KKK\x1b\x0b\
(\x11l\xc6\xdf(\xfb[\xa3Q\xef}\xcdF\x93/\
n\x17\xa0\x03uUZ\x10\x06\xaf\xe4\x12]B\x00\xfd\
\xb9\xe6<\xfdZ:\x9d\xfeI4\x1a\xfdv\xb5Z}\
sjj\xea\xfa\xcf~\xf6\xb3\xa63\x82:\xa1y\xac\
\xa4N\x18\x1b\x1b\xb3\x1f{\xec\xb1\x1b333\xef$\
\x12\x89\x82eYS\xfb\xf7\xef\xff\xaf\xda\xdb\xdb\xff\x7f\
\xef\xbc\xf3N`ee\xe5\x968\xb8\xa2\x84A\x02\x83\
\x0b\x06\x19\xaa\x15i\xa8\xf6\xe1hC\x9b|>\xefL\
\x9ex\x94\x85VQ\x9a\x1a\xc7\xf0\xa4\x10?\xe1g\xfa\
\x98\x16\x90$-m\xa2\xeb0\xb7\xc6\x1al\xf9D\x92\
\xd0f\x1cK\x81\xfc\xa0\x8e===d\xf7\xee\xdd\x1b\
\xaa<r\x1bX\xc6\x12\xc3\xe3\x1b\xbcx\xaa\xba\x99\xd6\
\xdd\x8f6\xa3\x8f\x8c\xf0\x16\xc04P\xaa\x84\xb9\x01\xde\
\x9d\xa8\xef\xc1\xdc000`\xf7\xf7\xf7\xbf[\xa9T\
~\x18\x0e\x87\x7f\x13\x8dF\xdf\xfb\xcaW\xbe\xb2R;\
\xf2\xd6D\x9d\xb0u6q\xee\x5cX\xff\xe1?\xfc\x87\
h2\x99\xec\x0f\x06\x83{VVV>5;;\xfb\
?\x9c9s&5==-l\x7fX\x95\x82d\x04\
\x83\x03\xd5\x8anU\xab\xe8\xc8\x1c\x06.\xfc\x8fi\xf1\
\x8c\x07\x8c+\xd7 \xa7\x05~\xa5\x03\xed\x0a\x93\x11L\
J\x8d\x22\x0f\x1d\x82\x85\xf7\x22r\x5cp\xf4\xe8Q\xa9\
!\x17\xa2\xa5\xa5\x85\xec\xdc\xb9\x93\xf4\xf6\xf6:\x0b\x84\
\xd3\xa7O\x93\x13'N4\xa4\x8en\xd1\xa8\xbd\xd1z\
\xed\x7f\xca\xc2\xc2;\x80\xf1+\xf3\x07\x8d@\xa9\x12\xef\
\xae\x14\xedWf\xb3Y\xd2\xdf\xdf\xbf\xd6\xda\xda\xfa\xcb\
h4\xfa]B\xc8)\xcb\xb2.>\xfd\xf4\xd3\xcd\xf3\
\x95\x0d@S%\xdb\x00\x1c;v\xac\xfc\xe9O\x7fz\
)\x9f\xcf/\x86\xc3\xe1\xe9H$r\xb9\xb5\xb5\xb5+\
\x14\x0a\xb5\xcf\xcd\xcdqU\xb4\xf4~\xa4\xa5\xb8+S\
G\x9a\xa1\x8d\x82h\x03\xa3\xad,q\xf8\x0d\x9c\xb4\xf0\
\xfc&\xa9\xb5\x8b_{\x96V\xcd\x1b\x91\xdb\xb8\x22\x95\
\xacj\x0f\x13\xea300@>\xf0\x81\x0f\x90\xf6\xf6\
vg\xa1\x05\xe9\x9d;w\x8e,//\x1b\x97\xc5\xcb\
\xfe\xa1i>\xf5D\xbd-_e\xc6d&*X<\
W)#KH\xa7\xab\xab\xab\xbac\xc7\x8e\xab\xc9d\
\xf2\xbf$\x12\x89\xff\x14\x0c\x06\x8fNNN^\xf9\xfe\
\xf7\xbf\xdf\xbc\xf4\xb9Ah\x12f\x83066V\xfd\
\xf4\xa7?\xbd\xb2\xb8\xb8x#\x12\x89\xccF\xa3\xd1\x8b\
\xdd\xdd\xdd\xc1\xd6\xd6\xd6= i\x8a\xbc\xd5\xd8\xb5;\
6\xf1\xca07\xc7O\x08\xa3\xa2\x5c__\xdf\xb8{\
S\xc7\xbb\x88.\x1amu\xea6?\xbbv\x0c\x05\xea\
\x8e\xc4);\x86\xa2\x9b\x0fH\xf0\x0f<\xf0\x803Q\
\xa2\xeb>]\xb85\xfa\xc9d2ddd\x84l\xdf\
\xbe\xfd&\x83\x92\xa5\xa5%r\xf1\xe2E\xe7]\xeb\xe0\
v'G?\xf2\xf3\x83,\x83\xc1\xe0\xc6v\x8aN\x9a\
\xaa\xbdJR\xeb\x1b\xbd\xbd\xbd\xb0 :\x1a\x8dF\xbf\
\x15\x8dF\xff)\x16\x8b\x1dK\xa5RM\xe7\xe9\x0dF\
\x930\x1b\x08<v222\xb2\x90N\xa7\xe7C\xa1\
\xd0\xb9h4:iY\xd6}\xd7\xaf_\xe7z\x07B\
\xc0\x80\xa2\xa5M7\xa4\x89@\xe9\x15\x06+}w'\
\xf1ab\xdb\x0c\xebR\xd5\x9e.\x0ft\x1c\x90\xc8X\
\x89S\x96\x97\x88P\xa1M;::\x1c\xd5j\x7f\x7f\
?\xc9\xe5r\x1bN&t\xactM\x08\x13\xca\xbbm\
\xdb6\xb2\x7f\xff~'\x1eL\xd0\xb4#\x04\x88s\xf9\
\xf2e'_\x1d\x95\xb0\xdf\xd8\x8c=S\xb7\x12\xa5\x89\
Q\x8f,,\x90e:\x9d\xde\xd8BQaeee\
C\xaa\x14\xe5\x07i\xb6\xb5\xb5Uw\xee\xdc\xf9v\x22\
\x91\xf8\xdf\xca\xe5\xf2\x1b\xed\xed\xedg\xbe\xf8\xc5/\xae\
5\x8f\x8d4\x1eM\xc2\xdc\x04\x1c;v\xac<00\
\xb0\x14\x8f\xc7o\x04\x83\xc1\xeb\xa9T*nY\xd6\xc8\
\xdc\xdc\x9c\xd4\x08\x0b-i\xf1\xe6\x0e\x19tH\x93P\
\xaaZH\x17\xcfo\xaa\xf6[t\xd25\x85\x9f\xfb\x94\
&\x84\x8duE\xc3 \x9a8Ma\xd7\xce\xcc\x01\x91\
\x01\x81\xa5R)\xd2\xd9\xd9\xe9\x90'\xfc\x0f\xd2\x9eH\
\xe23!\xcc\xd6\xd6VG\xaa\x1c\x1a\x1a\xe2\x1eS\x80\
Ixbb\x82\xcc\xce\xce\x1a\xd7\xc1\x0b\xfc&I7\
\x12\xdffI\xc8\xe8\x8c\x00m\x04D\xc0~\x89~\xa1\
e\xe9B_\xec\xe9\xe9)\xef\xd9\xb3\xe7|\x22\x918\
\x10\x0a\x85~9555u\xf0\xe0\xc1\xfa\xfa\x81l\
B\x88&an\x12N\x9e<i'\x12\x89\xb5\x89\x89\
\x89\xebCCC\xefuwwO\xf4\xf5\xf5E\xc2\xe1\
pK\xb1X\x0c\xad\xaf\xafs\xdf\x0dN\xca\xf0\x81A\
\x8a\x9e}\xdc\x80&MT\xd5\xa2\xbb=t\xd9\xe7\xb7\
\xa4\xe8\xf7\xf9O\xbf\xcaA\x13'\x10\x10H\x9d\xb2\xe3\
=\x22\x804\xb9\xbc\xbc\xec\x10$ZG\x02y\x02\xc9\
\x0d\x0e\x0e:d\xda\xde\xde\xeeL\xae0!\xa2z\xdc\
\xa2<\xfd`9\xe0\xbd\xd0\x9e~@z\xfd\xc0\x07>\
\xe0\x1c\x17\xc9d2\xdcE\x13\xa4u\xf5\xeaUg\xff\
\xd2\xabSz\x1e\xfc&\xa4z\xef3z\x89\xab\x22a\
\x1c'\xf0\x9e\xe1\xa3\xaa\x07j\x1b@\xb2\x14\xa9\xeb!\
\x8dd2Y\xe9\xeb\xeb+\xec\xda\xb5\xeb\xd4\xd0\xd0\xd0\
\x7f\x0e\x87\xc3\x07\xa6\xa6\xa6~500\xb0p\xf0\xe0\
\xc1\xa6T\xb9\x89hZ\xc9n\x01<\xfa\xe8\xa3\xd6\x9e\
={ZR\xa9\xd4\xf6R\xa9\xf4\xf0\xe2\xe2\xe2\xa7/\
^\xbc\xf8\xd1\x0b\x17.\xb4\xe2\xb1\x00\x1e\xd0\xea\x13\xad\
ii\x0bX\xb7@\x22\xc1\xc9\x00\xd5\x95x;\x8a\x1f\
\xbeZ\xdd\xa8m\xeb\xa5\xeaU\xedWZ\xd4\x95b\x22\
\x1f\x9e\xbc4A\xb2\x04b\x03\xa9\x91\xe7\xe7\x17\xd5\xe2\
 i\x00\xc1MNN:*\x5c\x9e\x95\xec\xe9\xd3\xa7\
\x1d\xa2\xdd\xb9s\xe7\xc6\xde\x18\x0f\x90\xe6\xf5\xeb\xd7a\
1F\xe6\xe6\xe6\x8c\xdb\x82N\xa7\x9e\xea\xdbz\xabN\
\xfd\xcaO\x06$J\xf4(%#U G<.\xc6\
\x0b\x87{\xea\x90^ggg\xa1\xaf\xaf\xefD\x22\x91\
\xf8Y8\x1c~1\x1a\x8d\x9e\x8c\xc7\xe3\x85\xd1\xd1\xd1\
\xe6^\xe5\x16@\x930\xb7\x0e\x9c\xe3'---}\
\xd5j\xf5\xfer\xb9\xfc\xc4\xe2\xe2\xe2gN\x9d:\x95\
\x1e\x1f\x1fOH#\xd6\xa4\x22\xd9\xd9M\xe3\xc2P\xc4\
\x89\x062@\x9e\xb4\xe7\x1c\xaf\xc4\xe96^#\xf7G\
\x11\xe8\xfc\x01\xa5\x04\xd5]\x9c\xd0f\x03\x03\x03\xe4\xde\
{\xef\xdd\xb0Z\xe5\x81\xd6\x18\xc0\xe4\x8b\xbepI\x8d\
0\x17\x16\x16\x1c\xa2\x06\xe2U9\xea\x86\xf0\x17/^\
t\xee\xcf4y\xff\x8d\xd8gtKx\x8d\x92&M\
\xc2\xe3q\x11Y},\xcaS\x0f\xefbg\x1a\xb5}\
\xca\xd2\xf0\xf0\xf0R&\x939\x1c\x0c\x06\x7fhY\xd6\
\x9b\xad\xad\xad\x97GGGK\xcd\xe3\x22[\x07M\x95\
\xec\x16\xc2\xb1c\xc7\xcaCCCK\xad\xad\xad\x93\xc1\
`\xf0R4\x1a\xbd\xd4\xdd\xdd\x9d\xcef\xb3\xddKK\
K\xd6\xfa\xfa\xba\xf0J\x12\x9cxYkZ\x1d\x03\x16\
\x110\x0cm$\x84{\xa8\x22#!\xaf\xc72\xb6\x8a\
\xe4\xc9\x82>~\x82R\xb7E]\x06\xce\x96\xc1\xae9\
\x8d\x80\xe7]]]\xc2\xf2\xe1b\x07\xafk#L\x1b\
\xc2\xef\xa8\xbe\x95\xd5\x11\xf2\x03r\xbd|\xf9\xb2c!\
K$\xee\xee\x1ai\x8cSokU\xaf\xf1u\xda\x03\
\xc3\xa0\x14\x88\x0b\x17^\x1c|G@\x92\x85BA\xba\
\xb0\x82\xf4R\xa9\x94\xbdc\xc7\x8e\xca\xae]\xbb\xce\xc6\
\xe3\xf1\xff\x14\x89D\xbeW*\x95^\xbf~\xfdzs\
\xafr\x0b\xa2)anA\xd8\xb6m}\xfe\xf3\x9f\x8f\
\xd8\xb6\xdd\x1b\x08\x04\xf6\x95\xcb\xe5\xdf_ZZ\xfa\xb7\
g\xce\x9c\xe9>w\xee\x5cJ\x16\x97\x1e\xd8\xb0\x0a\xd6\
\x916u\xc8\x86\x0eC\xef\xdd\xd0\x97a\xfbI\x9en\
\xe37\x82@i\xe9\x1bUn\xb8\xff\xcbJ\xdd\xf0\x0e\
v\xee\xdc\xe9X\xce\x8a\x5c\x14\x8a`Z\x8fK\x97.\
\x91\xb7\xdez\xcb\xb3Z\xde+\x1am0V\xcf<i\
\x830\xe8\xef*'\x04x\xa6RG\x03\xd1\xd5\xd5U\
\xdc\xb1c\xc7l\x22\x91\xf8m(\x14\xfa\xb1eY\xc7\
VWW'\x9e}\xf6\xd9rS\xaa\xdc\x9ahJ\x98\
[\x10\xa3\xa3\xa3\xe4\xf0\xe1\xc3\x95\xa1\xa1\xa1\xe5p8\
<\x1d\x0c\x06'\xe2\xf1\xf8\xc5\xee\xee\xeeDgg\xe7\
\xb6\xeb\xd7\xaf\xdb\xa5RI*m\xc2\x80\x85\x0f-\xb9\
\xc8`\x22q\x12\xcaa<H\x9e0\xf8AJB\x02\
aI\xc3\x0b\x81y\x89\xef\xf6<\xa5.l\xcaK\x0f\
H\x9d\xf0a\xfd\xd5\xe2q \x5c\xc0\xa8\xee>e\xcb\
\xaf[\x0e\x90f\xaf^\xbd\xea8:h\x04\xfc\x90X\
\xfd\x90v\xdd\xa8]u\xf2\xa4\xdf-\xbc7\x99TI\
j\x04\x88g*\xa1\x0f\xa8\xc8rpp\xb0r\xef\xbd\
\xf7\xbe\x17\x8b\xc5\x9e\x09\x04\x02\x7f\x93\xcf\xe7\xdf\xec\xea\
\xea\x9a}\xea\xa9\xa7\x9a\xf7Vna4\x09s\x0b\xe3\
\xe4\xc9\x93\xce\xb9\xcdO\x7f\xfa\xd3skkk\x93\x96\
e\x9dN\xa7\xd3\x17\x93\xc9\xe4\xae\xc9\xc9\xc9\x8cJr\
DOA\xa6\xe7,u%N\x94^q\x0f\x0e\xfe\x87\
\x09\x86\xb6\xdc\xf5c\x9f\xd3-\xea}\xd4\x800~{\
IM\x85\x8a\xc6W(\xe9\xad\xad\xad9\xef\xa2\xb5\xb5\
Uy\x1b\x8dI~\xf4gzz\xda\xb1\x8c5q\x96\
\xb0\x19\xf0\xf3]\xd4\xeb\xbdb\xba0n\xd2\xe9\xf4\x86\
\xa54\x0f\xd8\xa7\xf1bg\xd5\x91\x92X,F\xfa\xfa\
\xfa\x8a\xc3\xc3\xc3\xbf\x8eF\xa3O\x06\x02\x81\xdfd\xb3\
\xd9\xf3\x07\x0e\x1cXo\x9e\xab\xdc\xfah\x12\xe6m\x80\
\xb1\xb1\xb1\xca\x13O<\x91/\x14\x0a\xd7\x83\xc1\xe0T\
:\x9d.\xb7\xb5\xb5\xdd\xbf\xb2\xb2b\x17\x0a\x05\xe9\x0c\
\x8c\x84\x86\x9e}t\x5c\xe2\xb9!6v\x9f\x93\xd4&\
\x1c\x9eD\xd5\xa8}\xc7F\x82&/<\x96\x82\xc6>\
\xd0. \x01\xc2\xb3\xce\xceN\xdf\xeb\x0dm~\xed\xda\
\xb5M\xbd7S\x04v\x1f\xd5K:n%Z\x938\
4Y&\x93\xc9\x0d\x15,\x0b\xd4\xa6\xa0T\xa9R\xc1\
\xd6\xae\xe2*\xed\xda\xb5kepp\xf0\xadp8\xfc\
\x95`0\xf8\xdb\x96\x96\x96\x85\xd1\xd1\xd1\xa6Ty\x9b\
\xe0\xce\x99\xb1\xee\x0eX\x9f\xfb\xdc\xe7B\xd1htW\
\xb9\x5c~\xbc\x5c.\x7fvzz\xfa#'N\x9c\x88\
\xdc\xb8qC\xea\xf4\x80>&\x82{1:{]\xa6\
\xfb\x9b\xf4ot\x9e\x22#\xa4;\x894i\xe0^2\
\xd6\x0f\x8f\xa3\x0c\x0d\x0d97\x89\x98\xa8fe\x80w\
855\xe5\x1c%YXX\xf0%M\xbf\xe0\xe71\
\x94z\xc6e\xb5  \x05\xa2\xb59\x0b\xfa}\xe21\
#\x95\xfa5\x95JU\x87\x86\x86J]]]\x17\x08\
!\x7f\x1f\x8f\xc7\x7f\x11\x8b\xc5\xde\xfa\x8b\xbf\xf8\x0bs\
G\xbfMl*\x9a\x12\xe6m\x86#G\x8eT?\xf1\
\x89O,V*\x95\xa9H$r6\x9dNO\xf5\xf5\
\xf5\xb5\xc5\xe3\xf1\xc4\xe2\xe2b\xb8\x5c.\x0b\x19\xc8\xae\
\xdd\x93\x89\xdef\xf0|\xa5\x0an$B$GZe\
\x8b\xc6\x13\xb4\xf5\xad\xdf\x9fzBdm*;2\x82\
eB'\x13\x84\xda\x17\xf3\x834Az\x05\xc9r|\
|\x5cX\x06Y\xb9\xfdn3\xbf\xdfE=\xd5\xael\
\xfd\xa1o\xe2Uxl\x1dp\x01\x04\xfd\x19$J \
K\x95c\x08 \xdd\xc1\xc1\xc1\xf5}\xfb\xf6Mf\xb3\
\xd9\x9f\x85\xc3\xe1oU\xab\xd5\x17\x09!\xef\xbd\xf9\xe6\
\x9b\xab\x97/_\xaeK\xdd\x9a\xa8\x1f\x9a\x84y\x1b\xe2\
\xb5\xd7^\xabl\xdb\xb6m1\x95J]\x0b\x85BW\
b\xb1\xd8\x99l6\xbb\xda\xd3\xd3\xd3\x05s\xf3\xe2\xe2\
bD4\xd1 \x89\xe1\x05\xd34\x89\xe9\xc0\xadDh\
S\x97Z\xc3_$\x10$\x8dzK\x9a\x8dT\x03\xf3\
\x08\x09'\xe0R\xa9\xe4\xb4\x7f2\x99\xdc\xb8\x81\xc6\xad\
\x0a\x1c0??\xef\x9c\xbd\xcc\xe7\xf3\x0d=.B\xea\
Df\x8d(?\x9b\x07.`\xf0l%\xbd\x0f\x89D\
\x09q\x80$WVV\x94F=\x90^www\xe9\
\x9e{\xeeY\xe8\xec\xec|=\x1a\x8d>C\x08\xf9I\
4\x1a}srrr\xee\xfb\xdf\xff~\xa9I\x96\xb7\
'\xeeL}\xd8\xdd\x03\xeb\xc9'\x9f\x0c\xe6\xf3\xf9l\
\xb1X\xdcI\x08\xb9\xafT*}v~~\xfe\xb1\x93\
'OZ\xd7\xae]\x93\x9et\xc7\xc9\x1a\x9d\x1eD\xa3\
\xd1\x0dc\x15U<\xaf\x96\xaf\x84R\x13\x03a#y\
`\xde\x8d\x94\x16\x1b\x0d\x98\x80\xf1\x92g4\x02\x12\xa9\
\xb5e\xed\x00\x13\xf7\x85\x0b\x17\xc8;\xef\xbc\xe3\xd9Q\
\x85\x0c\xf5\x92J\xeb-\xed\xf2\xf2\xa3\x81gjE7\
\x8b`\x99\xd0\x07\xb0\x8e\xe4\xdc\xde\xde^\xda\xbe}{\
\xa9\xb5\xb5\xf5L \x10\xf8\xb1eY/\x85B\xa13\
W\xaf^]<t\xe8P\xb5y\x5c\xe4\xf6F\x930\
\xef\x00<\xf9\xe4\x93\xe4\xe7?\xffy\xf0\xb1\xc7\x1eK\
\xe5\xf3\xf9\xce`0\xb8\xa7\x5c.?\x5c(\x14>t\
\xfa\xf4\xe9\x0f]\xbat)S*\x95\xa4\xef\x1aW\xd2\
0y\xc0$\xa2\xebf\xcf\xad\xb3\x01\xdeoH\xa0\xf4\
\x87=\xf7\xc6\x1a\x914J2\xf53\xcf\xf6\xf6v\xb2\
k\xd7.\xc7\x1f,\xeb\xec\xc0\xc4\x18\x0b\xc2\x82\xc4s\
\xee\xdc9\xc7\x85\x9e\x0ei6J5+\xca\xb3\x91i\
\xf1\xc2\xa2F\x05\xfd\x04\xb3\xd6\xdc\x16u\xf3\x0c\x90\xa4\
\xcc\x98\xc7\xa6|\x0f\xb7\xb4\xb4T\x86\x86\x86.uu\
u\xbd\x18\x08\x04~C\x089\x1a\x8dF\xaf\x1f>|\
8?66\xd6tkw\x87\xa0I\x98w\x1e\xac\x7f\
\xf7\xef\xfe]\xa0\xb5\xb55\x15\x0a\x85\x86\x09!\xfff\
ii\xe9\xdfOLL\x0c\x9f;w.Y(\x14\x94\
\xef\x1c\xcfU\xc6\xe3q\x87@y\xae\xf0\xb8\x19\xfb\xec\
\xe6\x8e&Q\x98\xe0\xe0C\x13(o\x9fi\xb3\xc0\x12\
\xab\x08@\x92;w\xeet\x1c\xa9\xab\xf60\xd9:\xe2\
\x04\xcd\x92\xec\xf2\xf229s\xe6\x8c\xe3\xb8\x80\xfe}\
\xb3\xb1\x19\xfb\x982B\xa5-_Y\xb5+\xc6Y[\
[\xdb\xb8ED\x95/\x8c\x8f\xde\xde\xdeboo\xef\
T$\x12y-\x1a\x8d~/\x12\x89\xbc\x92L&W\
\x9b\xbe_\xefL4\x09\xf3\xce\x85cQ\x9bH$\xb6\
U\xab\xd5\x07\x8b\xc5\xe2c+++\x9f\xbcr\xe5J\
\xdb\xd9\xb3gS+++J\x89\xd3\xa2<\xfa\xd0>\
ju&0\x13iL\xd7i\x02\x8f@\x09#\x99\x99\
\x18\xe54\x02t\x19`\xa2\xee\xef\xefw\xa4K\xf6J\
.\x1d\xb0R6\x02\xde\xc9\x95+W\xc8\x89\x13'\x88\
\xccY\x7f=\xd0\x08u\xad\xd7\xb0\xb4\xe6\x84\xee+\xd8\
\x9f\xd0\xe7\xab.Q\xc6b1\xbb\xaf\xaf\xaf\xd8\xd7\xd7\
\xb7\x14\x8dF\x8f\x85\xc3\xe1\xbf\xb7,\xebp>\x9f?\
\xf9\xbd\xef}o\xad\xa9v\xbds\xd1$\xcc;\x1c?\
\xf9\xc9O\x82\xbf\xfd\xedo\xdb\xaa\xd5\xea\xf6@ \xb0\
\x0f\x88suu\xf5\x93\xe3\xe3\xe3\xad\xe7\xce\x9dS\x12\
'\xa1$N\xda\xdc\xde\xc4\xfd\x9a\xdf\x92'a\x08\x14\
\xcf=\xd2w\x11n%\xe9\x13\xd1\xde\xde\xee\xec[\x82\
\x94\xe9\x05t\xbd\xf0\x7f \xca\x8b\x17/\x92\xb3g\xcf\
*\x8dR\xfc@=\xadW\xfd\x0aO\xefQ\xd2\x96\xd9\
\xb8x\x81v\xa2\xdd\xd8\xe9\x12e\x7f\x7f\xffR,\x16\
\x03\xa2|\xce\xb2\xac#\xc1`\xf0l*\x95Z\x18\x1d\
\x1dm\xfa~\xbd\xc3\xb1\xf9\xb3H\x13u\x87m\xdb\xd6\
\x1f\xff\xf1\x1f\x87\x87\x86\x86\xb2\xe5ryG\xa5R\xd9\
W*\x95@\xe2|l||<\xabK\x9c\xecYN\
<\x94\xaf\x03]\x95\xa5(\x9eJ\xfa$\xd4\xd1\x0d\x90\
<\xd1i\x82L}\xdbH)4\x12\x89l\xdc\x87\xe9\
F\xbaT\x01\xde\xc3\xcc\xcc\x8cC\x9a\xe8\x9e\x0d\xf7\xe0\
\xdc\x1a\x04\xd5{\xbf\xd3M\xba:q\xf0\xca;\xfa\xe6\
\x17\xba\xef\xe1\x8d3x\x86R\x83(IOOOq\
ppp)\x12\x89\x1c\x8fF\xa3\xcf\xd9\xb6\xfd\x96e\
Yg\xb3\xd9\xec\xdc\x17\xbe\xf0\x85\x8aeYM\xa9\xf2\
.@\x930\xef\x22<\xf9\xe4\x93\x81\x93'O\x86r\
\xb9\x5c[ \x10\xd8\x11\x0c\x06\xf7\x82\xc4\x99\xcf\xe7\x91\
8\x93\xab\xab\xabZ\xc4Y;\x90\xadmY\xcbK\xc3\
\x14&G_hK\x5c$P4\xf2h\x94%.\x8d\
\xae\xae.\xe7~L\xd9}\x964PJ4\xb9 \x1c\
\x08`||\xdc\x912\xb1\x0dp\xd1\x00\xe9\xc1s\xfc\
\xd4\xd3\xaaV\x07n\xda^\x15\x87&J\xde\xf1\x10R\
sa\xa7k\xf1\x0a}fppp}```9\
\x1a\x8d\xbe\x13\x0c\x06\x9f\xb7,\xeb-\xdb\xb6\xcf\x16\x8b\
\xc5\x99\x9e\x9e\x9eJs\xaf\xf2\xeeB\x930\xefB\x00\
q\xce\xcf\xcf\x87\x83\xc1`[\xb5Z\xddQ\xadV\xf7\
\x95\xcb\xe5O.//\x7f\xe2\xf8\xf1\xe3\x1d\x13\x13\x13\
\xf2\x8b\x17k\xc0\x09\x0ao-a\x1d\x8f\xab\xe0F\xca\
\x13I<:\x12(\xfe\xa5\xaf\xd3B\xc3\x1b\x9e\x81\x8d\
_H$\x12\x8ed\xd9\xd7\xd7\xa7t\x84\x8f\x86'W\
\xae\x5c!\xb3\xb3\xb3\xce\xf1\x13\xf8\xe88\x99\x80\xb6\x9f\
\x9f\x9fw,fo\xdc\xb8\xe1\xfcF\xab\xae\xe9\xf8,\
\x89\xaa\x5c\xbb\xb9\x05kal\x12OW\xfa\x94\x11%\
.\x18\x8a\xc5\xe2\xc6\x8d2\xaa|\xf1\xb6\x9f\x9d;w\
.tww\x1f\x0d\x87\xc3\xcf\x07\x02\x81\xa3\x81@\xe0\
l:\x9d\x9e\x86\xb5I\x93(\xefN4\x09\xf3.\x06\
\x12\xa7m\xdb\xed\x96e\xed\xb0m{\xf7\xda\xda\xda\xbf\
\x9f\x9a\x9a\xfa\xe8\x993gb\xb3\xb3\xb3JW48\
\x19\x03a\x021\xa0\x97\x14\xb7WLyQ\x8d\x9a\xaa\
zi\x22E\x09\x94\x96D\x09\xe5\xe8AG\x22\x11\xa1\
\xb7\xb7\x97\xdcs\xcf=Zd\x09\x84w\xee\xdc9\xe7\
NKtf\x0fD\x90\xcb\xe5\xc8\xf0\xf0\xf0MjF\
\x1e \x0eH\x99\xa7N\x9d\xe2\xd6\x99\xfdN\x7f .\
\x90(\x12).\x80\xdc\xd6\xbb\x11\xf1\xa0\xbf\xa5R\xa9\
\x8dx6\xe5Y\xc9\xa6\xceP\xea\xd6#\x9dN\xdbC\
CC\xa5\xce\xce\xce\xa5P(\xf4\xb7\xa1P\xe8\xa7\xc5\
b\xf1\xdc\xda\xda\xda\xd4\xb6m\xdb\x8aM\xa2\xbc\xbb\xd1\
$\xcc&\x1c\xe2\xbct\xe9R\xa4\xb5\xb5\xb5\xb5R\xa9\
<P.\x97\xff\xa0T*=\xb1\xb8\xb8\xb8\xe3\xd4\xa9\
S\x81\xc9\xc9\xc9\x90\x8e3\x03$\x1eX\x9d\xe3\xc4\xee\
F]\xeb\x05n\x09\x97\x95BQ\x22\xa3I\x94\xf6\x0d\
\xcb\x93Hy\xa4\x9a\xc9d\x9c\xbb0;;;\x85\x12\
\xa2];Oy\xf5\xeaUG\xb2\xe4\xf9'\x85\xfc[\
ZZ\xc8\xde\xbd{7\x8c\x86xu\x85x@\xb6 \
eNMMi\xd7\x1b\xebJ/$\xb0>(\x81\xa2\
\x13\x7f\x1d\xd4[\xdd\xcd\xeeS\xd2GnL\xac^Q\
\xed\xdd\xda\xdaZ\x1d\x1e\x1e\xae\xb4\xb6\xb6\xce\x05\x02\x81\
\x97\xc2\xe1\xf0/\xab\xd5\xea\xab\xe7\xce\x9d;\x97J\xa5\
\xca\x87\x0e\x1dj:Ho\xa2I\x98M\xfc+\x808\
'&&\x92\xb1Xl\x8feY\x83\xd5juo\xa9\
T\xfal>\x9f\xbf\xff\xfc\xf9\xf3\x81+W\xae\x84a\
\x22R\x01&3\xf8\xe0\xa5\xbb@8(\xbdl\x16\xdc\
\x1a\xf7\xb0DJ(2\xa5?,\xa1\x12\xca\xa3\xcf\xce\
\x9d;o\x92Z\xd9s\x94 U^\xb8p\x81,.\
.\x0aU\x86Xv\x90\xa8\x808\xb7m\xdbF\xda\xda\
\xdan\xc9\x93\xd4\xf6?\xaf]\xbb\xe6\x9c\xcdd\xc9\x82\
n\x03\xfa\x19J\x93\xec\x87]\x10\xb0i5\x1a\xf4\xc5\
\xe5\xa4\xb6 \xc3\x85\x08\x90:^\xa5\xa6\xa3\x11\x80\xfe\
\x99\xcb\xe5\xaa\x03\x03\x03\xe5t:}-\x18\x0c\xfeS\
(\x14\x1a\xabV\xab\xe7\xaa\xd5\xeax4\x1a]h\xde\
O\xd9\x04\x8d&a6q\x13\x9e|\xf2I299\
\x09\xb3Q\x22\x1c\x0e\xf7\x07\x83\xc1\xa1j\xb5\xbac}\
}\xfd\xf1\xd5\xd5\xd5\x07'&&\xe2\x17/^\x8c\x82\
\x14\xa3\x02+u\xc2\x04\xe5E\xc5\xe7'\xfc\xb0\x8e\xe5\
\xa98\xe9\xffA\xaa\xdc\xb7o\x1f\xc9f\xb3Bip\
ff\xc6!6V\xaa\xe4\x91+\xa1\x08\x0f\x88#\x99\
L\x92\xee\xeen\xc7\x09\x02ky\x0b\x12\xeb\xb1c\xc7\
\x1c\x12\xa6U\xca\x22u\xb9\xec{\xbd\xacdM\x00\x04\
\x19\x8b\xc56\xea\x09u\xa0\x0dy\xf0>V\x9d\xb2%\
\x12\x09\xd2\xdb\xdb[\xe9\xee\xee^\x8f\xc5bg#\x91\
\xc8s\xb6m\xbf\x1e\x0c\x06/\x94J\xa5\x89\x5c.\xb7\
\xd6\xb4|m\x82\x87&a6!\xc4\xa3\x8f>\x1aX\
YY\x09\xed\xdf\xbf?\x9d\xc9d:\x8a\xc5b\xafm\
\xdb\xf7\xad\xad\xad}\xa0P(\x0c\xce\xcc\xcc|hf\
f\xa6eaa!\xb0\xba\xba\xaa<\x13\x87\x07\xc8i\
\x15\xa7H\x95\xe9\x06\xf58\x22\xc2\x1e\x87\xd158\x02\
\x92\xdc\xbbw\xaf#a\xd2{\x97h\x80\xb2\xb0\xb0\xe0\
\xa8`A\x12\x84\xefn\x01m\x08d\x92\xc9d\x9cs\
\x9e\x90/H\x9e\xf0\xdb\xd9\xb3g\xc9\xbb\xef\xbe{S\
\xf8z\x1d\x15\xf1;=\xb4lf\xf7\x94\xe9}V\xbc\
 ]\xa5\xf2\x8fF\xa3\xce\xded*\x95\xaa\xb6\xb5\xb5\
\x8dg\xb3\xd9\xd7\xc3\xe1\xf0;\xc1`\xf0p\xb5Z\xbd\
\x98H$\xe6^z\xe9\xa5|>\x9f\xaf\x9e<y\xb2\
I\x92M\x08\xd1$\xcc&\xb4\x81FB\xeb\xeb\xeb\xe9\
x<\xde_\xadVw\xad\xac\xac<f\xdb\xf6\xbf)\
\x16\x8b\xc3\x13\x13\x13\x81\xf1\xf1q\x0b-4E\xa0\xad\
6\xf1`9:\x1d\xf0[\x02m\x94\xc3\x02\x9a$R\
\xa9\x94\xa3\x86\x1d\x1e\x1e\xbeI\xf2\x83\xba\x81D\xf9\xde\
{\xef9\x84\xa9\xb2\xd84\x01-y\x02\xd9\x00y\x0e\
\x0e\x0e\x92\xa3G\x8f:\xd2f=\xe1\xd7\xfb\xb2\xa8\x8b\
\x00\xe8[l\xec\xda-/h\xe5\xaa\xb3\xc0\x824`\
\xb1\xd2\xdd\xdd]\x8d\xc5b\x0b\xb6m\x1f\x8e\xc5b\xff\
B\x08\xf9M,\x16{/\x99L\xae7\xa5\xc8&L\
\xd1$\xcc&\x8ca\xdb\xb6\xf5\x85/|!\xb8\xb4\xb4\
\x94\xadT*{\xab\xd5j[\xb5Z\xed*\x14\x0a\x7f\
H\x08y\xacX,\xe6._\xbelMLL8~\
Ne\xb0\x98\x8b\xa6\x81<\xd1\x0b\x8b\xdf\xc6B\x22i\
\xd1o\x0c\x0c\x0c\x90\x07\x1ex\xc0QA\x93\x1a\xa1\x14\
\x0a\x05\xc7\xd7\xeb\xc5\x8b\x17o\x91\x8ad\x92\xab\x88\x18\
t\x8eZ\x00\xf9\xf8q\x5c\xa4\xde*Y\xf6X\x08\x02\
\xefn\xd5\xf5\xc4\x03\xf1\xbb\xba\xbaHoo\xaf\x9dN\
\xa7\x0b\xe5r\xf9D4\x1a\xfde(\x14:R,\x16\
/\x05\x83\xc1\xe6\xbed\x13\x9e\xd0$\xcc&\x5ccd\
d$p\xcf=\xf7\x84z{{\x13\x96e\xf5\x94J\
\xa5\xfe`0\x98Z[[\x1b*\x14\x0a\x9f\x0d\x04\x02\
\x1fZYYI\x03yNNN*\xfd\x9c\xd2{\x9e\
x_d=\xa4N^\xbe~\x01&\xed\xfb\xee\xbb\xcf\
9s\x89*g\x90*O\x9d:\xe5\x9c\x8d\xf4S\xaa\
\xac'\xea\xbd_\x89\x06L\xd0^\xf0\xbe\xe9\xc5K\xb1\
Xt\xfa\x8a\x8e\x83\x09h\xe3\xce\xceN\xa7\xbd[Z\
Z\xd6m\xdb\xbe\x14\x0a\x85~\x99H$^Y__\
\xbfV\xa9T.\xde\xb8qcfdd\xa44::\
Zi\xfaym\xc2\x0b\x9a\x84\xd9\x84\x1fp\xee\xe5\x5c\
ZZ\x0a\xdb\xb6\x9d\xb5m\xbb\xbf\x5c.wU\xab\xd5\
\xe4\xea\xea\xea=\xc5b\xf13\x81@`\xef\xa5K\x97\
bg\xcf\x9e\xb5@bP\x01\xf7\xe6@\xe2DI\x8d\
&\xcfz\xabZy\x12\x95\x8eT\xda\xda\xdaJ\x1ey\
\xe4\x11Gb^YYq\xa4\xca\x0b\x17.l\x09\xef\
:d\x93\xae\xf7\xa2\x81~\x7f\xd9\xcb\xb3+\x95\x8aC\
\x94xtEU\x1eh\xdfl6Kv\xec\xd8QI\
&\x93\x93\xb6m\xbf\x1a\x8b\xc5\xc6B\xa1\xd0% \xcd\
D\x221q\xe3\xc6\x8d\x95\xa67\x9e&\xfcD\x930\
\x9b\xf0\x15O>\xf9d`rr2\x98\xcdfc+\
++\x1d\x84\x90\xdej\xb5\xdafYV2\x9f\xcf\xff\
\xb7\x95J\xe5\xf1\xe9\xe9\xe9\xd0\xf8\xf8x`vvV\
i(\x84\x1f M\xd6J\xb2Q\xe4)*\x1b\xcf\xf0\
g\xdf\xbe}\x8e\xb1\x0fJ\x95~\xefU\x9a`+X\
\xb7\x22p\xe1\x83\x06Px^\x92%IU\x7fH&\
\x93 M\xda\xb9\x5c\xae\x12\x8dF\xe7C\xa1\xd0\xa1`\
0\xf8K\xcb\xb2.\x13B\xae\x12B\x96\xa6\xa6\xa6\xca\
\xcd\xcb\x9a\x9b\xa8\x07\x9a\x84\xd9D\xbd\xe0\xdc\xcb\x09\xc2\
@www,\x18\x0cvT*\x95\xed\x96e\xf5\x14\
\x0a\x85\x87*\x95\xca\xa7J\xa5\xd2@\xed\xb0~\x10\x88\
E\x9a\x18E\x9e(y\xa2\x94\x02\x13/\x90R=\xf7\
%u\x00\x84\xf0\xc0\x03\x0f8G9P\xaa\xb4\xa9\x1b\
2D\x04\xa6\xda\xc34\x09\xbb\xd9\xa0\xcb\x02\xe4\x08m\
\x827\xc9\x90\xdaB\xc7\x84$\xe1Y\xcd\x80\xc7\x06i\
1\x91\xf8\xff\xd8;\x9b\xdd6\x92#\x8ew\xf5\xc7\x0c\
9CR\x14eFR@'B>\x90\x84A.{\
K6\x87\xb5\xef9\xea%\xfc\x0c\x06x\xf6\xab\xf8\x11\
r\x08` \x87\x9c\x12D\x01\x18\x18\x01\xd6\x92\xd62\
-\xd1\x22-\x91Cr\xa6\xbb\xab\x83\xa2\xd9\x8b\x89\xd6\
r\xbc\xd8\x95V\x92\xfb\x074(\x88$04\x0d\xff\
\xfc\x9f\xae\xaeJ\xce\x11\xf1\xef\x94&9\xe7\xff\xd6Z\
\xff+\xcb\xb2\xc3\x9d\x9d\x1d\x13\x8ax\x02WM\x10f\
\xe0:X\xca\xb3R\xa9\xc4\xf5z\xfd\xc7\x00\xd0\x11B\
\xacYk\xdbEQ|a\x8c\xf9\x22\xcb\xb2\xcd\x83\x83\
\x03\x18\x8f\xc7\xe2\xff\xa52\xb80\xda\xcb\xa7\x17\x7f\xc6\
\xf0\xb2\x82\x9a\xab\x86\xaeamm\xedV\xedU~\x1f\
\x94\x85\xe7\x0bx|\x9a\x84\x0b\x83\x99?\xa6\xcd \xbd\
\xa7^\xaf\xb3f\xb3\x89\xedv\x1b[\xad\xd6\xcc9\xb7\
\x17\xc7\xf1_8\xe7{\xc6\x98\x97\x00\xf0\x95Rj\xdc\
h4\x8a\xd5\xded p\xe5\x04a\x06\xae\x95\xdd\xdd\
]J\x9c\x92s^u\xce\xb5\x19c\x1d\xe7\xdc\x06\x22\
n.\x16\x8b?Xk\x7f\xcf\x18\xdb\x1e\x0c\x06\xea\xc5\
\x8b\x17\x1f-O\xdf\x01\xa6\xdc\x80\xfb\xb2C\xfaWE\
\xb95\xdb\xa7D\xb9\xca\xb5|f\x92\xbe7\xdf\xf4\xfc\
C\xdf\x83O\xa3i\x9a.\xcf\x90v:\x1d]\xadV\
'\x8c\xb1\xbe\x94\xf2\xafR\xca\x7f2\xc6\x0e\x9ds\x87\
R\xca\xd3F\xa3\xa1)\xac\x86\xbd\xc9\xc0u\x13\x84\x19\
\xf8\xa1X\xa6\xcen\xb7+F\xa3\xd1\xf2\x96-\x22R\
\xfal9\xe7j\xb3\xd9\xecs\xad\xf5\x9f\x18c\x9b\x93\
\xc9D\x9e\x9c\x9c\xf0\xe3\xe3\xe3\x0f\xb6\x8f+\xf7\x7f-\
\xef\x99\xbd\xaf\xd5[\xe0\xbbA\x7f\xd6I\x92|=E\
\xc5W\x04\xfb\x9e\xb3\xfe\xe8\xccei\x92^O\x82\xdc\
\xd8\xd8 I\xbaF\xa3a\x85\x10SD\xfc2I\x92\
?\x03\xc0\xdf\x8c1\x07\x8c\xb1\xd7q\x1c\x9feYf\
B\x01O\xe0\x87&\x083p\x13X\xcas}}\x9d\
3\xc6T\xb5Z\xad#\xe2\xcf\x10q\x8bs^Y,\
\x16\xbf\x9c\xcf\xe7\x7f\xe4\x9c\xff\x0e\x00\xee\x9d\x9d\x9d\x89\
\xe1p\x08\xc3\xe1\xf0\xd2\xa2\x9ars\x84ref\xf9\
\x8cg\x90\xe7\xb7\xc3W.\x97\xab\x5c}u+\x09\xd2\
\x7f\x0f\xef\x93$\xbd\x97\x04K\x82\xbcw\xef\x1e\x09\x12\
\x01 C\xc4C\xa5\xd4^\xa5R\xd9\xd3Z\x1f\x1ac\
\xbe\x92R\xfe\xa7\xddn\x8f\xfb\xfd\xbe}\xfa\xf4)\x86\
}\xc9\xc0M!\x083p\xe3\xe8\xf5z\xcbb\xa1\xd1\
hT\x8d\xa2h\xbd(\x8aMcL\x9bs\x1e9\xe7\
*Y\x96\xfd6\xcf\xf3\xcf\x95R\xbf\x01\x80\x8d\xf3\xf3\
s\xbe\xbf\xbf\xcf\x8f\x8e\x8e\xde\xdb\xe0\xbd||\xc1\xb7\
\xe7\xf3\x83\x9c/\xf6Y\xfd\xb6|L\x9b\xbc\xeb\xe4b\
s\xf5\xefR\x0cT>+I\xab<\x8cz>\x9f\xff\
\xcf4\x90\x0f\xa5\xc8\xfb\xf7\xef\xb3\xad\xad-\x0b\x003\
k\xed\x91\x10\xa2O\x82\xe4\x9c\x1f\x22\xe2+\xc6\xd8\x81\
sn8\x9dN\xb38\x8e\xed\xf3\xe7\xcf\xcd\xb3g\xcf\
\x82$\x037\x8e \xcc\xc0\x8d\xa6\xdb\xedB\xb5Z\x05\
\xa5\x14\x7f\xf0\xe0Al\x8cIW\xb7lS\x12(\x00\
\xa4Z\xeb\x9fXk?\xe3\x9cw\xa6\xd3)\x09\x94\x1e\
\xb7\xf2<Of\xb3\x19\xccf3Q\xdeO\xa3\x7f\xf0\
\xcb{\x9f\x94@\xfd\xd4\x0f\xff\xbb\xcb\x06K\xdfE\xfc\
d\x19\xff\xb9/~v_\x85|1\x99\xd3{h\xad\
\x06rc\x92$.\x8ec]\xadV\xcfj\xb5\xda0\
M\xd3!cl\x8c\x88{J\xa9\x7f(\xa5\xde\x18c\
\xce*\x95\xca\xe8\xe1\xc3\x87\x93\xc7\x8f\x1f\xe7\xb5Z\x0d\
\x87\xc3a\xe8\xe1\x1a\xb8\x15\x04a\x06n+\xd0\xeb\xf5\
\xe8\xef/\x1f\x0c\x06`\x8c\x89\x9a\xcdf\xab(\x8a\x16\
\x00\xb4\x19c\x8d\x95L;y\x9e\xff\xdaZ\xfb+\xc6\
XGJ\xb9\x91\xe7ytzz\xca'\x93\xc9\xb2u\
\xdft:].\xad\xf57\xd2\xa8OX\xbe\x0a\xf7b\
%\xeem\x13\xa9\x97\xa3?\xeeQ\x1e\xb4\xbcX,\xbe\
\xd1\xab\xd5\xdfJ\xa5\xa4H\x8f\xb5Z\x8d\x1e]\xbd^\
\xb7\xd6\xdas\xc6\xd8H\x08\xf1JJ\xf9\xa5\x10\xe2\x05\
\x00\xbcB\xc4#\xc6\xd8KD\x1c&I2\xe1\x9c\x17\
O\x9e<1\xe1\xd6j\xe0\xb6\x13\x84\x19\xb83\xec\xee\
\xee\x0aJ\xa4+\x89\xca8\x8eS)\xe5\x9a\xd6\xba\xe9\
\x9c[w\xce%J)@\xc4\x8d\xc9d\xf2Y\x9e\xe7\
\xcb\xb9\x9f\x9c\xf3\x1f)\xa5RD\x14\xd3\xe9\x14\xbcH\
\xbdL\xb3,\xfb:y\x92h\xfc$\x0d_\x11[\xbe\
\xad{\x93*d}\xf5*]/-\x9f \xfd\x94\x0f\
_\xa0C\xd7L\x9f\xa7^\xaf/\xc5\xb8\x92\xe2\xf2g\
J\x8e\xd6\xda\x05%C\xe7\xdcPJy\x14\xc7\xf1K\
)\xe5>\x22\x1e3\xc6\x86\x00\xf0Z\x08\xf1Fk}\
\xa6\xb5\x9eooo\x9b\xb0\xff\x18\xb8\x8b\x04a\x06\xee\
,\xbd^\x8f\xf7\xfb} \x89\xf6\xfb}\xbe\xb5\xb5\x05\
\xd6Z\xc5\x18\xdb\x10BlZk\x9b\x94B\xc9-J\
)W\x14E#\xcb\xb2_h\xad\x7f\xee\x9c#\x91n\
GQ\xd4\x22\xd1\x8e\xc7c\x12\xa9\xc8\xb2\x0cH\xa2$\
SJd\xfe\x96\xae_$\xa4\x8b\x12\xbdj\xca\xb7\x96\
\xcbc\xb1\xe8Z(1z9\x92(\xe9u\xe5\xc4\x98\
\xa6)\xd6j5\x8c\xa2\xc8\x16EAR\x1c\x01\x00\x89\
\xf1u\x1c\xc7GJ\xa97\xce9\x12\xe6\x0c\x00\xe8\xe7\
c\x008\xe1\x9c\x0f\x85\x103c\x0c\xb6Z-\xbb:\
\xe6\xe1Bw\x9d\xc0]&\x083\xf0\xa9\x01\x8f\x1e=\
\x02c\x8c\xd8\xde\xde\x86\xfd\xfd}.\x84Pi\x9aV\
\x101\xb1\xd6\xd6\x95R5cL\x8d1\x96H)\x97\
gF\xad\xb5;Z\xeb\x9f\x16EA2\xed b\x83\
s\x1eEQ\xb4f\xadE\xbf\xc7\x97\xe7\xb9(\x8a\x82\
{i\x96g7\xfa\xd7\xd0\xa3\x17Y\xf9\x08\xc6\xa5\x17\
\xbcj\xd0@i\x91$GR,']\x92\xa0O\x8f\
\xbe2x\x95.\x0d\xfdG`\xf5\x1c\xb7\xd6\xe6Z\xeb\
LJi\x18co8\xe7\x03\xa5\xd4k\x008\xe5\x9c\
\x9f \x22\x09\x93\xd6[D\x1cEQ4\x8e\xe38\xd3\
Z\xcf\xb2,[\xe4y\x8eq\x1c\xdb\xf1x\x8c''\
'\x18\x0as\x02\x9f\x1aA\x98\x81\xc0j?\xd4\xa7\xd1\
\xc1`\x00\x94()\x91\x9e\x9f\x9fC\xb3\xd9$a6\
\x19c5)e\xcdZ\x9b\x22b\x05\x00\xa4\x10\x22f\
\x8c\xc5\xd6\xda\x98\x04j\x8ci\xcc\xe7\xf3ez5\xc6\
4\xad\xb5\x0d\xe7\x5c\x03\x00\x12\xceyE\x08\x11\xad\x8a\
\x95\x22!\x04\xc9X\x89w}\xe3\xb8s\xce!\xa2\xa5\
T\xba\x92\x1e\xa7\xdf\xb3w\xd5\xbc\xe8\x9c\xa3\xe7\xccj\
iZ\x88XP\x02\xe4\x9cg\xab5\xa5%\x84\x98*\
\xa5\xa6\xce\xb9B\x08Q0\xc6\xe6\x8c\xb1\x89\xb5\x96\x9e\
\x9f0\xc6\xdeR\x9aTJ\xbd%!\xe6yN\xbf\xd3\
$\xc5\x9d\x9d\x1d\x1c\x0c\x06\x8e\xc4\xd8\xedv]H\x8e\
\x81\xc0;\xfe\x1b\x00\x00\xff\xff\x83b\xeb%\x8e\xcc;\
s\x00\x00\x00\x00IEND\xaeB`\x82\
\x00\x00\x00\xd4\
\x89\
PNG\x0d\x0a\x1a\x0a\x00\x00\x00\x0dIHDR\x00\
\x00\x00\x18\x00\x00\x00\x18\x08\x06\x00\x00\x00\xe0w=\xf8\
\x00\x00\x00\x09pHYs\x00\x00\x0e\xc3\x00\x00\x0e\xc3\
\x01\xc7o\xa8d\x00\x00\x00\x19tEXtSof\
tware\x00www.inksca\
pe.org\x9b\xee<\x1a\x00\x00\x00aID\
ATH\x89\xed\x95A\x0a\xc00\x08\x04\x9d\xd2\xff\x7f\
*\xf9\xd7\xf6\xd6C\x88\x81\xb4\xe6 8G%.\xe8\
@\x90d'\xb9\x8eNO\x13\x004\xa0M{\x117\
\x00df&\x89\xb1\x97cE\x15\xf0\xb2\xb2\xc5}\xb3\
c\x91gKY\x940\xe0\x8b-\x1eS\x8bvm)\
\x8b~q;\xf5\x1eT\x8f\xf9pV\xe4\xbf\xc1\x03\xdd\
\xd8.\x0f8\xaf7\xbf\x00\x00\x00\x00IEND\xae\
B`\x82\
\x00\x00\x00\xf8\
\x89\
PNG\x0d\x0a\x1a\x0a\x00\x00\x00\x0dIHDR\x00\
\x00\x00\x10\x00\x00\x00\x10\x08\x06\x00\x00\x00\x1f\xf3\xffa\
\x00\x00\x00\x09pHYs\x00\x00\x0e\xc3\x00\x00\x0e\xc3\
\x01\xc7o\xa8d\x00\x00\x00\x19tEXtSof\
tware\x00www.inksca\
pe.org\x9b\xee<\x1a\x00\x00\x00\x85ID\
AT8\x8d\xa5\xd3;\x0e\x021\x0c\x84\xe1/4\x9c\
\x80U8\x07G\xe0\xdcTt\x08\x9a\xa5\xe0\x0e\xb4T\
T\xa6\x81\x02\xb1y\x88Xr\xe5\x99_\xb6&\x11\x11\
J\x8d#\xce\x98J\x9a\x95z\xad\xb1\xc3!\xa54-\
*\x1a\x1bl0#p\xc3\xf6GS\x03\xf4@\x9a\x80\
\x16\xa4\x0bP\x83t\x03J\x90OT\xf1g?Z1\
\xb6k\xf0\x84<d\x1e\x891\x8f<\xa4\xfc5\x1f1\
\xf7\x00No\xf3U\xe1G\xb6b|\xe2\x82}D\xdc\
\x97\x04//\x11\xca\xd7$J\xde[\x00\x00\x00\x00I\
END\xaeB`\x82\
\x00\x00\x02\xd5\
\x89\
PNG\x0d\x0a\x1a\x0a\x00\x00\x00\x0dIHDR\x00\
\x00\x00\x18\x00\x00\x00\x18\x08\x06\x00\x00\x00\xe0w=\xf8\
\x00\x00\x00\x09pHYs\x00\x00\x0e\xc3\x00\x00\x0e\xc3\
\x01\xc7o\xa8d\x00\x00\x00\x19tEXtSof\
tware\x00www.inksca\
pe.org\x9b\xee<\x1a\x00\x00\x02bID\
ATH\x89\x9d\x95\xcfkSA\x10\xc7?\xd3\x86V\
\xf4\x92\x80\x17\xdb\x97*\xb9{m@!\x7fB\xb1x\
Q\xa9\xf8\xeb\xa0\xe0\xd5\xf4\xe4\x0fz\xd1\xb4\x17\x85\xf6\
$Z\xea\xa1\xc9U\xa5\xed\xc1s=\x8a\xd8?\xa0h\
\xf1E\x84\x16\x84\x90\x8b\xc6\xac\x87\x9d\x17'\xdb\xd7\xf4\
\x91\x85\xe1\xbd\x9d\x99\xef\xfc\xda\x9dY\x9cs\x1cG\xc0\
8\xb0\x044\x95\x16\x81\xb1L\xd8\x8c\x0e\x96\x00\x17P\
m(\x07@\x01\xa8\x00S\x86\xd7T\xa3\x17\x80\x8b\xfa\
\x1f\x1by\x19\x98\x05&\x06:\x00\xae\x02-5\xd0\x05\
V\x80\x99\x14\x83_\x95w\x07\xd82Y\xb5\x81+\xa9\
\x0e\x80IU\xe8\x02\xdb\xfaoK\xb2ht\x1f\x06\xb2\
\x1f\xc0\x86b[@!\xcd\xc1\xac*o\xe8\xbe\x04\xbc\
\x06\xde\x01\xf3\x80\x04\xd9\xde\x04\xd6\x80'@^y\xdb\
j\xa3\x92\xe6\xa0l\xa2\xc9g9\xc0\xc0aI\xb3\xfe\
\x0b\x14\x8f:\x83Mu\xb20\x84\x83U\xc5.[\xfe\
\x08\xfd\xab\xa1\xdf)\xcb\x14\x91HD\x1a\x22\xd2\x14\x91\
XD\xea\x22\x12\x05\xd8\xd3\xfa\xfd\x10\xf0\x19\x05\xaa\xc0\
\x0e\xd0\xd1(\xee\x9b\xc8\x8a\xc0>\x87\xfb`\x1f\x88\x8c\
\xde\xbc\x91\xf5\x9a\x11\xe0\xb1\x11\x1c\x00\xcf\x81\x9c\x016\
T\xb6\x05DJ\xc9\xd5\xac\x1b=\x01j@l\xec\xd5\
\x00\xf6t3c\x0d\x1b`\x02(\x06Y\xf5\xf5F\x80\
\xe95\xe3\x08pBK\xb5\xeb\x9c\xeb\x84\xf53\xcb\x0d\
\x90\x85\xab\xeflW\x14\xfc\x07\x7f\x0e\xd5 \x9a\xba)\
QQ))\xd1z\xa0\xfb\x88\xff]\xee\x80\xa7\x00\xa7\
\x80W\xf4w\xee=\x03\x8a\xc8v\xc8\xb7\x8c,\x06\x9e\
\x01c\xd6{\x0e\xb8\xae\x0ao\x83\xc8\x22\xcd$VZ\
\xb7\xc6UgM\xb1\xb7-?\xd7+\xb0s\x1d\x11)\
\xeb\xf6\xc0\xd6\xd09\xf7\x1d\xb8vL\xdd\xf7\xf4{\x19\
\xdft=p\x12\xc1Y\xfc\xb0j\x03\xa5!:9\x8f\
\x1f3\x0e\x98N\xeb\xe4s\xf8\xbb\xfc\xd99\xb7+\x22\
y\x11Y\x10\x917\x22r#\x0cWD\xee\x8a\xc8{\
\x11Y\x15\x91\x92s\xee\x17\xf0I\xc5\x93i\x19\x14\xf0\
\xa3\xb6\x8b\x1f\xbdI4\x09\xbd0\xba\xd5@\xd6\x06>\
\x9a\x0a\x9c\x19\xf4\xe0\xd8\xdb\xb4\x09\xcc\x01\xbf\x95\xc6U\
\xef\x8b\xca\xe7\xf0\xd7\xbc\xab\xfb\x16G=8\xc6\xc9\x04\
\xfem\x986\xbc\x1d5p\x098\x8f\xef\x996\xda\xf9\
\xf8\xe1X!e\xccg=\xc0\x07\x1c\xee\x83\x97\x99\xb0\
\x19\x1d\x8c\xe2\x9f\xc9o\xc0O`\x198\x99\x05\xfb\x0f\
\xa9\xe3a\x1ct\xd5\xf0\x88\x00\x00\x00\x00IEND\
\xaeB`\x82\
\x00\x00\x01\xff\
\x89\
PNG\x0d\x0a\x1a\x0a\x00\x00\x00\x0dIHDR\x00\
\x00\x00\x18\x00\x00\x00\x18\x08\x06\x00\x00\x00\xe0w=\xf8\
\x00\x00\x00\x09pHYs\x00\x00\x0e\xc3\x00\x00\x0e\xc3\
\x01\xc7o\xa8d\x00\x00\x00\x19tEXtSof\
tware\x00www.inksca\
pe.org\x9b\xee<\x1a\x00\x00\x01\x8cID\
ATH\x89\xdd\xd5\xcdj\x14Q\x10\x05\xe0\xafDP\
\x89\x06\x22\x928\xceB\x92\xac\xd5\xa5\x88;\xc1Y\xe9\
N\x14d\xf2\x0c\x12\x09(\xba\xf1\x15|\x00A\x08\x22\
\xeaB\x14\x8c$\xa8\x1b\x89/\xe0^p\xe5?\x8c\x98\
\x80b\x92\xeb\x227\xd0\xd3Igz\x94\x81`\xc1\xd9\
t\xf59\xa7nUw\xddH)\x19d\xec\x1a\xa8\xfa\
\x7fa\xb0\xbb*\x11\x11#8\x83\x16\x8ea,\x03>\
\xe2\x13\xdeb\x01\xafRJ\x9d-\x85RJ]\xc0\x09\
<\xc0\x0aRM\xac\xe0>\x8eo\xd2+\x08\x1f\xc1\x13\
\xace\xd2O\xbc\xc05\x9c\xc6\x04\x862&\xf3\xb3\xeb\
x\x89_\x99\xb3\x86\xc7ht\x19\xe0,>\xe4\x97~\
\xe06\x9a\xe5j\xaa\x80Q\xdcB'k|\xc1\xb9\x8d\
_`\xaaP\xf53\x8c\xd6\x15\xde\xc2h\x0cs\x85\xd3\
LA\x1b\xdf1\x8d(\x11\x1a\xb8\x82\xa7x\x87%,\
\xe3}\x16\x9a\xc1\xd1\x12'p5k\xb6\xab*9\x8c\
;\x85\xden\x87\xdf\xb8W6\xda4\xe4\x82\xf8y|\
.|\x1d\x8f\xf2)'\xf3\x80\xf7a\x1c\x970[(\
\xa2\x83\xcbu\x0c6\x06\xf5\x1c\xe35\xfa\xde\xc4\xc3\xcc\
Y\xc5\x9eb>\xca\xcb.\x22.b/fS\x1f\x9b\
0\x22.`\x7fJ\xe9nW\xa2F\x85\x07p\x03\x8b\
\xf8\x9a\xb1\x88\x9b\x18\xee\xc9\xef!~2\x0bV\x0d\xf8\
\x1bNm\xa7\xd1k\xd95p\xd0\xfa\xbei\xe1PF\
\x0b\xf3\x18\xb1\xbe\x01\xaa[\xd7\xab\xcd\x111\x94RZ\
\xee7W\xdb\xe0_\xa3\xaf\xfb \x22^G\xc4\x9b\x81\
\x19\xfcM\xec\xac\x16\xedH\x83?\xcc\xaf\xc3)\xe5:\
\xa8\x9d\x00\x00\x00\x00IEND\xaeB`\x82\
\x00\x00\x01\xa6\
\x89\
PNG\x0d\x0a\x1a\x0a\x00\x00\x00\x0dIHDR\x00\
\x00\x00\x14\x00\x00\x00\x14\x08\x06\x00\x00\x00\x8d\x89\x1d\x0d\
\x00\x00\x00\x09pHYs\x00\x00\x0e\xc3\x00\x00\x0e\xc3\
\x01\xc7o\xa8d\x00\x00\x00\x19tEXtSof\
tware\x00www.inksca\
pe.org\x9b\xee<\x1a\x00\x00\x013ID\
AT8\x8d\xad\x94\xbfJ\x03A\x10\x87\xbfY\xef\x88\
\xf6*\xd8\xc7#\x88\xa9,c\xd0\x18\xb0\xd0W\xf0\x01\
4`)v66b\xa9`\x82\xef\xa1\x85\x10\x83\x9c\
\xd8Y\xc5B\x92\x80\x9d\x8a\xe2\x03\xc8\xfd\x19\x0b/\xa2\
\xc1\x0b\xde\xc6_\xb7\x0c\xfb\xf1\x0d\xb3\xb3\x92?:\xcf\
\x893\xbe\x0fl\x003\xfc\xccug\xabR&C\x9c\
\x04\xb6\x93\xe5\xd2P`bF\xacZ\xea\xd5VnF\
\x05\x1a\x926\xff\x03\x06\x9f\x86\x99\xe3\xd5[\xbe\xc0D\
$\xc1Zos\xf5\xe5{\xcd\xd8yHNa\xc1\xa8\
\xdb\xcc7.\xa6G\x06j8\xb6\xae\xa2m`\xde\xc4\
\xee\xd5\xdc\xa9\xff\xf5:\xac\x80\xdd\xed\xf2+\x81[U\
\xd16B!\x0c\xc3\xcb>\xd4\xb2\xe5th\xeaP\xbc\
z\xcb\x07\x16\x87A\xc5\x01T\x92\x03\x850\x0a;\xd6\
\x86iI5\xfc\xcb\xca\xcd\x1e\xfbS\xb8AST\x8a\
(\xf7\x01R\xb16\xfc\x0d\xf6P[~\xb6\x02\xa6\xc1\
\xc0r\xca\xe2Dg\xa2R\x04\xeeb\x13,\xf5a\xd6\
@\xd0w\x81\xdbX\x82\xea\xe0\xeaY\xed\xf2\xb0\x81\x19\
\xe0\x09\xa0\xd0h\x95l\xe0\x83\x11\xef\xa4y\xa0\xc8n\
J=\xf3\x8fm\xdc\xc9\xb7=\x84C\xe0qt?\xf8\
\x00l\x7f|\xaa-\xcf\x1cG\x00\x00\x00\x00IEN\
D\xaeB`\x82\
\x00\x00\x02\xf3\
\x89\
PNG\x0d\x0a\x1a\x0a\x00\x00\x00\x0dIHDR\x00\
\x00\x00\x18\x00\x00\x00\x18\x08\x06\x00\x00\x00\xe0w=\xf8\
\x00\x00\x00\x09pHYs\x00\x00\x0e\xc3\x00\x00\x0e\xc3\
\x01\xc7o\xa8d\x00\x00\x00\x19tEXtSof\
tware\x00www.inksca\
pe.org\x9b\xee<\x1a\x00\x00\x02\x80ID\
ATH\x89\xb5\x96\xcfKTQ\x14\xc7?\xe7\xbe\x99\
\x1cALB\xdbd\x8bp~\x14\xd4\xa2\x16\x11\xc5\xe8\
\xe4\xa4\x10\xe1&\xc9\xf6\x8a\xa6\x90\xfbZ\xf8?D\xd3\
4\xa9\xe5>'h\x11\x22\x843\xe3\x8f\x8d\x11\xed\x22\
\xcc\x1f+\x91\xc0D\xc8\x10\xb2\xf1\xbd\xd3bf\x04m\
\xde\xd3\x01=\xab\xcb}\xf7|?\xe7|\xef}\xf7=\
QUN2\xcc\x89\xaa\x03>\xaf\x87\xe1\xe1L\x9b:\
\xd2%H\x14h\x04@YU\xc3\x9cQ\x19\xff>\x10\
\x9b:\x0c \xe5,\xba\x94\xcc\x84mc\xbd\x06\x8d\x1e\
\x92?c\x1b\xabw\xe5Q\xf3\x92\xdb\x82\xff,\x0a\xa5\
r-\x8e1\xf3E\xf1u\xd0!T\xaeVo\xe7k\
\xaa\xb7\xf35*\xd65\xd0!\xe0'\xd0\xe2s\xecO\
\x91T\xc6\xb5\x90}\x1d\x5cL\xe5\x22\x0e\xcc\x03u\x82\
\xa4\xa5\xca\xdf\xb3\xd0}\xebw\xb9\xc4Pb\xb2V|\
\x811\xa0\x13\xd8\xb4\x8du\xa3\x5c'\xfb\xf6\xc0AF\
A\xeb\x04I/\x0e\xc4\x1e*\xb8\x1e\xb1\xa5\xc1\xbb[\
\x02\x0fB\xa9\xdc;\xe0\xbe\xe5\xd8#\xc0\xed\x83\xeb\xf6\
,\x0a\x0fg\xdaJ\xb6H\x95\xbf\xc7K\xbc\x14\x0aj\
[v7\x05\xbbb\x91d.\xee\x0aPG\xba\x8a\xa3\
\x84\x9b-\xe5b\xa5\xef\xce/\x85\x17\x00j\xe8r\x05\
\x14\x8f\x22b\xe4\xc3Q\xc5\xf7B\xacB\x8e\xd2\xec\x0a\
\x00\xce\x01\xf8mY\xa9T\xdf:e-\x17\xabl\xf4\
\x02\x00\xb0\x1b\xf0K\xa5\x00{{\xab\x94\xe3x\x01\xd6\
\x00\x9c?\xf9\xa6J\x01\x98\xaa`a\xa0k\xae\x00\x15\
f\x0b3\xdaQ1\xc02\x1dE\x91YW\x80Q\x19\
/,b0\x94\x98\xac=\xaa\xf6\x85g\xd3u\xa2\xfa\
\x18\xc0\x18\x1dw\x05\x14/\xae\x19\xa0A|\x811\x81\
C\xf7B\xd2i\xcbwJ'\x80z\x85\xecB\x7fk\
\xd6\x15\x00`\x1b\xab\x17\xd8\x04:C\xa9\x5c\xbaid\
\xea\xb4W\xe5\xc1\x8d\xfaY\x11n\x82\xdaF\xf4i\xd9\
\x22\x0e\xde\xa6\xe1d\xb6\x19#\xef\x813\xc0\x06\xc2s\
\xb5u\xa2J\xcc\xe2n\xc0/\xbb;\x7f\xc3\x02\xf7\x04\
\x06\x81z\xc0\x06,\xe0\xab#\xf9\xf8r\x7f\xfb\xba'\
\x00 \xf8r:hDG\x81\x98[\x07\x00\x0aY\xa3\
\xe6\x89c\xec7\xa2r\x05e\xc1\xe7\xf3\xb5~\xeb\x8b\
\xfe\xf0\x04\x94\x22\x92\xcc\xc5\x0b\xaf\xbfFA\xce\x17e\
WA\xe6\x8c\xe8\xdb\x92\xe7\xa1\xc4\x5c\x03\xfe|\xa6\x1c\
\xc4\x13PI\x04_}<k\xd4\x9f\x01.\x83|^\
\x1c\x88]\x87c\xfc&/\xf7\xb7\xaf;\x92\x8f\x0b|\
\x01\xdd)\xcd\x1f[\x07nq\xe2\x7f\x15\xff\x00f\xc1\
\xf5y\xf9\x7f\x89\x05\x00\x00\x00\x00IEND\xaeB\
`\x82\
\x00\x00\x01s\
\x89\
PNG\x0d\x0a\x1a\x0a\x00\x00\x00\x0dIHDR\x00\
\x00\x00\x18\x00\x00\x00\x18\x08\x06\x00\x00\x00\xe0w=\xf8\
\x00\x00\x00\x09pHYs\x00\x00\x0e\xc3\x00\x00\x0e\xc3\
\x01\xc7o\xa8d\x00\x00\x00\x19tEXtSof\
tware\x00www.inksca\
pe.org\x9b\xee<\x1a\x00\x00\x01\x00ID\
ATH\x89\xdd\x951K\xc3P\x14\x85\xcf\x89\x09\xd2\
\xc1Q\xa1{-A\xcc\xe4\xaah)th\xffH)\
\xf4\xd7t\x88\xf4\x7f\xb8\x081Hf\xa78\x88\x0a\xae\
\xa2\xbf@\xdeK\xaeK\x87\x82C\xde}M\x86z\xb7\
\x07\xe7\x9d\x8f\xcb=\xef>\x8a\x08\xba\xac\xa0S\xf7\x7f\
\x01\x085\xe2a\x9a\x17\x04z\x15\xcd\xf4}>\xf9r\
\xb9\xa3\xec\x80\x87\x02\x5c\x04\x12e\x83\xdb\xfb\x93\xd6\x01\
b\x0ffB)\x01\x9c\x07u\xf4x\xb6.\xfa\xad\x02\
\xde\x96W\xdf0\xd1X(%\x88\xd8Z\xfb\xd0\x04Q\
\x0fY\x0b\xf1J\x91\x06\xe2\x1dSW\xc8\x9f\x98\x0e\xd3\
\xbc\x00p\xe9\x02a\x08@\xb89 \xb6\xd6\xbe\x028\
\xda\xd6t\xfe\xd0\xb8\xcb\xb2;]\x15\xc7\x88LFa\
\x02\xc1\x8b\x01G\x1f\x8b\x9b\xcfm\x8dw\x07.\xe6\xde\
\x00Ws/\x80\xc6\x5c\x0d\xd0\x9a\xab\x01\x0c\xab;\x0a\
\x13\x00\xcfu`\xae\x9b\xcc\xd5\x00@~\x08<\xd54\
c\xd7u\xbdSL]j\xff\xbf\xcc\xce\x01\xbf\xec\x17\
\x96\xbe\xfc\xd1\x5cP\x00\x00\x00\x00IEND\xaeB\
`\x82\
\x00\x00\x01\xbd\
\x89\
PNG\x0d\x0a\x1a\x0a\x00\x00\x00\x0dIHDR\x00\
\x00\x00\x18\x00\x00\x00\x18\x08\x06\x00\x00\x00\xe0w=\xf8\
\x00\x00\x00\x09pHYs\x00\x00\x0e\xc3\x00\x00\x0e\xc3\
\x01\xc7o\xa8d\x00\x00\x00\x19tEXtSof\
tware\x00www.inksca\
pe.org\x9b\xee<\x1a\x00\x00\x01JID\
ATH\x89\xed\x96\xb1N\x02A\x10\x86\xbf=\x91\xc3\
h|\x01i,\xc0D\x0bj#F\xae\xb5\xb2\xb7\xb3\
\xd1\xeb(}\x0f\x8a\x0b>\x07\x09\x1d\xa0\x12\x9f\xe1\xbc\
\x86W \xb1\xd3\x84\xb1\xe04\x07\x99\xbd[\x88D\x0b\
\xa7\xb9\xcd\xed\xfc3\xf7\xff\xb33{FD\xd8\xa4\x95\
Vq\xaeu\xfa\xbe\xd9\xae\xdc\x22\x5c\x03'\xc0nf\
{\x9c\x84\xc1\xf9\xda\x09j\x9dQ\xd5\x94*=\x84\x86\
\xc5\xa5\xa9\xbd\xf4\xdc\x82\xf7}S\x92\x1e\xd0@\x88e\
\xc6\x95\xe7\x97\xf7\x9300I\x18\x98<\xac\x13\x83T\
\x96\x06B\xfc\xf1nN'\xed\xd6\xd4\x05\xe7\x9c \xd5\
\x1c\x11\xee'\xed\xd6\xf4\xa8;\xbc\x94\x19\x0f\xc0A\x11\
\xd4I\x22\xe0\x18`k\xa7<H\x13u\x95\xe0c\x0d\
\xe8Z\xe4=\x80\xf8\xe6\xec\x0d\x00\xa1\x0aP\xa4?\xb8\
3X\xdb\xac\x0c\xea\xd1\xf0\x19\xcb\xd1\xcb\xf8d\xbbT\
\xed\x83<\x06\xcb\xc1\xc7\x96\xf5\x97\x1djA\x0ak\xa0\
\xe9\x9c\xfd\xd2z4\xb8\x03\x13ax\xd2\xf0?Q\x83\
\x8b\xf9\xc3<j\x9b\x85\x0c2:\x7fk\xbcX\x9f9\
AOd\xa4\xe1\xf3\x18,\xeb\xdc\xb4\xac1\xf0\x12\x87\
\xc1\xab\x16\xc4\xca`Q\xe7\xa1:\xd3\xffD\x1f\xfc'\
\xf8\xfd\x04+\xdd\xc9\xb6\xd3\x94g\xae\x0c\xb4\xd9\xa3\xce\
\xffe3\x9b\xfem\xf9\x04\xd7\x1a`]fV(\xd7\
\x00\x00\x00\x00IEND\xaeB`\x82\
\x00\x00\x00\xc0\
\x89\
PNG\x0d\x0a\x1a\x0a\x00\x00\x00\x0dIHDR\x00\
\x00\x00\x18\x00\x00\x00\x18\x08\x06\x00\x00\x00\xe0w=\xf8\
\x00\x00\x00\x09pHYs\x00\x00\x0e\xc3\x00\x00\x0e\xc3\
\x01\xc7o\xa8d\x00\x00\x00\x19tEXtSof\
tware\x00www.inksca\
pe.org\x9b\xee<\x1a\x00\x00\x00MID\
ATH\x89c\xfc\xff\xff?\x03-\x01\x13MM\x1f\
\xb5\x80\x18\xc0\x02c\xa8M\xdf\x7f\x98\x81\x81\xc1\x86J\
\xe6\x1e\xb9\x95\xe9h\xcb\xc0@\x07\x1f0\x0e\xf9d\xca\
\x82K\x82\xc28\x19\x8d\x03\xe2\xc1h> \x08F\xf3\
\x01A0\xf4\xe3`\xd4\x02\x82\x00\x00#\xda#%m\
\x0f\x1e\xab\x00\x00\x00\x00IEND\xaeB`\x82\
\x00\x00\x04f\
\x89\
PNG\x0d\x0a\x1a\x0a\x00\x00\x00\x0dIHDR\x00\
\x00\x00\x18\x00\x00\x00\x18\x08\x06\x00\x00\x00\xe0w=\xf8\
\x00\x00\x00\x09pHYs\x00\x00\x0e\xc3\x00\x00\x0e\xc3\
\x01\xc7o\xa8d\x00\x00\x00\x19tEXtSof\
tware\x00www.inksca\
pe.org\x9b\xee<\x1a\x00\x00\x03\xf3ID\
ATH\x89\xa5\x95[lTU\x14\x86\xbf\xb5\xa77\
\xe2C\x09\x17c$\x12+\xedL14F!\x10c\
\x1cf\xda\x06\x8311\x80%\x95\xf0\x80\x97\xd4\x9e)\
\x8db $j\xd2\x101\x1a\x03\x8a\xb1\xed\x0c\x18\x8c\
\xbe\x18\xa4\xb1\xf0\x80\xd4\x8a\xcc\x19\xfa`jIE\x11\
\x84\x99i\x83\x86\x90\x18nZ\xa2\xf4z\xce\xf2a\xce\
4\xe3\xd0\x82\xc0\xffr\xceYk\xaf\xf5\xffk\xed\xbd\
\xf6\x11U\xe5NP\x11M\x1c\x16t)\xd0\xaf\xa2\x07\
]\xe3~1\xd8P;\x94\xbfNT\x15\xd9\xb6\xcdT\
\xcc\x0dnF\xb0\x80\x07'\x9d\xf0\xa7*\x07\xd4\x19\xd9\
\x94n^ym\x0a\x82\x959\xa6\xab*\xfa\xd6@c\
uLaR\xb5\xa8*\x81h\xa2I\xd1\xd6\xe9\xd4\x0a\
\xd2\x91\xb4Bk\xf3\xed\x95\xadG\xeew\x8do9\x22\
\x0d@(c\xd5}\xe33\xcc\x0b\xe76\x84F&\x09\
\xfcQ\xbb\x17X&*\xf5\xc9H\xe8\xcbI\x95{\xe2\
\x0b\xc4\x91\x93@\x91\xcfu\xef;\xd3Tse:\x11\
\xfev{5\xc2\xa7@)\xe8\xbe\xb4U\xbdNA\x8d\
\xe7\xbf\x07@!\x99\x1b\x94n\xa8\x1e\x04\xfa\x80\x02\xd7\
\xc8\xd2\xfc\x16\xf9\xa3\xf6\xef\x81h\xfc\xbd\x85mGg\
\xa7\x22\xe1N\x83\x1b\x04\x86@\xea\xcbc\xf1F\x80,\
\x81\x97\xd8]8\x85\xb8\xe3\x00.\xf2\xe4\x14\xbe\xf9\x8a\
lu\x8c\xf9\xb1\xa2-\xfe\xd8Y\xab\xe6$\xca\x8b\x99\
\xd6\xc8\xf6\x05{\xbe+5\x00\x02\xa7\xbd\x0a\x16\xe7g\
P\x91\xc3\xde\x9a\xdc\x0d%m\x85\x9e\x16u\x97\x02\xc7\
\x80\xf9b\xe4\xc0\xa2\xbd\xdd\xb3R\x91p'\x90\x00f\
\xf9\x1c\xf3\xbc\x01PW\x8f\x02\x88\xc8\x7f\x92\x00\x18\xc3\
\x1f\xde\xeb\xec|_2Rs|\xdeE\xa9E\xe8\x01\
\xe6\x8f\x8f\x16o\xf1\x5c\x9fd\x1e\xb2\xca\x00\xcc\xbbl\
\xbe\x07\xfe\x02\x1e\xae\x8c\xda\x81l\x82\xf2\xd8\xb7\xf7\xaa\
\xa3\x1d\x99\xea\xb4{\x8a\x16a\xb7\x84&\x04\xdd\x92\xa9\
V\xd7e\x84\xea1\xcf\xbd\xd8d\x17\x01\xfb\x01\x5cQ\
kR\xbd\x16\xee\x07\x16\x01\xa7\x8a\x8b\xc6\xb7NE\x00\
\x90l\xac\xeeS\xa4K\x91\xd3\xde\xf7\x05\xe0k\xa0W\
\xb2\x93\x1c\xd8m?\xa2.?\x01CEEc\x0f\x9d\
z\xe9\xa9\xab\x81\x98}P\x95g\x81\xafRV\xf8\xb9\
\xe9\x08n\x86\xec)\x22\xf9J\xf8g\xa0\x1b(\x1d\x1b\
-j\x01p\x5c_3p\x0dX\x13\x88\xc57\xde\x15\
\x01\x80+\xb2\x19\x98@\xb0*b=\x8f\x0eD\x82\xe7\
Qm\x04TUv\xf9c\xf6\x9a\xdb%\x90\xfc\xcb\xce\
\x1fM|\x08\xfa\x1a\xe8\x99\x7f|\xd7\x97\x5chx\xe6\
\xba\xbf=\xf1&\xa2\xdb\x01G\x90W\x93V\xa8m\xd1\
\xde\xeeYc\xe3\x85;QY\x01\x5c\x12\xf4\x1bW\x89\
\x17\xa8\xf6\xe7N\xfc\x0d\x04e\x9f%J\x0aF\xdc>\
Q\xa9B\xe5@z\xee\xa5:\xad\xabs<\x92\xb7\x01\
\x01:\x01?\x99\x03\x90\x0fG\x90Nwb\xf8\xe5t\
\xf3\xcak&\xdf{nCh\xc4\x18\xb3\x16\xb8\x8a\xe8\
*\xff\xe59\xbb\xa5\xa3\xc3\x97\x8a\x84\xde\x01\xd6\x93\xd9\
\x93\xd5^\xf2S\x8e\xf1\xf9\x15B ;\xbcy\x18U\
\xb4\xce\x14\x94|0e\x05YT\xc6\xec'\x5c\xe5\x08\
0\x03\xe8\x1c\x1e)Y\x7f~\xd3\xe3\xc3\xe5\xed=\x0f\
\x18\xdc\x8fD\x98\xe9\xc8X\xfd@\xe3\x8a\x8b\xb9q\xe5\
\xed\x89r#\x9a\x06\xae\xa4\xac\xf0\x9ci\x09\x00\xfcm\
\xf62\x0c\x87\x809(g\xd5\xf8\xd6\xa5\x1b\x83'\xa6\
\x0d\xc8\xc6Em\x05HYa\xb9\xa1E\xb9H5\x85\
\x7f@}A\xe0W\x84JQ\xa7\xb7\x22j\xef,\xdb\
\x95\x98y+\x92,nJ\x00\x90\x8a\x04\xcf\x0c\x8f\x94\
,Q\x95V\xc0'\xf0za\xb1\x0e\xfa\xa3\xf6\xfb\x95\
\xad=e\xb7\x8a\xbfi\x8b\xf2\xe1M\xfb\x0e\xa0\xd63\
)\xc2\x09\xd0.\x81~\xc75\xbf\xf8\x8c[\xa5*\x9d\
\xc0o)+\x5cv[\x04Y\x94G\xed\xc5Ft#\
*ux?\xab\x1b\x94\xc3\x1bI+\xfc\xee\x1d\x11d\
Q\xf1qW1\xbe\xe2\xe5b\xa4FU\xaa\x04\x0d\x00\
\x7f\x0b|\x9e\xba\xd8\xb3K[Z\xdc\xbb\x22\xf8?\xf8\
\x17\xba\xeb\xb2\xce2\xa5M%\x00\x00\x00\x00IEN\
D\xaeB`\x82\
\x00\x00\x03%\
\x89\
PNG\x0d\x0a\x1a\x0a\x00\x00\x00\x0dIHDR\x00\
\x00\x00\x18\x00\x00\x00\x18\x08\x06\x00\x00\x00\xe0w=\xf8\
\x00\x00\x00\x09pHYs\x00\x00\x0e\xc3\x00\x00\x0e\xc3\
\x01\xc7o\xa8d\x00\x00\x00\x19tEXtSof\
tware\x00www.inksca\
pe.org\x9b\xee<\x1a\x00\x00\x02\xb2ID\
ATH\x89\xb5\x96KlLQ\x18\xc7\x7f\xdf\xb93\
\xad[\x22\x12\x8fR\x86dL\x99`\xd1\xc1B\x22\x9a\
i\xc4#\x91\x92PD*a\xe5m!\xb1\xb0a\x85\
\xa5Z\xb4AbAD\x1b\xa9\x0d6\xa2iKR*\
%JB\xa3\x9dFC\x897\xf1\x1e\x9d\xb9\xf7\xb3\xe8\
\xb4Q\xe6N\xcdD\xbf\xcd=\xf7\x9e{~\xbf\xef\x7f\
\xee\xe2\x5cQUF\xb2\xcc\x88\xd2\x01\xdfp/\x84\xab\
\x1b\x8a\xd4\xe7\xdf\xa4\xe8j \x882Y\xe0\x8bB\xa7\
\x8a\x5c5\xea\x9c\xeb\xdc\xb9\xf4\x89\xd7z\xf1\xda\xa2@\
U\xab]`\xc7\x8f\xa8\xb2\x07\xf0g\xe8!\xa1*\xa7\
\x0a\xbe\xf7\x1dx\xb0\x7f\xf9\xb7?'\xd3nQ\xe8\xe4\
\xb5I\xb6\x1doQe\x1f`\x04\xa9WX\xa3I\x09\
\xc4&\xbc\xf3\x89%\x13Uu\x05p\x16\x10\x11\xdd\xf3\
c\xb4\xbf%\x5c\xddP4l\x82@U\xabm\x8f\x8a\
\xdf\x02J\x14\xbaDec\xd7\xae\xe8}\xaf\xf6\x8bk\
\x9a\xe7\x8ap\x11!\x0c\xda\x9e\xa7\xa6\xf4\xe1\xae\xe8W\
\xcf\x04\xf6\xa8\x9fG\x81\x12\x94\xc7\xc6\x92\xc5\x99\xe0\x00\
\xb1\xdde\x8f\xf2\xf2\xfb\x16\x03\x9d \x91>\xe3\x1e\xf6\
L\x10\xaci\x9a\xe13\xd2\x05XbX\xd0\xb9\xbd\xec\
A&\xf8\xef\x15:y}\x9eQm\x07Tp\xc3\x03\
\x1f~H\x02\xcb\xc8\x16 O\xd0\xbal\xe0\x00\xdd;\
\xa2\x0f\x81\xf3\x80\xdf\xc5l\x1ex>D \xb0,5\
\xac\xcd\x06>P\xaaZ\x0b *+\xd3\x0a\x809\x00\
n\xd2\x7f7\x17\x01\x8e\xbf\x9d~\xc3l/\xc1\x18\x80\
\xfc\xc9\xaf>\xe5\xc2\x9f\xf6\xc1\xf9\x98\x1a\x8e\xf5\x12\xbc\
\x06\x88\xbf-,\xccE\xf0t\x82;\x15@\xe1Ez\
\x81\xd0\x03 \xe2Dr\x11XHI?\xa6\x9f\xf3\x97\
@\x90\xcb\x00F\xa9\xccE`\x8cT\xa6\x04W\xd2\x0a\
\x1c\xd7\xb9\x07\xa0\xc2\xacl\xe1\xa1\x13\xcd\x0b\x14]\x0b\
$,\xcbW\x97V`\x19S\x0e\xa0\xd0\x94\x0d<x\
\xba\xb1\xd0\xc0\x05\xc0\x02\x8ewl[\xf2\xf2/\x81\x80\
\xa8R\x91\xba\xab\xffWxqM\xd3|_\xc2\xdc\x04\
f\x02m\x09[\x0e\xfd>?x\x1e\x84N5.\x02\
\x13\x00\x9eu\xbf\xb9\xd1V|\x82E\xa0\xeb\x05-\x13\
\x95\x98\xab\xd4\xaaX\xf7\xc6\xf9F\xbfz\x9f\xfc2\xde\
oX\x88\xba\x95bd}\x7f\xe7rG,V\xf5l\
\x8d\xc6\xd3\x0apM\xc5`W\x93J{@\xa7\x0fd\
S!\x22\xc2\x06\xc1\xe1\xb3\xf3\x19\xbf\x00\x9a\xca\x0d?\
A\xaa\x126\x07\xff\x84\x0f\x15\xc0\xba\xd45\x05\xa6W\
\x84\x8b\x8e\xeb^\xb1\xc4D\x14\xca\x81 0\x05\xf8\x84\
\xd0\x81j\x83&\xcd\x99\xd8\xde\xe8s\xaf-\x1c\x14\x08\
\xf4\x02\x8e\x08\x97\x5cq\xeb\xbb\xb7/\xbd\xad\xa9>\x81\
f\xe0\x98\x17$Sy\x1e\x99\xff\xabF\xfc\xaf\xe2\x17\
\xbf\x87\xf5R\xc5\xba\xda\xf9\x00\x00\x00\x00IEND\
\xaeB`\x82\
\x00\x00\x02\x13\
\x89\
PNG\x0d\x0a\x1a\x0a\x00\x00\x00\x0dIHDR\x00\
\x00\x00\x18\x00\x00\x00\x18\x08\x06\x00\x00\x00\xe0w=\xf8\
\x00\x00\x00\x09pHYs\x00\x00\x0e\xc3\x00\x00\x0e\xc3\
\x01\xc7o\xa8d\x00\x00\x00\x19tEXtSof\
tware\x00www.inksca\
pe.org\x9b\xee<\x1a\x00\x00\x01\xa0ID\
ATH\x89\xd5\x94\xbdn\x13Q\x10\x85\xbfY\xb1\xb1\
\x11X\xc2\x8f@\xe1\xe5\x01\x08T\xc8\xf2&\xef\xe1\xce\
\xc5\x8a\x82TT\xb6\xec\xb8@\xe0\x14\xb1\x22\xf9G\xf2\
[\xd0c[\x81\x8a\x9f\x07\xb0)\x22\x9e\x00\x1a\x177\
+\xedP\xb0\x91\x9c\xb5s\xaf\x13'\x8a8\xd5Js\
\xe7\x9c\x99s\xef\x1eQU\xee\x12\xde\x9d\xb2\x03\x0f6\
9T\x1aN+\xa2\xda\x04^\x00\x08\xf25A\xbb?\
\xa3\xf0\xa3\xabW\x5c\x16\x05\x83q\x1d\xe4\x905\xdb\x0a\
\xb4gQ\xd8\xb4\xf5[-*\x0d\xa7\x95\x94<\x06\xde\
\xc6F\x8a\xb1\x91\x22\xc2\x1b\xc0(\xd4\x83\xde\xb8l\xe3\
\xb0Z$\xaa\xadt\x88\xc6<\x0a\x8f\x96J'\xa5\xc1\
\xf4\xa1\xa0\xef\xc5\xf3Z\xc0\xde\x8d6\x00\x9e\x03\xc4F\
F\xd9Bn\xc7\x8c\x00\x14\xdd\xb5\x11\xb8\x046y\xc3\
\xd63.\x81\x1f\x00~^\xab\xd9\x829\xcf\xd5R\xf6\
\xef6\x02\xeb\x1d(\x1c\x0bTP:A\x7f\x927\xe2\
\x8f\x0a;\x0b1\xe7\xb9\x9a\xa0m \xf1HZ6\x0e\
\xe73}6\x98\x1c*\xd4Y\xdd6\x11h\xcc\xa2\xf0\
\xddV\x02\x00Ao\x5cVO\x9a\x02/\x01U\xf8\xe6\
\x91\xb4f\xd1\xfegW\xefF\x02\xdb\xe0~\xb2(\x93\
=\x8f\x1c\x1c\x0b[6\xadXd\xcb\x1e\x17\xd6e\xd3\
%\x81t\xf2O\xfc\xcb\x9eFldtvP\xf9c\
#}\xda\x9d>\xf1\xf3ZE\xe9\x00>\x89\x86\xf3\xd7\
{\xa7\x17\xf5K\x16Y\xb2\xe7J\xa4\x03\x9c\x04\xfdI\
\x1e\xe1C6\x9b\xb26\x5c\x99=.\x18\xf1\xd7fS\
V\xe0\xf1\xd2T\xd7\xc2\xaf\xe8\xd5\xef\xf4\xb3`\x13\xb8\
ud\x9f\xe9\x97-\xf9V\xfa\xff\xff?\xf9/N}\
\xa6\xcf\xf4\x88<\x06\x00\x00\x00\x00IEND\xaeB\
`\x82\
\x00\x00\x025\
\x89\
PNG\x0d\x0a\x1a\x0a\x00\x00\x00\x0dIHDR\x00\
\x00\x00\x18\x00\x00\x00\x17\x08\x06\x00\x00\x00\x11!\x8f-\
\x00\x00\x00\x09pHYs\x00\x00\x0e\xc3\x00\x00\x0e\xc3\
\x01\xc7o\xa8d\x00\x00\x00\x19tEXtSof\
tware\x00www.inksca\
pe.org\x9b\xee<\x1a\x00\x00\x01\xc2ID\
ATH\x89\xad\x94AKTQ\x14\xc7\x7f\xe7\xcd\x0b\
-A\x08\xd2\x8d\x92Q\xcc\xb4\xac\xa9V\x96\x8b\x11\xb1\
(p\x13~\x85\x89\xa9\x0f\xe1\x87\x88z\xcc|\x88\x22\
\x08T\x08_\xa4\x08\x82\xe3\x14\xb4\xd1P\x8a\xda4\xe5\
\xc2\x8d\xd04\xf3\xfe-F\xc3\xf0\xce4\xef\xcd;\x9b\
{9\x1c\xce\xef\xfe\xef\xff\xdck\xd9\xe7+\xab\xc0\x1d\
N\x84\xc1\xfav\xa9p\x9b\x14\xc2s%\x05\x93\x97\x9f\
\xadL\xa4\x01\xf0wJ\x85\xa9\x93\x89\x5c\x10.\x01w\
\xcfd\xb8\x01|\xe9\x17pZ\x81i\x13@p\xb3\xdf\
\xe6N\x80A\x15\x00\xd9\xad4\x00&\xe9\x9f\xc4\x95\xca\
\x9b\x8b\x99V\xa6\xef\xab9\x8a\xb5S\x00\x80\x5c\x10\xd6\
\x81\x91\x14\x00?|W\xd6\xa0*\xb8\x87x\xb8\xf3\xb8\
\xf0\x22n\xd7l\x10\xce\x19\xbc\x02j\xee15U\xdb\
kB\xa3\xcd\xf2\xed\x83\xca\x0d86\xda\x12N\x92\x87\
\xf2\xedF\xde{'\xa0\xe9E\xd5\xa3m\x22@$\xae\
\x03\x98Ts\x9a\x0c\x90\x0b\xc2\xef\xc0h3\xd2\xa5\xbd\
'\xd3=O\xd5D\xb0v~\x80\xdf\xfb\xc0\xe1\xa7\xfa\
\xbba\xa7\x02\x00\x83-\x00\xdf,\x96\x8a\xb3\xd6\xc8\x03\
f\xf0A\x0b\x0bQG@R\xa3\x85\x97\x07\x88\xa0\x06\
\x1d>;\x00El\x00\x18<\xc8>]\x1c\xee\xa5\xf9\
X\xe5\xf59\xa19\x00\x93m\x028\xdf\x01\xc0\xc0\xc8\
\xfer\xe3\xe7\x85\xcf\xc05\xf3\x07\x0frA\xf8_\xc0\
\x10C\xc7\xdbz\xcbo\xbe\xec\xaa\xe0\xe3\xfc|\xa3\xe5\
ef\x81e\xe0\xb0\x17\x05\xc0/\xe0\xady\xcc\xee\x16\
g\x0e\xc0\xf1\x17\xa5\x1d\x1d\x15\xa4\x15\x1d=\x00\xb8Z\
\x0e\xef+\xa2\x82!\x93\x8a\xdb\xa5\xe9\xc5\xb8\xb5]\x15\
H\x94\x811\xc4\xb8\xb0r\x92\xda8W\x14\xc7\xac\xbf\
\xb5]\x01&\x151\xbe\x01_#\xd9\xa3$\xb5\x7f\x00\
\xe3\x96\xa8\xc0\xb5\x94\x13Q\x00\x00\x00\x00IEND\
\xaeB`\x82\
\x00\x00\x00\xc6\
\x89\
PNG\x0d\x0a\x1a\x0a\x00\x00\x00\x0dIHDR\x00\
\x00\x00\x14\x00\x00\x00\x0e\x08\x06\x00\x00\x00/\xc4<\xf0\
\x00\x00\x00\x09pHYs\x00\x00\x0e\xc3\x00\x00\x0e\xc3\
\x01\xc7o\xa8d\x00\x00\x00\x19tEXtSof\
tware\x00www.inksca\
pe.org\x9b\xee<\x1a\x00\x00\x00SID\
AT8\x8d\xed\xd3\xc1\x11@P\x14C\xd1\x9b7\x96\
\xb4A\x1d\x9a\xa4\x13Kl\xb4\xf5\xa3\x08\xb10#\x05\
\x9c\xcd\x9dh\x5c\x8e\xddx&0\xc3U\x96[\x02\x03\
\x10j\xb2\x9d\xf2\x00\xa8\xa8\xf6\x09\xb0\x9b\xd63V\x19\
\xb3\x95\xa1\x8f`\x00\xd2\xf0W~\xbeh\xe5W\xbe|\
\x03\x08\xdd!\xd7\x14m\xe7\x1c\x00\x00\x00\x00IEN\
D\xaeB`\x82\
\x00\x00\x025\
\x89\
PNG\x0d\x0a\x1a\x0a\x00\x00\x00\x0dIHDR\x00\
\x00\x00\x14\x00\x00\x00\x16\x08\x06\x00\x00\x00\xc0A\xbc\x06\
\x00\x00\x00\x09pHYs\x00\x00\x0e\xc3\x00\x00\x0e\xc3\
\x01\xc7o\xa8d\x00\x00\x00\x19tEXtSof\
tware\x00www.inksca\
pe.org\x9b\xee<\x1a\x00\x00\x01\xc2ID\
AT8\x8d\xed\x94\xbfkSQ\x14\xc7?\xe7\xbdg\
'\xc9b\xdb\xa1\x0eNy\x098t\xb0\xe2\xa0\x85<\
\xf4?\x08\xd8\x0e\x0e\xe2\x10\x1bW\x85\x22h\xd5\xa9:\
8\x05\xf3\x22\x82C\x87\xd2Z\x05g\xb1\xb9\xc1(h\
\xe9,1\xba\x9aBK\x17\xc7\x1a\xefq\xc8\x0fB\xec\
\xbb\x95L\x0e~\xb7\xcb\xf7\x9c\x0f\xe7\x1c\xce\xb9\xa2\xaa\
\xb8\x94\x8dM\xc6\xc2:\x80\x07s\x8db\xf4\xc5\x15\xef\
\xb9\xcc\xb0b\xf2\x16\xb6\x80i`\xda\xc2VX1y\
W\x8e\x1cVa\xf4\xa0\x16|\x9fd\x19\xf4& \xa0\
k\xdd\xf0y@A\x1e\x9f\xdc\xe5\xb6\xb9\x97k\x1f\x09\
L\x97\xea\x13\x12\xb4W\x81K@[\x91;_\x8b\xb9\
G\x00\x99\xd8\x14\x14J\xc0\x18H=\xf0\xfd\xb9\xcf\x85\
\xd9\x9dD`\xb6b\xce[\xe5\x050\x05\xb4<\xe1r\
c!\xfa0\x98\x90}Z\x9b\xf9e\xf5\xa5\xc0)`\
\xd7\xaa\x9d\xffv\xe3\xa2\xe9\xf9\xfd\x19fbS\xb0J\
\x15\x98Bx\x17\xf8\xc1\xcc0\x0c\xa0q=\xb7M;\
8\x0b\xbc\x05&=\xf1\xde\xa4\xe3\xdab\xbf\xc2\xd3O\
\xcc\xf1\x03\xb1\xcf\xfa\xf3QJ\xa9 uk\xbbp\xe6\
\xe7\x1f\xc3\x1dlmc\xc3\x0f\xf7N\xdcU\x91%@\
\x14}m}{U\xd2\xe5\xeaG\xe0\x1c\xf0\x03\xe1Z\
s!z\xe5\x02\x0d+\xac\x98<\xcas \x05|\x92\
t\xb9\xaa\xdd\xde\xb3G\xedX\x92\xba\xbb\xda\xe8r:\
\x1a\x156\x9c\x1b$\x05\x85\xb1\xa9\x03\x17\x12\xec\xf7\xcd\
b4{\x98\xe1\xba\x94$\x98\xd3K\xac\xb0\xa7f1\
\x92\xc1w\x18\x1b\xe7\xf1;oy\x14\xfd\x07\xfe\xa3\xc0\
\x1d\xe8|]\xa3B2\xf1fo\xc9[\x12\x967\x1f\
*\xb2\xe8\xcc\xf8K),\x07\xc7\xc6\xf7\x97\x0e\xf6\xc7\
\x05\xe5\x0a\x9d\x8fu\x14\xb5Deelb\xef\xfeo\
Z\xdb\x9f^M\x1dX\x94\x00\x00\x00\x00IEND\
\xaeB`\x82\
\x00\x00\x01F\
\x89\
PNG\x0d\x0a\x1a\x0a\x00\x00\x00\x0dIHDR\x00\
\x00\x00\x18\x00\x00\x00\x18\x08\x06\x00\x00\x00\xe0w=\xf8\
\x00\x00\x00\x09pHYs\x00\x00\x0e\xc3\x00\x00\x0e\xc3\
\x01\xc7o\xa8d\x00\x00\x00\x19tEXtSof\
tware\x00www.inksca\
pe.org\x9b\xee<\x1a\x00\x00\x00\xd3ID\
ATH\x89\xed\x951\x0e\x82@\x10E\xff\x90E\xe9\
\x89\x05\xf4\xa8w\xc0\x06\xcf\x81\xbd\xdaK\xa7\x166Z\
\x9b\x88=\x87\xb0\x13\x0b\xf5\x0c\xc6XC\xc3\x01LH\
\x18\x0b \xb1\xb3Y\x88\x1a~\xf5\xab\xf7ggvg\
\x89\x99Q\xa5\x94J\xe9u\x04\x08k{h\x93\xd0V\
\x00\x5c\x00\x86$n\x0cB\xd0\xd2\x93\xb9(\xe03I\
\xe0R\x06\x18^\x9a\xe8,\x90W\x8e\x8c\xd9~L\x87\
W\x19\xf4\xfe>\xb43\xc6\x99A#\x05E[d\xc1\
\x01\xe06v.\x855\xff\xe0\x16\x95\xa6\xeb\x87\x95\xbc\
\xb8\xfaNp\x9f8$\x13\x5cv\xe4\xf7\x87\xdc\x04|\
G@\x0c\xe4\x0bJ\x16\xb4\xb7;\x0d\x0a\x1b\x91\xe5\x1f\
7`x\xb2\xe0\xef\x22\xa6\xb5\xe0\xf4\xb9 U\x03\x18\
.\x00S\x12;\x22p\xa0v\x92%5\x9f\xfe'\xbd\
\x00Z\xe3;\x85\xc1R4\xd5\x00\x00\x00\x00IEN\
D\xaeB`\x82\
"

qt_resource_name = b"\
\x00\x09\
\x0b\x9fx3\
\x00b\
\x00l\x00u\x00e\x00I\x00c\x00o\x00n\x00s\
\x00\x0a\
\x09\xf2\xc2\xb3\
\x00b\
\x00l\x00a\x00c\x00k\x00I\x00c\x00o\x00n\x00s\
\x00\x06\
\x07\x03}\xc3\
\x00i\
\x00m\x00a\x00g\x00e\x00s\
\x00\x07\
\x08\xa9\xc9s\
\x00a\
\x00s\x00s\x00e\x00r\x00t\x00s\
\x00\x08\
\x05\xe2Y'\
\x00l\
\x00o\x00g\x00o\x00.\x00p\x00n\x00g\
\x00\x05\
\x00o\xa6S\
\x00i\
\x00c\x00o\x00n\x00s\
\x00\x05\
\x00i'\x9b\
\x00b\
\x00l\x00a\x00c\x00k\
\x00\x0d\
\x09\x9d%'\
\x00b\
\x00a\x00r\x00-\x00c\x00h\x00a\x00r\x00t\x00.\x00p\x00n\x00g\
\x00\x0f\
\x0f\x22d\xc7\
\x00a\
\x00r\x00r\x00o\x00w\x00-\x00r\x00i\x00g\x00h\x00t\x00.\x00p\x00n\x00g\
\x00\x0c\
\x0b\xdf!G\
\x00s\
\x00e\x00t\x00t\x00i\x00n\x00g\x00s\x00.\x00p\x00n\x00g\
\x00\x08\
\x0f\xccX\xe7\
\x00w\
\x00i\x00f\x00i\x00.\x00p\x00n\x00g\
\x00\x04\
\x00\x06\x93\xb5\
\x00b\
\x00l\x00u\x00e\
\x00\x0b\
\x06!\xe3\xc7\
\x00l\
\x00o\x00g\x00-\x00o\x00u\x00t\x00.\x00p\x00n\x00g\
\x00\x0a\
\x08\x94`G\
\x00s\
\x00e\x00a\x00r\x00c\x00h\x00.\x00p\x00n\x00g\
\x00\x0c\
\x0b\xd5`g\
\x00f\
\x00a\x00c\x00e\x00b\x00o\x00o\x00k\x00.\x00p\x00n\x00g\
\x00\x0f\
\x024f\x07\
\x00a\
\x00l\x00i\x00g\x00n\x00-\x00r\x00i\x00g\x00h\x00t\x00.\x00p\x00n\x00g\
\x00\x0e\
\x0a\xe6M\xc7\
\x00p\
\x00h\x00o\x00n\x00e\x00-\x00c\x00a\x00l\x00l\x00.\x00p\x00n\x00g\
\x00\x12\
\x00U\xb3\xa7\
\x00m\
\x00e\x00s\x00s\x00a\x00g\x00e\x00-\x00c\x00i\x00r\x00c\x00l\x00e\x00.\x00p\x00n\
\x00g\
\x00\x08\
\x09\xc5X\xc7\
\x00u\
\x00s\x00e\x00r\x00.\x00p\x00n\x00g\
\x00\x11\
\x04\xf8I\xa7\
\x00s\
\x00h\x00o\x00p\x00p\x00i\x00n\x00g\x00-\x00c\x00a\x00r\x00t\x00.\x00p\x00n\x00g\
\
\x00\x08\
\x0cXY'\
\x00m\
\x00e\x00n\x00u\x00.\x00p\x00n\x00g\
\x00\x08\
\x068Z\xa7\
\x00h\
\x00o\x00m\x00e\x00.\x00p\x00n\x00g\
\x00\x0f\
\x0f\xe6\x1aG\
\x00c\
\x00r\x00e\x00d\x00i\x00t\x00-\x00c\x00a\x00r\x00d\x00.\x00p\x00n\x00g\
"

qt_resource_struct = b"\
\x00\x00\x00\x00\x00\x02\x00\x00\x00\x03\x00\x00\x00\x01\
\x00\x00\x00\x00\x00\x00\x00\x00\
\x00\x00\x002\x00\x02\x00\x00\x00\x01\x00\x00\x00\x1a\
\x00\x00\x00\x00\x00\x00\x00\x00\
\x00\x00\x00\x18\x00\x02\x00\x00\x00\x01\x00\x00\x00\x13\
\x00\x00\x00\x00\x00\x00\x00\x00\
\x00\x00\x00\x00\x00\x02\x00\x00\x00\x01\x00\x00\x00\x04\
\x00\x00\x00\x00\x00\x00\x00\x00\
\x00\x00\x00D\x00\x02\x00\x00\x00\x01\x00\x00\x00\x05\
\x00\x00\x00\x00\x00\x00\x00\x00\
\x00\x00\x00n\x00\x02\x00\x00\x00\x01\x00\x00\x00\x06\
\x00\x00\x00\x00\x00\x00\x00\x00\
\x00\x00\x01\x06\x00\x02\x00\x00\x00\x0c\x00\x00\x00\x07\
\x00\x00\x00\x00\x00\x00\x00\x00\
\x00\x00\x01\xae\x00\x00\x00\x00\x00\x01\x00\x01dY\
\x00\x00\x01\x99b\xd9\xa9\x14\
\x00\x00\x01h\x00\x00\x00\x00\x00\x01\x00\x01_+\
\x00\x00\x01\x99b\xc4l\x9c\
\x00\x00\x01\xee\x00\x00\x00\x00\x00\x01\x00\x01i\x99\
\x00\x00\x01\x99b\xdc\x1e\x07\
\x00\x00\x01\x14\x00\x00\x00\x00\x00\x01\x00\x01WR\
\x00\x00\x01\x99c,\xaeb\
\x00\x00\x02,\x00\x00\x00\x00\x00\x01\x00\x01l\x9c\
\x00\x00\x01\x99b\xf59\xd1\
\x00\x00\x010\x00\x00\x00\x00\x00\x01\x00\x01X\xfc\
\x00\x00\x01\x99b\xc4l\x9d\
\x00\x00\x01\xd8\x00\x00\x00\x00\x00\x01\x00\x01g\x82\
\x00\x00\x01\x99b\xc4l\x9d\
\x00\x00\x01\x8c\x00\x00\x00\x00\x00\x01\x00\x01_\xef\
\x00\x00\x01\x99b\xda\x9f`\
\x00\x00\x01J\x00\x00\x00\x00\x00\x01\x00\x01]j\
\x00\x00\x01\x99b\xd7=\x8b\
\x00\x00\x02\x16\x00\x00\x00\x00\x00\x01\x00\x01k\xd2\
\x00\x00\x01\x99b\xc4l\x9d\
\x00\x00\x00\xae\x00\x00\x00\x00\x00\x01\x00\x01[\xf3\
\x00\x00\x01\x99b\xc4l\x9d\
\x00\x00\x02B\x00\x00\x00\x00\x00\x01\x00\x01n\xd5\
\x00\x00\x01\x99b\xc4l\x9d\
\x00\x00\x00D\x00\x02\x00\x00\x00\x01\x00\x00\x00\x14\
\x00\x00\x00\x00\x00\x00\x00\x00\
\x00\x00\x00n\x00\x02\x00\x00\x00\x01\x00\x00\x00\x15\
\x00\x00\x00\x00\x00\x00\x00\x00\
\x00\x00\x00~\x00\x02\x00\x00\x00\x04\x00\x00\x00\x16\
\x00\x00\x00\x00\x00\x00\x00\x00\
\x00\x00\x00\x8e\x00\x00\x00\x00\x00\x01\x00\x01P\xa2\
\x00\x00\x01\x99b\xfd'\x01\
\x00\x00\x00\xd2\x00\x00\x00\x00\x00\x01\x00\x01Rv\
\x00\x00\x01\x99b\xff3\xae\
\x00\x00\x00\xae\x00\x00\x00\x00\x00\x01\x00\x01Qz\
\x00\x00\x01\x99c\x16\xb3\x14\
\x00\x00\x00\xf0\x00\x00\x00\x00\x00\x01\x00\x01UO\
\x00\x00\x01\x99c\x04(\xda\
\x00\x00\x00D\x00\x02\x00\x00\x00\x01\x00\x00\x00\x1b\
\x00\x00\x00\x00\x00\x00\x00\x00\
\x00\x00\x002\x00\x02\x00\x00\x00\x01\x00\x00\x00\x1c\
\x00\x00\x00\x00\x00\x00\x00\x00\
\x00\x00\x00X\x00\x00\x00\x00\x00\x01\x00\x00\x00\x00\
\x00\x00\x01\x99b\xce\xdb\x8d\
"

def qInitResources():
    QtCore.qRegisterResourceData(0x03, qt_resource_struct, qt_resource_name, qt_resource_data)

def qCleanupResources():
    QtCore.qUnregisterResourceData(0x03, qt_resource_struct, qt_resource_name, qt_resource_data)

qInitResources()
